
CondaError: Run 'conda init' before 'conda activate'

/pscratch/sd/g/gzhao27/INR/SOMA/coralsoma/inr.py:39: UserWarning: 
The version_base parameter is not specified.
Please specify a compatability version level, or None.
Will assume defaults for version 1.1
  @hydra.main(config_path="../config/", config_name="siren.yaml")
/pscratch/sd/g/gzhao27/conda/coral/lib/python3.9/site-packages/hydra/_internal/hydra.py:119: UserWarning: Future Hydra versions will no longer change working directory at job runtime by default.
See https://hydra.cc/docs/1.2/upgrades/1.1_to_1.2/changes_to_job_working_dir/ for more information.
  ret = run_job(
/pscratch/sd/g/gzhao27/conda/coral/bin/python
wandb: Currently logged in as: lemon15203 (bnl-lemon). Use `wandb login --relogin` to force relogin
wandb: wandb version 0.19.0 is available!  To upgrade, please run:
wandb:  $ pip install wandb --upgrade
wandb: Tracking run with wandb version 0.17.7
wandb: Run data is saved locally in /pscratch/sd/g/gzhao27/INR/coral/wandb/wandb/run-20241211_061125-60q1u9rm
wandb: Run `wandb offline` to turn off syncing.
wandb: Syncing run SOMA-inr_w020_ld256
wandb: ⭐️ View project at https://wandb.ai/bnl-lemon/w0search
wandb: 🚀 View run at https://wandb.ai/bnl-lemon/w0search/runs/60q1u9rm
/pscratch/sd/g/gzhao27/INR/SOMA/utils/data/unstructure_dataset.py:385: UserWarning: The given NumPy array is not writable, and PyTorch does not support non-writable tensors. This means writing to this tensor will result in undefined behavior. You may want to copy the array to protect its data or make it writable before converting it to a tensor. This type of warning will be suppressed for the rest of this program. (Triggered internally at ../torch/csrc/utils/tensor_numpy.cpp:206.)
  return torch.from_numpy(self.mmap_data[rawidx])
/pscratch/sd/g/gzhao27/conda/coral/lib/python3.9/site-packages/torch/functional.py:513: UserWarning: torch.meshgrid: in an upcoming release, it will be required to pass the indexing argument. (Triggered internally at ../aten/src/ATen/native/TensorShape.cpp:3609.)
  return _VF.meshgrid(tensors, **kwargs)  # type: ignore[attr-defined]
/pscratch/sd/g/gzhao27/conda/coral/lib/python3.9/site-packages/torch/optim/lr_scheduler.py:60: UserWarning: The verbose parameter is deprecated. Please use get_last_lr() to access the learning rate.
  warnings.warn(
run dir given None
id 60q1u9rm
dir /pscratch/sd/g/gzhao27/INR/coral/wandb/wandb/run-20241211_061125-60q1u9rm/files
train 80
val 10
time: 2.42706298828125
train loss
1.0019659638404845
test loss
0.6915919065475464
inf
/pscratch/sd/g/gzhao27/INR/SOMA/2024-12-11SOMA-inr_w020_ld256.pt
time: 1.5594158172607422
train loss
1.0003904223442077
time: 1.5554239749908447
train loss
0.9998722553253174
time: 1.5566084384918213
train loss
0.9992446303367615
time: 1.5557217597961426
train loss
0.9969080984592438
time: 1.5562705993652344
train loss
0.9935130894184112
time: 1.555527925491333
train loss
0.9806502878665924
time: 1.5556561946868896
train loss
0.9596496284008026
time: 1.5563476085662842
train loss
0.9476351082324982
time: 1.5548419952392578
train loss
0.9507412433624267
time: 1.5572288036346436
train loss
0.9431217551231384
test loss
0.6630987763404846
inf
/pscratch/sd/g/gzhao27/INR/SOMA/2024-12-11SOMA-inr_w020_ld256.pt
time: 1.559514045715332
train loss
0.9338839411735534
time: 1.5630848407745361
train loss
0.9299391746520996
time: 1.5587763786315918
train loss
0.917880779504776
time: 1.5626003742218018
train loss
0.9195843517780304
time: 1.5611639022827148
train loss
0.9110722661018371
time: 1.5665686130523682
train loss
0.9056433081626892
time: 1.558455228805542
train loss
0.8993354797363281
time: 1.5578970909118652
train loss
0.892495721578598
time: 1.5561203956604004
train loss
0.8872554540634155
time: 1.5552897453308105
train loss
0.881022846698761
test loss
0.6460058689117432
inf
/pscratch/sd/g/gzhao27/INR/SOMA/2024-12-11SOMA-inr_w020_ld256.pt
time: 1.554689884185791
train loss
0.8778521656990051
time: 1.555427074432373
train loss
0.8758947670459747
time: 1.5495803356170654
train loss
0.8739083349704743
time: 1.544884443283081
train loss
0.8667870104312897
time: 1.544816493988037
train loss
0.8842749774456025
time: 1.5437440872192383
train loss
0.874906188249588
time: 1.544008731842041
train loss
0.8635459899902344
time: 1.543323278427124
train loss
0.8583522856235504
time: 1.5427906513214111
train loss
0.8563060224056244
time: 1.5475037097930908
train loss
0.8519934356212616
test loss
0.6395548343658447
inf
/pscratch/sd/g/gzhao27/INR/SOMA/2024-12-11SOMA-inr_w020_ld256.pt
time: 1.5421323776245117
train loss
0.850869083404541
time: 1.5403046607971191
train loss
0.8435712397098541
time: 1.5420386791229248
train loss
0.8379176259040833
time: 1.541419506072998
train loss
0.8380714476108551
time: 1.5413432121276855
train loss
0.8359878122806549
time: 1.5404024124145508
train loss
0.8287015378475189
time: 1.5410020351409912
train loss
0.8239386320114136
time: 1.5412492752075195
train loss
0.8204459488391876
time: 1.5433075428009033
train loss
0.8230281233787536
time: 1.5591580867767334
train loss
0.8282321214675903
test loss
0.6339753270149231
inf
/pscratch/sd/g/gzhao27/INR/SOMA/2024-12-11SOMA-inr_w020_ld256.pt
time: 1.5542361736297607
train loss
0.838095200061798
time: 1.5423388481140137
train loss
0.8306267082691192
time: 1.541745901107788
train loss
0.8205671012401581
time: 1.54022216796875
train loss
0.8240377485752106
time: 1.5428135395050049
train loss
0.8708796083927155
time: 1.5399212837219238
train loss
0.8551113188266755
time: 1.5402758121490479
train loss
0.854030168056488
time: 1.5442533493041992
train loss
0.8800886511802674
time: 1.5541715621948242
train loss
0.8741037249565125
time: 1.5532824993133545
train loss
0.8755311608314514
test loss
0.658244276046753
inf
time: 1.5508267879486084
train loss
0.8698682963848114
time: 1.540924310684204
train loss
0.9383986234664917
time: 1.5390715599060059
train loss
0.9585057497024536
time: 1.5408024787902832
train loss
0.9231904089450836
time: 1.543977975845337
train loss
0.9165312707424164
time: 1.5491137504577637
train loss
0.9243877768516541
time: 1.550133466720581
train loss
0.925807774066925
time: 1.5484943389892578
train loss
0.9012937486171723
time: 1.5423450469970703
train loss
0.8774698138236999
time: 1.543654441833496
train loss
0.8703486263751984
test loss
0.6457864880561829
inf
time: 1.5434613227844238
train loss
0.8738496959209442
time: 1.544170618057251
train loss
0.8572502911090851
time: 1.54439377784729
train loss
0.8563481509685517
time: 1.5496971607208252
train loss
0.848575496673584
time: 1.5506591796875
train loss
0.8449771046638489
time: 1.541684865951538
train loss
0.8412938058376312
time: 1.5429420471191406
train loss
0.8541451990604401
time: 1.5453057289123535
train loss
0.8736875116825104
time: 1.5459306240081787
train loss
0.8570541322231293
time: 1.5449130535125732
train loss
0.8926466107368469
test loss
0.674580454826355
inf
time: 1.551203727722168
train loss
0.9313996076583863
time: 1.5518012046813965
train loss
1.0029848337173461
time: 1.5612773895263672
train loss
0.947811508178711
time: 1.5514602661132812
train loss
0.9283017337322235
time: 1.542020320892334
train loss
0.9325331330299378
time: 1.5430400371551514
train loss
0.9154934883117676
time: 1.5452427864074707
train loss
0.9260302543640136
time: 1.5388712882995605
train loss
0.9217931509017945
time: 1.5424120426177979
train loss
0.8952718317508698
time: 1.5446081161499023
train loss
0.8942865669727326
test loss
0.6568018317222595
inf
time: 1.5518786907196045
train loss
0.8931993842124939
time: 1.5493574142456055
train loss
0.9114314794540406
time: 1.5528926849365234
train loss
0.9144451141357421
time: 1.554713249206543
train loss
0.9145765483379364
time: 1.5495047569274902
train loss
0.900464004278183
time: 1.5523078441619873
train loss
0.8829949140548706
time: 1.544020652770996
train loss
0.8864591062068939
time: 1.5431907176971436
train loss
0.910509717464447
time: 1.5433690547943115
train loss
0.9065885484218598
time: 1.5434787273406982
train loss
0.9157376766204834
test loss
0.6637108445167541
inf
time: 1.554821491241455
train loss
0.8993021667003631
time: 1.5428612232208252
train loss
0.9139829635620117
time: 1.5431149005889893
train loss
0.9075286030769348
time: 1.5426602363586426
train loss
0.9095338881015778
time: 1.5439848899841309
train loss
0.9302234590053559
time: 1.5416059494018555
train loss
0.9051199793815613
time: 1.5413072109222412
train loss
0.8870137095451355
time: 1.5434348583221436
train loss
0.874250453710556
time: 1.5444257259368896
train loss
0.9001835525035858
time: 1.5436477661132812
train loss
0.9156407833099365
test loss
0.6599886894226075
inf
time: 1.5542540550231934
train loss
0.9260886251926422
time: 1.5421338081359863
train loss
0.912810868024826
time: 1.5479373931884766
train loss
0.902871572971344
time: 1.5454490184783936
train loss
0.8971947491168976
time: 1.5443928241729736
train loss
0.9095848739147187
time: 1.5439040660858154
train loss
0.9325111746788025
time: 1.5475561618804932
train loss
0.9281327724456787
time: 1.5453393459320068
train loss
0.9401444673538208
time: 1.5488836765289307
train loss
0.9184221804141999
time: 1.554241418838501
train loss
0.9097126364707947
test loss
0.6587624430656434
inf
time: 1.557342290878296
train loss
0.9177945971488952
time: 1.5479447841644287
train loss
0.9172959864139557
time: 1.545238733291626
train loss
0.9058768212795257
time: 1.5451531410217285
train loss
0.8963241577148438
time: 1.5450403690338135
train loss
0.8990114629268646
time: 1.5455021858215332
train loss
0.8934923529624939
time: 1.5470759868621826
train loss
0.8885177195072174
time: 1.5456361770629883
train loss
0.8792751669883728
time: 1.5453269481658936
train loss
0.8724346876144409
time: 1.5463166236877441
train loss
0.8681147038936615
test loss
0.6398274302482605
inf
time: 1.5568857192993164
train loss
0.883273184299469
time: 1.5554752349853516
train loss
0.8866291642189026
time: 1.5536410808563232
train loss
0.8748521208763123
time: 1.5564370155334473
train loss
0.8670090436935425
time: 1.5546379089355469
train loss
0.8615797936916352
time: 1.5563387870788574
train loss
0.8578482091426849
time: 1.5557785034179688
train loss
0.8544732928276062
time: 1.5546636581420898
train loss
0.8504205405712127
time: 1.5550715923309326
train loss
0.8481759250164032
time: 1.556225299835205
train loss
0.8536955893039704
test loss
0.6407572150230407
inf
time: 1.554825782775879
train loss
0.8598774135112762
time: 1.5572538375854492
train loss
0.8614316344261169
time: 1.5573062896728516
train loss
0.8530596315860748
time: 1.5556647777557373
train loss
0.855079174041748
time: 1.5488739013671875
train loss
0.8691166639328003
time: 1.5539870262145996
train loss
0.8680280029773713
time: 1.5500471591949463
train loss
0.8559197843074798
time: 1.559523582458496
train loss
0.8469462931156159
time: 1.5587916374206543
train loss
0.8413484156131744
time: 1.5605735778808594
train loss
0.8370067536830902
test loss
0.6305505275726319
inf
/pscratch/sd/g/gzhao27/INR/SOMA/2024-12-11SOMA-inr_w020_ld256.pt
time: 1.5498440265655518
train loss
0.8361154496669769
time: 1.5460097789764404
train loss
0.8431608617305756
time: 1.5466713905334473
train loss
0.8501722037792205
time: 1.5453314781188965
train loss
0.8654968321323395
time: 1.5495786666870117
train loss
0.857621818780899
time: 1.5468270778656006
train loss
0.8491478502750397
time: 1.5451805591583252
train loss
0.8442524969577789
time: 1.5449223518371582
train loss
0.83681600689888
time: 1.5414690971374512
train loss
0.8362235784530639
time: 1.5458626747131348
train loss
0.8361167430877685
test loss
0.6293952345848084
inf
/pscratch/sd/g/gzhao27/INR/SOMA/2024-12-11SOMA-inr_w020_ld256.pt
time: 1.5431041717529297
train loss
0.8398722171783447
time: 1.544318437576294
train loss
0.8606798708438873
time: 1.5432109832763672
train loss
0.8553659677505493
time: 1.5425546169281006
train loss
0.8449394047260285
time: 1.5423877239227295
train loss
0.8394864320755004
time: 1.5404186248779297
train loss
0.8475494146347046
time: 1.5430691242218018
train loss
0.8426098108291626
time: 1.5464727878570557
train loss
0.841249531507492
time: 1.5428645610809326
train loss
0.8372731864452362
time: 1.5433173179626465
train loss
0.830772477388382
test loss
0.628606629371643
inf
/pscratch/sd/g/gzhao27/INR/SOMA/2024-12-11SOMA-inr_w020_ld256.pt
time: 1.5514271259307861
train loss
0.8301419198513031
time: 1.5424683094024658
train loss
0.8297714293003082
time: 1.543750286102295
train loss
0.8310820698738098
time: 1.5424067974090576
train loss
0.841724020242691
time: 1.5429282188415527
train loss
0.8384496390819549
time: 1.5449655055999756
train loss
0.847223162651062
time: 1.544346809387207
train loss
0.8733575522899628
time: 1.5466594696044922
train loss
0.8721251845359802
time: 1.5448293685913086
train loss
0.8537735283374787
time: 1.545743465423584
train loss
0.840837275981903
test loss
0.6308012008666992
inf
time: 1.5533506870269775
train loss
0.8346520185470581
time: 1.5530140399932861
train loss
0.8387035489082336
time: 1.5471985340118408
train loss
0.8369749188423157
time: 1.5445261001586914
train loss
0.8351223230361938
time: 1.5446066856384277
train loss
0.8307782948017121
time: 1.557769775390625
train loss
0.8381033420562745
time: 1.5571019649505615
train loss
0.8302256345748902
time: 1.5559093952178955
train loss
0.8277066051959991
time: 1.555990219116211
train loss
0.825045895576477
time: 1.556204080581665
train loss
0.8376236259937286
test loss
0.6381773471832275
inf
time: 1.5609002113342285
train loss
0.8353473722934723
time: 1.5554089546203613
train loss
0.8377583444118499
time: 1.5544404983520508
train loss
0.8274315059185028
time: 1.542006492614746
train loss
0.8242274105548859
time: 1.5472533702850342
train loss
0.818906158208847
time: 1.5563695430755615
train loss
0.8159365296363831
time: 1.552032709121704
train loss
0.8125915884971618
time: 1.5473575592041016
train loss
0.8137174487113953
time: 1.5453341007232666
train loss
0.8138141572475434
time: 1.5453414916992188
train loss
0.8404933869838714
test loss
0.6310889065265656
inf
time: 1.5519189834594727
train loss
0.856834989786148
time: 1.5425236225128174
train loss
0.8428711891174316
time: 1.5421509742736816
train loss
0.8371002793312072
time: 1.5445702075958252
train loss
0.8399700701236725
time: 1.5431058406829834
train loss
0.8337078273296357
time: 1.5465953350067139
train loss
0.8261751294136047
time: 1.5519700050354004
train loss
0.8161640703678131
time: 1.5564639568328857
train loss
0.8096396207809449
time: 1.559741497039795
train loss
0.8049439489841461
time: 1.551746129989624
train loss
0.8009560286998749
test loss
0.6222105860710144
inf
/pscratch/sd/g/gzhao27/INR/SOMA/2024-12-11SOMA-inr_w020_ld256.pt
time: 1.5495543479919434
train loss
0.7974506616592407
time: 1.5466930866241455
train loss
0.7946828484535218
time: 1.544203519821167
train loss
0.7928436458110809
time: 1.5484397411346436
train loss
0.7940278887748718
time: 1.5478343963623047
train loss
0.7923423886299134
time: 1.545008659362793
train loss
0.7890422761440277
time: 1.5570106506347656
train loss
0.7939686059951783
time: 1.5550572872161865
train loss
0.8009126663208008
time: 1.5577678680419922
train loss
0.8067539215087891
time: 1.5546705722808838
train loss
0.8038189172744751
test loss
0.6262415528297425
inf
time: 1.5562775135040283
train loss
0.7946673035621643
time: 1.5434584617614746
train loss
0.7922869503498078
time: 1.5463879108428955
train loss
0.7872743964195251
time: 1.5454390048980713
train loss
0.7846043229103088
time: 1.5510294437408447
train loss
0.7876522183418274
time: 1.5440328121185303
train loss
0.7844614446163177
time: 1.5422749519348145
train loss
0.7817512929439545
time: 1.5436053276062012
train loss
0.7839233636856079
time: 1.5443825721740723
train loss
0.7981191217899323
time: 1.5439941883087158
train loss
0.7911981284618378
test loss
0.6197711825370789
inf
/pscratch/sd/g/gzhao27/INR/SOMA/2024-12-11SOMA-inr_w020_ld256.pt
time: 1.5558671951293945
train loss
0.7868330419063568
time: 1.5612008571624756
train loss
0.7919618368148804
time: 1.5438487529754639
train loss
0.7954091727733612
time: 1.5424926280975342
train loss
0.8108562052249908
time: 1.543393850326538
train loss
0.8068206071853637
time: 1.5423474311828613
train loss
0.817770254611969
time: 1.5417706966400146
train loss
0.7989834785461426
time: 1.5438241958618164
train loss
0.8097452759742737
time: 1.5446925163269043
train loss
0.8180315613746643
time: 1.5429718494415283
train loss
0.8029981076717376
test loss
0.6274469256401062
inf
time: 1.5429468154907227
train loss
0.8044157862663269
time: 1.5439398288726807
train loss
0.8027378559112549
time: 1.5459935665130615
train loss
0.7894802272319794
time: 1.544614553451538
train loss
0.7845496892929077
time: 1.5439386367797852
train loss
0.7820527374744415
time: 1.5442919731140137
train loss
0.7786366283893585
time: 1.553013801574707
train loss
0.775155884027481
time: 1.5432801246643066
train loss
0.7735846817493439
time: 1.5434060096740723
train loss
0.7713965773582458
time: 1.5523457527160645
train loss
0.7732931852340699
test loss
0.6179041266441345
inf
/pscratch/sd/g/gzhao27/INR/SOMA/2024-12-11SOMA-inr_w020_ld256.pt
time: 1.5525636672973633
train loss
0.7780237078666687
time: 1.550732135772705
train loss
0.781379348039627
time: 1.55491042137146
train loss
0.7832992792129516
time: 1.5516915321350098
train loss
0.78693186044693
time: 1.5511894226074219
train loss
0.7886837005615235
time: 1.5528626441955566
train loss
0.7862909257411956
time: 1.545624017715454
train loss
0.7821577489376068
time: 1.5465471744537354
train loss
0.7745474219322205
time: 1.5439329147338867
train loss
0.769350004196167
time: 1.5440268516540527
train loss
0.7682895421981811
test loss
0.617594039440155
inf
/pscratch/sd/g/gzhao27/INR/SOMA/2024-12-11SOMA-inr_w020_ld256.pt
time: 1.5494699478149414
train loss
0.7678556382656098
time: 1.5417711734771729
train loss
0.7689885556697845
time: 1.5413129329681396
train loss
0.7661401867866516
time: 1.5436100959777832
train loss
0.7643968224525451
time: 1.5401740074157715
train loss
0.7668715238571167
time: 1.541313648223877
train loss
0.766364586353302
time: 1.5452775955200195
train loss
0.7700433552265167
time: 1.546156644821167
train loss
0.7970483958721161
time: 1.5456175804138184
train loss
0.7873637259006501
time: 1.5449507236480713
train loss
0.7838912308216095
test loss
0.6241043329238891
inf
time: 1.556575059890747
train loss
0.7765895426273346
time: 1.5477628707885742
train loss
0.7721009433269501
time: 1.546720027923584
train loss
0.7668400049209595
time: 1.5550143718719482
train loss
0.7639518976211548
time: 1.5481576919555664
train loss
0.7629397809505463
time: 1.5493779182434082
train loss
0.7653125643730163
time: 1.5452733039855957
train loss
0.7639896392822265
time: 1.5461230278015137
train loss
0.7650726974010468
time: 1.5449492931365967
train loss
0.768216997385025
time: 1.5438413619995117
train loss
0.7671852946281433
test loss
0.620020842552185
inf
time: 1.5503549575805664
train loss
0.7700578153133393
time: 1.5454790592193604
train loss
0.7631381869316101
time: 1.5417838096618652
train loss
0.7595347583293914
time: 1.5434274673461914
train loss
0.7579885959625244
time: 1.5463628768920898
train loss
0.7554602563381195
time: 1.5454864501953125
train loss
0.7542698323726654
time: 1.5434329509735107
train loss
0.752736097574234
time: 1.543971300125122
train loss
0.7518576681613922
time: 1.54435396194458
train loss
0.751128089427948
time: 1.542743444442749
train loss
0.7503081142902375
test loss
0.6141175866127014
inf
/pscratch/sd/g/gzhao27/INR/SOMA/2024-12-11SOMA-inr_w020_ld256.pt
time: 1.5480520725250244
train loss
0.7493299782276154
time: 1.5530834197998047
train loss
0.7487169146537781
time: 1.5541789531707764
train loss
0.7490805089473724
time: 1.550699234008789
train loss
0.7480267286300659
time: 1.5448386669158936
train loss
0.7482326209545136
time: 1.555114507675171
train loss
0.7508877158164978
time: 1.5566489696502686
train loss
0.750494408607483
time: 1.5444724559783936
train loss
0.7619908630847931
time: 1.542001485824585
train loss
0.7562518656253815
time: 1.5438683032989502
train loss
0.7571614444255829
test loss
0.6180011034011841
inf
time: 1.5529499053955078
train loss
0.7563303709030151
time: 1.541907548904419
train loss
0.7682398140430451
time: 1.5428123474121094
train loss
0.7642127335071563
time: 1.5411317348480225
train loss
0.7603863477706909
time: 1.543252944946289
train loss
0.7558651149272919
time: 1.5422859191894531
train loss
0.7613713145256042
time: 1.5439634323120117
train loss
0.7589028358459473
time: 1.5408501625061035
train loss
0.7567496478557587
time: 1.5435349941253662
train loss
0.7768059492111206
time: 1.548588752746582
train loss
0.8038306534290314
test loss
0.6431445121765137
inf
time: 1.5420918464660645
train loss
0.80590061545372
time: 1.5431439876556396
train loss
0.8114114999771118
time: 1.5419538021087646
train loss
0.8927782535552978
time: 1.54384446144104
train loss
0.8907665073871612
time: 1.5462615489959717
train loss
0.9346276521682739
time: 1.5443801879882812
train loss
0.9588400363922119
time: 1.5417802333831787
train loss
0.9258781015872956
time: 1.5458111763000488
train loss
0.9272731840610504
time: 1.5478200912475586
train loss
0.917976176738739
time: 1.5556528568267822
train loss
0.9113800644874572
test loss
0.6764477610588073
inf
time: 1.55777907371521
train loss
0.9192882895469665
time: 1.5540661811828613
train loss
0.9106426775455475
time: 1.557689905166626
train loss
0.8953248858451843
time: 1.561215877532959
train loss
0.8778973579406738
time: 1.554539442062378
train loss
0.865066534280777
time: 1.5553693771362305
train loss
0.8679769277572632
time: 1.5562524795532227
train loss
0.8575868248939514
time: 1.5557992458343506
train loss
0.8600998520851135
time: 1.5568032264709473
train loss
0.8493030667304993
time: 1.5564873218536377
train loss
0.8568115293979645
test loss
0.6396878957748413
inf
time: 1.5638618469238281
train loss
0.8433431327342987
time: 1.5530776977539062
train loss
0.8368905782699585
time: 1.5546314716339111
train loss
0.8382205367088318
time: 1.5545012950897217
train loss
0.8323509275913239
time: 1.5533881187438965
train loss
0.8284262478351593
time: 1.552948236465454
train loss
0.8420945107936859
time: 1.5524232387542725
train loss
0.8376358270645141
time: 1.5542237758636475
train loss
0.8343009173870086
time: 1.5434000492095947
train loss
0.8261600434780121
time: 1.548173427581787
train loss
0.817133903503418
test loss
0.629518985748291
inf
time: 1.545560598373413
train loss
0.8224083125591278
time: 1.5452792644500732
train loss
0.814421010017395
time: 1.5422024726867676
train loss
0.809921133518219
time: 1.544752836227417
train loss
0.8072553932666778
time: 1.5436105728149414
train loss
0.810418176651001
time: 1.543456792831421
train loss
0.8299404978752136
time: 1.545625925064087
train loss
0.8188626229763031
time: 1.5520610809326172
train loss
0.8236312925815582
time: 1.5525586605072021
train loss
0.815426379442215
time: 1.5536198616027832
train loss
0.8097430408000946
test loss
0.6262565016746521
inf
time: 1.551239013671875
train loss
0.8009079217910766
time: 1.5563955307006836
train loss
0.7985744416713715
time: 1.5571284294128418
train loss
0.7956967234611512
time: 1.5600016117095947
train loss
0.7960604786872864
time: 1.5447065830230713
train loss
0.7884906589984894
time: 1.544311285018921
train loss
0.784255987405777
time: 1.5458710193634033
train loss
0.780193829536438
time: 1.543929100036621
train loss
0.7871123909950256
time: 1.5434491634368896
train loss
0.7982245624065399
time: 1.5468058586120605
train loss
0.7891021966934204
test loss
0.6233929872512818
inf
time: 1.5518980026245117
train loss
0.7844480514526367
time: 1.5453777313232422
train loss
0.7815589964389801
time: 1.5458159446716309
train loss
0.7814182043075562
time: 1.5433788299560547
train loss
0.7792742729187012
time: 1.5427091121673584
train loss
0.7972016096115112
time: 1.5444061756134033
train loss
0.7939206123352051
time: 1.5451476573944092
train loss
0.795613557100296
time: 1.5402894020080566
train loss
0.7887784838676453
time: 1.5445377826690674
train loss
0.784865140914917
time: 1.5460636615753174
train loss
0.778115200996399
test loss
0.6193474292755127
inf
time: 1.5535800457000732
train loss
0.7743731021881104
time: 1.541295051574707
train loss
0.7713814973831177
time: 1.5412390232086182
train loss
0.7687434911727905
time: 1.5434067249298096
train loss
0.7662342309951782
time: 1.5501999855041504
train loss
0.7647591710090638
time: 1.5447075366973877
train loss
0.7634171783924103
time: 1.5433671474456787
train loss
0.7618088364601135
time: 1.5508484840393066
train loss
0.7609651744365692
time: 1.5446271896362305
train loss
0.7616354048252105
time: 1.544393539428711
train loss
0.760132122039795
test loss
0.6149112462997437
inf
time: 1.5499885082244873
train loss
0.7585227012634277
time: 1.545149564743042
train loss
0.7570169627666473
time: 1.5426793098449707
train loss
0.7558041632175445
time: 1.5445442199707031
train loss
0.7549049615859985
time: 1.5405771732330322
train loss
0.7543940484523773
time: 1.543696403503418
train loss
0.7555058300495148
time: 1.5555543899536133
train loss
0.7544926047325134
time: 1.5498840808868408
train loss
0.7543410003185272
time: 1.5524437427520752
train loss
0.7597796499729157
time: 1.5540449619293213
train loss
0.7730686783790588
test loss
0.6186522483825684
inf
time: 1.5510821342468262
train loss
0.764767986536026
time: 1.5485501289367676
train loss
0.7598317861557007
time: 1.542525291442871
train loss
0.7598508834838867
time: 1.544377326965332
train loss
0.7580755352973938
time: 1.5464160442352295
train loss
0.7557925879955292
time: 1.5438930988311768
train loss
0.7550738155841827
time: 1.5449683666229248
train loss
0.751863318681717
time: 1.5553061962127686
train loss
0.7525711238384247
time: 1.5448381900787354
train loss
0.751178777217865
time: 1.5470147132873535
train loss
0.7508854985237121
test loss
0.613976776599884
inf
/pscratch/sd/g/gzhao27/INR/SOMA/2024-12-11SOMA-inr_w020_ld256.pt
time: 1.5620691776275635
train loss
0.7489066481590271
time: 1.5535736083984375
train loss
0.7492641687393189
time: 1.5567538738250732
train loss
0.7475420892238617
time: 1.5442030429840088
train loss
0.7453076004981994
time: 1.5437037944793701
train loss
0.7442103862762451
time: 1.5450146198272705
train loss
0.7435977458953857
time: 1.5421230792999268
train loss
0.741886419057846
time: 1.5397655963897705
train loss
0.7412369847297668
time: 1.5420551300048828
train loss
0.7404072284698486
time: 1.541280746459961
train loss
0.7401008546352387
test loss
0.6120058059692383
inf
/pscratch/sd/g/gzhao27/INR/SOMA/2024-12-11SOMA-inr_w020_ld256.pt
time: 1.5608317852020264
train loss
0.7398104548454285
time: 1.5532841682434082
train loss
0.7386014819145202
time: 1.5437901020050049
train loss
0.7389808297157288
time: 1.5455491542816162
train loss
0.7394339144229889
time: 1.5417582988739014
train loss
0.7396054148674012
time: 1.5401384830474854
train loss
0.7395396053791046
time: 1.5461452007293701
train loss
0.7381570100784302
time: 1.544649600982666
train loss
0.7389410972595215
time: 1.5541572570800781
train loss
0.7424458026885986
time: 1.5557029247283936
train loss
0.7429666340351104
test loss
0.6129826068878174
inf
time: 1.558203935623169
train loss
0.7387211561203003
time: 1.5456416606903076
train loss
0.7395531475543976
time: 1.5466792583465576
train loss
0.7407654821872711
time: 1.5480425357818604
train loss
0.7477587342262269
time: 1.5645453929901123
train loss
0.7600259244441986
time: 1.556314468383789
train loss
0.7599703729152679
time: 1.555494785308838
train loss
0.7519918143749237
time: 1.5589394569396973
train loss
0.7494919300079346
time: 1.556405782699585
train loss
0.7570130705833436
time: 1.557706356048584
train loss
0.7512634336948395
test loss
0.6233303546905518
inf
time: 1.5523409843444824
train loss
0.7573139905929566
time: 1.5436046123504639
train loss
0.7501948714256287
time: 1.5441038608551025
train loss
0.7486891865730285
time: 1.5433244705200195
train loss
0.7520411074161529
time: 1.5427274703979492
train loss
0.7475550413131714
time: 1.5455896854400635
train loss
0.7461107730865478
time: 1.5401694774627686
train loss
0.7611758351325989
time: 1.5429811477661133
train loss
0.746667891740799
time: 1.5501594543457031
train loss
0.7410926580429077
time: 1.5475285053253174
train loss
0.7365727484226227
test loss
0.6109769701957702
inf
/pscratch/sd/g/gzhao27/INR/SOMA/2024-12-11SOMA-inr_w020_ld256.pt
time: 1.5662822723388672
train loss
0.7335036754608154
time: 1.5545616149902344
train loss
0.7327722132205963
time: 1.5559091567993164
train loss
0.7338161766529083
time: 1.5584568977355957
train loss
0.7337762236595153
time: 1.5459046363830566
train loss
0.7320373058319092
time: 1.5435791015625
train loss
0.7303682208061218
time: 1.5434284210205078
train loss
0.7293652594089508
time: 1.5447094440460205
train loss
0.7285611212253571
time: 1.5435638427734375
train loss
0.7276483654975892
time: 1.5450775623321533
train loss
0.7270419776439667
test loss
0.608723258972168
inf
/pscratch/sd/g/gzhao27/INR/SOMA/2024-12-11SOMA-inr_w020_ld256.pt
time: 1.5679705142974854
train loss
0.7263913869857788
time: 1.5570249557495117
train loss
0.7265969097614289
time: 1.5542051792144775
train loss
0.7270472824573517
time: 1.5556349754333496
train loss
0.7272990345954895
time: 1.550856351852417
train loss
0.7268531739711761
time: 1.5430951118469238
train loss
0.7309359908103943
time: 1.5541436672210693
train loss
0.7594010591506958
time: 1.5440490245819092
train loss
0.7664689123630524
time: 1.542997121810913
train loss
0.7967833995819091
time: 1.550980806350708
train loss
0.8662265062332153
test loss
0.6608760356903076
inf
time: 1.567126750946045
train loss
0.8651564598083497
time: 1.5473101139068604
train loss
0.8382344484329224
time: 1.543858289718628
train loss
0.799017858505249
time: 1.5399320125579834
train loss
0.7886613428592681
time: 1.5423765182495117
train loss
0.7934963226318359
time: 1.5430657863616943
train loss
0.7927926778793335
time: 1.5453262329101562
train loss
0.8245809316635132
time: 1.5421342849731445
train loss
0.8445914626121521
time: 1.5414750576019287
train loss
0.8439059257507324
time: 1.5458571910858154
train loss
0.8090715646743775
test loss
0.6417855978012085
inf
time: 1.554203987121582
train loss
0.8014638662338257
time: 1.5458405017852783
train loss
0.7977298974990845
time: 1.5476999282836914
train loss
0.8198029279708863
time: 1.547750473022461
train loss
0.8247515738010407
time: 1.5461490154266357
train loss
0.8022628962993622
time: 1.5475220680236816
train loss
0.7824279427528381
time: 1.5476040840148926
train loss
0.7689500331878663
time: 1.5443522930145264
train loss
0.7615713655948639
time: 1.5477471351623535
train loss
0.7554697751998901
time: 1.5427634716033936
train loss
0.7525878012180328
test loss
0.6116039991378784
inf
time: 1.539703369140625
train loss
0.7492787122726441
time: 1.543222188949585
train loss
0.747358912229538
time: 1.5449142456054688
train loss
0.745737612247467
time: 1.5408096313476562
train loss
0.7452449679374695
time: 1.5411546230316162
train loss
0.7439209401607514
time: 1.5413577556610107
train loss
0.7419364273548126
time: 1.5423047542572021
train loss
0.7398549258708954
time: 1.5412907600402832
train loss
0.7395742356777191
time: 1.5428245067596436
train loss
0.7389484405517578
time: 1.5445854663848877
train loss
0.7400257587432861
test loss
0.6093403100967407
inf
time: 1.5502996444702148
train loss
0.7378656208515167
time: 1.5421853065490723
train loss
0.7355384051799774
time: 1.541595458984375
train loss
0.7333772301673889
time: 1.5458312034606934
train loss
0.7316781461238862
time: 1.5559029579162598
train loss
0.730809110403061
time: 1.5552995204925537
train loss
0.7300832688808441
time: 1.5538897514343262
train loss
0.7296230614185333
time: 1.5577619075775146
train loss
0.7316612780094147
time: 1.560084581375122
train loss
0.7320255756378173
time: 1.5423872470855713
train loss
0.7308361530303955
test loss
0.6066375613212586
inf
/pscratch/sd/g/gzhao27/INR/SOMA/2024-12-11SOMA-inr_w020_ld256.pt
time: 1.5426619052886963
train loss
0.7294452428817749
time: 1.5444231033325195
train loss
0.7295730113983154
time: 1.541208028793335
train loss
0.7366420149803161
time: 1.5420958995819092
train loss
0.753734827041626
time: 1.5415573120117188
train loss
0.7435220658779145
time: 1.5450384616851807
train loss
0.7393940567970276
time: 1.5410802364349365
train loss
0.7321724772453309
time: 1.5413947105407715
train loss
0.7297691464424133
time: 1.5423595905303955
train loss
0.72947199344635
time: 1.5436339378356934
train loss
0.7296522855758667
test loss
0.6077911615371704
inf
time: 1.5519495010375977
train loss
0.7274330615997314
time: 1.5431578159332275
train loss
0.7245087444782257
time: 1.5434694290161133
train loss
0.7220773279666901
time: 1.5426838397979736
train loss
0.7210825443267822
time: 1.5428094863891602
train loss
0.7200956344604492
time: 1.5379295349121094
train loss
0.7189154863357544
time: 1.540015459060669
train loss
0.7184823036193848
time: 1.5405728816986084
train loss
0.7181597888469696
time: 1.54567551612854
train loss
0.7172070801258087
time: 1.544649600982666
train loss
0.7165469646453857
test loss
0.6032568097114563
inf
/pscratch/sd/g/gzhao27/INR/SOMA/2024-12-11SOMA-inr_w020_ld256.pt
time: 1.5408291816711426
train loss
0.7176369845867157
time: 1.5431866645812988
train loss
0.7186238408088684
time: 1.541853427886963
train loss
0.7187230050563812
time: 1.5425829887390137
train loss
0.717448753118515
time: 1.5428056716918945
train loss
0.715854412317276
time: 1.5428452491760254
train loss
0.715218311548233
time: 1.5517573356628418
train loss
0.714039534330368
time: 1.5572669506072998
train loss
0.715457022190094
time: 1.5512363910675049
train loss
0.71674724817276
time: 1.5420632362365723
train loss
0.7155401289463044
test loss
0.6029769659042359
inf
/pscratch/sd/g/gzhao27/INR/SOMA/2024-12-11SOMA-inr_w020_ld256.pt
time: 1.5499398708343506
train loss
0.7148691892623902
time: 1.5437285900115967
train loss
0.7220564961433411
time: 1.5418190956115723
train loss
0.7335016787052154
time: 1.5407273769378662
train loss
0.7436953961849213
time: 1.5402061939239502
train loss
0.782649141550064
time: 1.541074275970459
train loss
0.7696350991725922
time: 1.5393702983856201
train loss
0.7497512638568878
time: 1.540649175643921
train loss
0.7734304368495941
time: 1.5431311130523682
train loss
0.7613195836544037
time: 1.5410349369049072
train loss
0.7525705099105835
test loss
0.6189695715904235
inf
time: 1.552405834197998
train loss
0.7460899651050568
time: 1.555532455444336
train loss
0.7474733710289001
time: 1.5521199703216553
train loss
0.7340550065040589
time: 1.5438904762268066
train loss
0.726744931936264
time: 1.5415165424346924
train loss
0.7211221516132355
time: 1.5454506874084473
train loss
0.7215107679367065
time: 1.5429258346557617
train loss
0.7198909878730774
time: 1.543487548828125
train loss
0.7169732809066772
time: 1.541074514389038
train loss
0.7149585247039795
time: 1.5418858528137207
train loss
0.71538804769516
test loss
0.6036124229431152
inf
time: 1.5428049564361572
train loss
0.7153448224067688
time: 1.540903091430664
train loss
0.7135678470134735
time: 1.5512795448303223
train loss
0.7116265296936035
time: 1.5484659671783447
train loss
0.7110796630382538
time: 1.5418620109558105
train loss
0.7098486840724945
time: 1.540100336074829
train loss
0.7095639288425446
time: 1.5417251586914062
train loss
0.7093932867050171
time: 1.5423758029937744
train loss
0.7092414855957031
time: 1.5477304458618164
train loss
0.7086568355560303
time: 1.5453691482543945
train loss
0.7078931987285614
test loss
0.6013149380683899
inf
/pscratch/sd/g/gzhao27/INR/SOMA/2024-12-11SOMA-inr_w020_ld256.pt
time: 1.5471863746643066
train loss
0.7072083234786988
time: 1.5418198108673096
train loss
0.7069420397281647
time: 1.5518946647644043
train loss
0.706451827287674
time: 1.5559170246124268
train loss
0.705971646308899
time: 1.5465726852416992
train loss
0.7056743204593658
time: 1.5436923503875732
train loss
0.7064755082130432
time: 1.5426344871520996
train loss
0.7070864021778107
time: 1.544771432876587
train loss
0.7067083477973938
time: 1.5457332134246826
train loss
0.7063259601593017
time: 1.5449817180633545
train loss
0.7106194198131561
test loss
0.6035924434661866
inf
time: 1.5584602355957031
train loss
0.7295002400875091
time: 1.5414953231811523
train loss
0.7333134233951568
time: 1.5439519882202148
train loss
0.7637175798416138
time: 1.543915033340454
train loss
0.8130332291126251
time: 1.5479390621185303
train loss
0.796128636598587
time: 1.5430848598480225
train loss
0.7808957993984222
time: 1.5413053035736084
train loss
0.7604608237743378
time: 1.5441079139709473
train loss
0.7482279300689697
time: 1.5439298152923584
train loss
0.7396886050701141
time: 1.5467493534088135
train loss
0.7348837614059448
test loss
0.6073889255523681
inf
time: 1.5424070358276367
train loss
0.7251632928848266
time: 1.5451970100402832
train loss
0.7205045938491821
time: 1.5512073040008545
train loss
0.7177977800369263
time: 1.5457377433776855
train loss
0.7166437685489655
time: 1.5469141006469727
train loss
0.7148053109645843
time: 1.5457360744476318
train loss
0.7123353600502014
time: 1.5449070930480957
train loss
0.7111897826194763
time: 1.5490458011627197
train loss
0.7102152585983277
time: 1.545400619506836
train loss
0.7090258717536926
time: 1.5456116199493408
train loss
0.7081468880176545
test loss
0.601343286037445
inf
time: 1.556755781173706
train loss
0.7080687522888184
time: 1.545771598815918
train loss
0.707159548997879
time: 1.546717882156372
train loss
0.7065228939056396
time: 1.5439362525939941
train loss
0.7050020039081574
time: 1.5588395595550537
train loss
0.7041563391685486
time: 1.5573110580444336
train loss
0.703784567117691
time: 1.5563898086547852
train loss
0.70334392786026
time: 1.5568420886993408
train loss
0.7036812007427216
time: 1.5591280460357666
train loss
0.7032977044582367
time: 1.5595355033874512
train loss
0.7037856101989746
test loss
0.6012391209602356
inf
/pscratch/sd/g/gzhao27/INR/SOMA/2024-12-11SOMA-inr_w020_ld256.pt
time: 1.5523629188537598
train loss
0.7033210754394531
time: 1.5471737384796143
train loss
0.7034409046173096
time: 1.5476596355438232
train loss
0.7031720221042633
time: 1.5555565357208252
train loss
0.7030246436595917
time: 1.5581145286560059
train loss
0.702983433008194
time: 1.558067798614502
train loss
0.7040396273136139
time: 1.5601871013641357
train loss
0.70748872756958
time: 1.5518386363983154
train loss
0.7093225061893463
time: 1.5584540367126465
train loss
0.7058049976825714
time: 1.5663044452667236
train loss
0.7043803930282593
test loss
0.6014661729335785
inf
time: 1.5604591369628906
train loss
0.7027457416057586
time: 1.5583081245422363
train loss
0.7007027268409729
time: 1.5575807094573975
train loss
0.700470244884491
time: 1.5602259635925293
train loss
0.6998109638690948
time: 1.5574791431427002
train loss
0.6991900622844696
time: 1.557988166809082
train loss
0.6990485310554504
time: 1.5582668781280518
train loss
0.6988592982292176
time: 1.5589509010314941
train loss
0.6985369384288788
time: 1.5624115467071533
train loss
0.698571240901947
time: 1.55918550491333
train loss
0.6995184242725372
test loss
0.6002532720565796
inf
/pscratch/sd/g/gzhao27/INR/SOMA/2024-12-11SOMA-inr_w020_ld256.pt
time: 1.563302755355835
train loss
0.7018717586994171
time: 1.5594546794891357
train loss
0.7120940566062928
time: 1.5607836246490479
train loss
0.7168605327606201
time: 1.5570132732391357
train loss
0.7327154397964477
time: 1.555790662765503
train loss
0.7645345270633698
time: 1.557788610458374
train loss
0.817922842502594
time: 1.5543789863586426
train loss
1.0384099245071412
time: 1.5554416179656982
train loss
1.060732626914978
time: 1.562800407409668
train loss
1.1155969083309174
time: 1.5573840141296387
train loss
1.0335365056991577
test loss
0.7489745020866394
inf
time: 1.5538825988769531
train loss
0.9840305387973786
time: 1.5568151473999023
train loss
1.0370522081851958
time: 1.5580050945281982
train loss
0.9648387908935547
time: 1.5588531494140625
train loss
0.9642918467521667
time: 1.556915521621704
train loss
0.9816821038722991
time: 1.5561959743499756
train loss
0.9263046443462372
time: 1.5556206703186035
train loss
0.9665432095527648
time: 1.555593729019165
train loss
0.9730654299259186
time: 1.5549862384796143
train loss
0.9731480181217194
time: 1.5578346252441406
train loss
0.988655298948288
test loss
0.7043569922447205
inf
time: 1.5683865547180176
train loss
0.949910295009613
time: 1.5585224628448486
train loss
0.9345772862434387
time: 1.5584824085235596
train loss
0.9205428004264832
time: 1.5582377910614014
train loss
0.9006421208381653
time: 1.5580458641052246
train loss
0.9184963941574097
time: 1.5595993995666504
train loss
0.9163246929645539
time: 1.5604217052459717
train loss
0.8923091948032379
time: 1.5579426288604736
train loss
0.8921535551548004
time: 1.5594995021820068
train loss
0.9290207028388977
time: 1.5560922622680664
train loss
0.9243184804916382
test loss
0.6743981122970581
inf
time: 1.570371150970459
train loss
0.9338314652442932
time: 1.5608079433441162
train loss
0.9038865208625794
time: 1.5604050159454346
train loss
0.9418918430805207
time: 1.5605900287628174
train loss
0.932322871685028
time: 1.5613839626312256
train loss
0.9014468252658844
time: 1.5656437873840332
train loss
0.9026814460754394
time: 1.5609700679779053
train loss
0.9009670913219452
time: 1.55857515335083
train loss
0.914023619890213
time: 1.5592052936553955
train loss
0.9135724663734436
time: 1.558473825454712
train loss
0.9122309207916259
test loss
0.6701769232749939
inf
time: 1.5673861503601074
train loss
0.913857513666153
time: 1.5583217144012451
train loss
0.9218577802181244
time: 1.560230016708374
train loss
0.910968679189682
time: 1.5590472221374512
train loss
0.8753065228462219
time: 1.558318853378296
train loss
0.883900624513626
time: 1.5613789558410645
train loss
0.8813840389251709
time: 1.5592010021209717
train loss
0.8597555756568909
time: 1.5484941005706787
train loss
0.8525082230567932
time: 1.5468723773956299
train loss
0.8942091524600982
time: 1.5478060245513916
train loss
0.9013899147510529
test loss
0.6577920556068421
inf
time: 1.5560929775238037
train loss
0.884095412492752
time: 1.5593724250793457
train loss
0.8911646962165832
time: 1.5582222938537598
train loss
0.8817887306213379
time: 1.552253007888794
train loss
0.890248590707779
time: 1.5482902526855469
train loss
0.8726616442203522
time: 1.5479099750518799
train loss
0.8701139926910401
time: 1.5475280284881592
train loss
0.8745045721530914
time: 1.5490624904632568
train loss
0.8732892572879791
time: 1.5566926002502441
train loss
0.8633660972118378
time: 1.5613276958465576
train loss
0.8618744373321533
test loss
0.6431358337402344
inf
time: 1.5645325183868408
train loss
0.8537403225898743
time: 1.5570757389068604
train loss
0.842257958650589
time: 1.5572819709777832
train loss
0.8898348033428192
time: 1.5561203956604004
train loss
0.8934636771678924
time: 1.555372714996338
train loss
0.8677493512630463
time: 1.557812213897705
train loss
0.8744488000869751
time: 1.5579257011413574
train loss
0.8540040552616119
time: 1.5540432929992676
train loss
0.8440117716789246
time: 1.5669851303100586
train loss
0.8426959693431855
time: 1.5595052242279053
train loss
0.8431047737598419
test loss
0.6430682897567749
inf
time: 1.5674443244934082
train loss
0.8679066359996795
time: 1.55745267868042
train loss
0.8568431913852692
time: 1.5553197860717773
train loss
0.8427496433258057
time: 1.5549421310424805
train loss
0.8364906728267669
time: 1.5555567741394043
train loss
0.8311456382274628
time: 1.5561645030975342
train loss
0.8276532113552093
time: 1.5573363304138184
train loss
0.8420377850532532
time: 1.555980920791626
train loss
0.8482180655002594
time: 1.5530447959899902
train loss
0.8316403746604919
time: 1.5565624237060547
train loss
0.8304977238178253
test loss
0.6410984873771668
inf
time: 1.5655736923217773
train loss
0.8296072125434876
time: 1.5580723285675049
train loss
0.8255112171173096
time: 1.5547738075256348
train loss
0.8313832879066467
time: 1.5534522533416748
train loss
0.8203703403472901
time: 1.5536181926727295
train loss
0.8227919638156891
time: 1.5443918704986572
train loss
0.8185285031795502
time: 1.5457067489624023
train loss
0.812876409292221
time: 1.5436043739318848
train loss
0.8095232129096985
time: 1.5455875396728516
train loss
0.8074988067150116
time: 1.5521759986877441
train loss
0.8049035608768463
test loss
0.6291436672210693
inf
time: 1.5483028888702393
train loss
0.8052134096622467
time: 1.558323860168457
train loss
0.810593432188034
time: 1.5566248893737793
train loss
0.8301587462425232
time: 1.5579991340637207
train loss
0.8152337610721588
time: 1.5587608814239502
train loss
0.8277037382125855
time: 1.5591731071472168
train loss
0.8140934407711029
time: 1.5559604167938232
train loss
0.8117304503917694
time: 1.560117244720459
train loss
0.804589307308197
time: 1.5489041805267334
train loss
0.8019835531711579
time: 1.549494981765747
train loss
0.8047009646892548
test loss
0.6289485931396485
inf
time: 1.5556097030639648
train loss
0.8025078356266022
time: 1.5577392578125
train loss
0.8024048626422882
time: 1.5579540729522705
train loss
0.8021008193492889
time: 1.5585296154022217
train loss
0.7975700616836547
time: 1.5575847625732422
train loss
0.795378428697586
time: 1.5550618171691895
train loss
0.7929275393486023
time: 1.5556468963623047
train loss
0.7901894509792328
time: 1.5554888248443604
train loss
0.7876494526863098
time: 1.5563342571258545
train loss
0.7856941938400268
time: 1.5616188049316406
train loss
0.7860670566558838
test loss
0.6253798484802247
nan
time: 1.5660429000854492
train loss
0.7859917759895325
time: 1.5449857711791992
train loss
0.7843673050403595
time: 1.5546379089355469
train loss
0.7825918555259704
time: 1.5552713871002197
train loss
0.7808769226074219
time: 1.553835153579712
train loss
0.7792717516422272
time: 1.5542221069335938
train loss
0.7797906756401062
time: 1.5532503128051758
train loss
0.7796811997890473
time: 1.5560638904571533
train loss
0.7883960366249084
time: 1.5519394874572754
train loss
0.7932357072830201
time: 1.5587918758392334
train loss
0.7927667200565338
test loss
0.6293391108512878
inf
time: 1.5611073970794678
train loss
0.795176374912262
time: 1.5563182830810547
train loss
0.7880957663059235
time: 1.5629849433898926
train loss
0.782026720046997
time: 1.5555782318115234
train loss
0.7897232830524444
time: 1.556471586227417
train loss
0.7936765074729919
time: 1.559138536453247
train loss
0.7878134071826934
time: 1.558332920074463
train loss
0.7828431069850922
time: 1.5588808059692383
train loss
0.7775121927261353
time: 1.5595130920410156
train loss
0.7741061389446259
time: 1.5595874786376953
train loss
0.772947496175766
test loss
0.6208566188812256
inf
time: 1.5588107109069824
train loss
0.7706566691398621
time: 1.5567679405212402
train loss
0.7695108294487
time: 1.5559747219085693
train loss
0.7691317141056061
time: 1.5555603504180908
train loss
0.7684246361255646
time: 1.5585606098175049
train loss
0.7676234185695648
time: 1.5563323497772217
train loss
0.766111022233963
time: 1.5476982593536377
train loss
0.7649790167808532
time: 1.5453517436981201
train loss
0.7641192257404328
time: 1.5489575862884521
train loss
0.7642366409301757
time: 1.5450949668884277
train loss
0.7640137732028961
test loss
0.6198071956634521
inf
time: 1.548574686050415
train loss
0.7667783915996551
time: 1.5474298000335693
train loss
0.7653105676174163
time: 1.546363115310669
train loss
0.7794914424419404
time: 1.544776201248169
train loss
0.7829276502132416
time: 1.5473365783691406
train loss
0.784792673587799
time: 1.5485446453094482
train loss
0.7851618230342865
time: 1.5448315143585205
train loss
0.7755432844161987
time: 1.5543766021728516
train loss
0.7695828557014466
time: 1.5498251914978027
train loss
0.763673585653305
time: 1.5522401332855225
train loss
0.7605742931365966
test loss
0.6174924492835998
inf
time: 1.5538055896759033
train loss
0.7588310360908508
time: 1.5473244190216064
train loss
0.7588721811771393
time: 1.5455875396728516
train loss
0.759930819272995
time: 1.5481438636779785
train loss
0.7596493065357208
time: 1.5518772602081299
train loss
0.7583423376083374
time: 1.547692060470581
train loss
0.7593334019184113
time: 1.547809362411499
train loss
0.7600808024406434
time: 1.546837329864502
train loss
0.7609480023384094
time: 1.5530776977539062
train loss
0.7727706849575042
time: 1.5483713150024414
train loss
0.7671203553676605
test loss
0.6220024704933167
inf
time: 1.5452415943145752
train loss
0.7655442655086517
time: 1.5461678504943848
train loss
0.7633017718791961
time: 1.5462968349456787
train loss
0.7600438058376312
time: 1.5469605922698975
train loss
0.7620171785354615
time: 1.5468668937683105
train loss
0.7862426698207855
time: 1.545372724533081
train loss
0.7736740708351135
time: 1.5449817180633545
train loss
0.7646412551403046
time: 1.549837589263916
train loss
0.7621825754642486
time: 1.5592868328094482
train loss
0.7646130621433258
time: 1.5630383491516113
train loss
0.7606429159641266
test loss
0.6188793540000915
inf
time: 1.5579752922058105
train loss
0.7551776051521302
time: 1.5573527812957764
train loss
0.7522671937942504
time: 1.5550949573516846
train loss
0.7512798845767975
time: 1.5573396682739258
train loss
0.749871015548706
time: 1.5555965900421143
train loss
0.7489028930664062
time: 1.5579969882965088
train loss
0.7481494903564453
time: 1.5582506656646729
train loss
0.7479266107082367
time: 1.555187702178955
train loss
0.7474261462688446
time: 1.5552952289581299
train loss
0.7470133304595947
time: 1.5570390224456787
train loss
0.7461279034614563
test loss
0.6134783148765564
inf
time: 1.5638811588287354
train loss
0.7459786295890808
time: 1.555346965789795
train loss
0.7453137218952179
time: 1.5559895038604736
train loss
0.7438407361507415
time: 1.5542151927947998
train loss
0.7432598054409028
time: 1.5559394359588623
train loss
0.7440726935863495
time: 1.5542068481445312
train loss
0.7438254296779633
time: 1.5573232173919678
train loss
0.7429948925971985
time: 1.5574216842651367
train loss
0.7433659851551055
time: 1.5550928115844727
train loss
0.7442718267440795
time: 1.558370590209961
train loss
0.7452102959156036
test loss
0.6130855679512024
inf
time: 1.5645709037780762
train loss
0.7470295250415802
time: 1.5604455471038818
train loss
0.7436224102973938
time: 1.556941032409668
train loss
0.741111546754837
time: 1.556938648223877
train loss
0.7403982043266296
time: 1.5582797527313232
train loss
0.7394879698753357
time: 1.5578324794769287
train loss
0.7399028956890106
time: 1.5537726879119873
train loss
0.7401418030261994
time: 1.5548210144042969
train loss
0.7388818442821503
time: 1.555739402770996
train loss
0.7388516426086426
time: 1.5569441318511963
train loss
0.7373999655246735
test loss
0.6124083876609803
inf
time: 1.5665991306304932
train loss
0.736568135023117
time: 1.556145429611206
train loss
0.7354919373989105
time: 1.5576412677764893
train loss
0.7361139118671417
time: 1.5575406551361084
train loss
0.738874363899231
time: 1.5562374591827393
train loss
0.7374337315559387
time: 1.5570456981658936
train loss
0.7377482175827026
time: 1.555854082107544
train loss
0.7387752294540405
time: 1.557032823562622
train loss
0.739211106300354
time: 1.5646450519561768
train loss
0.7390288174152374
time: 1.5576839447021484
train loss
0.7425025045871735
test loss
0.6132119655609131
inf
time: 1.564861536026001
train loss
0.738897156715393
time: 1.5552387237548828
train loss
0.7378425180912018
time: 1.5575587749481201
train loss
0.7364918768405915
time: 1.5570149421691895
train loss
0.7346079647541046
time: 1.5576574802398682
train loss
0.733780711889267
time: 1.5569536685943604
train loss
0.7325082778930664
time: 1.5557129383087158
train loss
0.7318926095962525
time: 1.5592498779296875
train loss
0.7316089630126953
time: 1.5573375225067139
train loss
0.7341862738132476
time: 1.5583524703979492
train loss
0.7455159664154053
test loss
0.6214031219482422
inf
time: 1.5647814273834229
train loss
0.7503221094608307
time: 1.558957576751709
train loss
0.7578405320644379
time: 1.556882619857788
train loss
0.8211960315704345
time: 1.5571205615997314
train loss
0.8115896046161651
time: 1.5565707683563232
train loss
0.7830122649669647
time: 1.5579562187194824
train loss
0.7729231834411621
time: 1.5584638118743896
train loss
0.7638698279857635
time: 1.557297945022583
train loss
0.7791816771030426
time: 1.5560729503631592
train loss
0.7777031421661377
time: 1.5560567378997803
train loss
0.7950407445430756
test loss
0.6307445645332337
inf
time: 1.5550148487091064
train loss
0.7666806161403656
time: 1.5627787113189697
train loss
0.7572681486606598
time: 1.558624029159546
train loss
0.7473280668258667
time: 1.5577497482299805
train loss
0.742812967300415
time: 1.5586936473846436
train loss
0.7395253002643585
time: 1.5595533847808838
train loss
0.7362420678138732
time: 1.5562026500701904
train loss
0.7343551099300385
time: 1.5589134693145752
train loss
0.7331044793128967
time: 1.557440996170044
train loss
0.735300874710083
time: 1.558340311050415
train loss
0.7364977180957795
test loss
0.6120765924453735
inf
time: 1.5543944835662842
train loss
0.7345822095870972
time: 1.5535483360290527
train loss
0.7350596487522125
time: 1.5457801818847656
train loss
0.73505140542984
time: 1.5430800914764404
train loss
0.7338593959808349
time: 1.5467844009399414
train loss
0.7327130079269409
time: 1.5444962978363037
train loss
0.7306483924388886
time: 1.5452415943145752
train loss
0.7287364602088928
time: 1.5517168045043945
train loss
0.727469390630722
time: 1.5644571781158447
train loss
0.7271200716495514
time: 1.5576493740081787
train loss
0.7267036616802216
test loss
0.6086025953292846
inf
time: 1.548644781112671
train loss
0.7259629726409912
time: 1.546255350112915
train loss
0.725287115573883
time: 1.5485451221466064
train loss
0.7247487962245941
time: 1.5443625450134277
train loss
0.7244153618812561
time: 1.5443918704986572
train loss
0.7236760914325714
time: 1.5465965270996094
train loss
0.7252530872821807
time: 1.5436170101165771
train loss
0.733629047870636
time: 1.5431492328643799
train loss
0.7286417722702027
time: 1.5445911884307861
train loss
0.7257876396179199
time: 1.5476999282836914
train loss
0.7243114352226258
test loss
0.6080922365188599
inf
time: 1.5532841682434082
train loss
0.7228501796722412
time: 1.5426859855651855
train loss
0.7221777439117432
time: 1.5432014465332031
train loss
0.7229914724826813
time: 1.5411007404327393
train loss
0.7226421535015106
time: 1.5413410663604736
train loss
0.7218347489833832
time: 1.5499699115753174
train loss
0.721541702747345
time: 1.5429978370666504
train loss
0.721935385465622
time: 1.5413811206817627
train loss
0.7209721505641937
time: 1.5447797775268555
train loss
0.7209557592868805
time: 1.5436532497406006
train loss
0.7198565661907196
test loss
0.6076815962791443
inf
time: 1.5431275367736816
train loss
0.7196696937084198
time: 1.5455479621887207
train loss
0.7195047259330749
time: 1.5497517585754395
train loss
0.7193145394325257
time: 1.5460360050201416
train loss
0.7201250910758972
time: 1.541144609451294
train loss
0.7244933784008026
time: 1.5410995483398438
train loss
0.7374458193778992
time: 1.544097900390625
train loss
0.7749279975891114
time: 1.545271396636963
train loss
0.7902299761772156
time: 1.5406711101531982
train loss
0.7870075523853302
time: 1.545140027999878
train loss
0.7701485753059387
test loss
0.6328547954559326
inf
time: 1.5440258979797363
train loss
0.7861916124820709
time: 1.5450961589813232
train loss
0.7928610444068909
time: 1.5455493927001953
train loss
0.7760315656661987
time: 1.5453875064849854
train loss
0.8029703497886658
time: 1.548722505569458
train loss
0.8075812697410584
time: 1.5436017513275146
train loss
0.7905954897403717
time: 1.5415120124816895
train loss
0.7936522006988526
time: 1.5413613319396973
train loss
0.7784991323947906
time: 1.5417101383209229
train loss
0.7710301399230957
time: 1.5466830730438232
train loss
0.7802708148956299
test loss
0.6304501414299011
inf
time: 1.5562431812286377
train loss
0.7665000438690186
time: 1.5477244853973389
train loss
0.7561517953872681
time: 1.5466735363006592
train loss
0.7487025618553161
time: 1.5460443496704102
train loss
0.7402511358261108
time: 1.54640531539917
train loss
0.7352777481079101
time: 1.55320405960083
train loss
0.7330934524536132
time: 1.5534751415252686
train loss
0.7301719129085541
time: 1.5548734664916992
train loss
0.7283344089984893
time: 1.5532524585723877
train loss
0.7271710216999054
time: 1.55409574508667
train loss
0.7267586767673493
test loss
0.6089171648025513
inf
time: 1.5617396831512451
train loss
0.7259013414382934
time: 1.555389165878296
train loss
0.7247501373291015
time: 1.5455048084259033
train loss
0.724012041091919
time: 1.5434606075286865
train loss
0.7241698145866394
time: 1.5419738292694092
train loss
0.7227472543716431
time: 1.5423433780670166
train loss
0.7222298324108124
time: 1.5436475276947021
train loss
0.7218393921852112
time: 1.542097806930542
train loss
0.7215217590332031
time: 1.5421254634857178
train loss
0.7202246308326721
time: 1.5482404232025146
train loss
0.719510406255722
test loss
0.6071414947509766
inf
time: 1.5415863990783691
train loss
0.7189942955970764
time: 1.5447583198547363
train loss
0.7185985684394837
time: 1.5433855056762695
train loss
0.7188874423503876
time: 1.540903091430664
train loss
0.7175411939620971
time: 1.540672779083252
train loss
0.7169715285301208
time: 1.5414671897888184
train loss
0.7165106058120727
time: 1.541903018951416
train loss
0.7159505486488342
time: 1.545964241027832
train loss
0.7173370242118835
time: 1.5445013046264648
train loss
0.7247779607772827
time: 1.5422441959381104
train loss
0.7652148902416229
test loss
0.6378955245018005
inf
time: 1.5581519603729248
train loss
0.7938117802143096
time: 1.5406408309936523
train loss
0.7665249168872833
time: 1.5448188781738281
train loss
0.7496164917945862
time: 1.5408005714416504
train loss
0.7372681379318238
time: 1.5439963340759277
train loss
0.7299185812473297
time: 1.5430829524993896
train loss
0.7328178882598877
time: 1.5420260429382324
train loss
0.732247817516327
time: 1.5423460006713867
train loss
0.7327814936637879
time: 1.5429537296295166
train loss
0.7332149565219879
time: 1.5417699813842773
train loss
0.724106228351593
test loss
0.6084664225578308
inf
time: 1.5512027740478516
train loss
0.7193569004535675
time: 1.5402796268463135
train loss
0.7180331349372864
time: 1.541001558303833
train loss
0.7163972854614258
time: 1.5406348705291748
train loss
0.7155450463294983
time: 1.5429048538208008
train loss
0.7160336196422576
time: 1.5439305305480957
train loss
0.7168430209159851
time: 1.5480892658233643
train loss
0.7157391846179962
time: 1.541949987411499
train loss
0.7142437279224396
time: 1.5435161590576172
train loss
0.7136289477348328
time: 1.5424463748931885
train loss
0.7131599903106689
test loss
0.604896068572998
inf
time: 1.5448458194732666
train loss
0.7121165692806244
time: 1.5403642654418945
train loss
0.7117549300193786
time: 1.5443217754364014
train loss
0.7114238202571869
time: 1.5432183742523193
train loss
0.7136157095432282
time: 1.539825201034546
train loss
0.7143525600433349
time: 1.5404243469238281
train loss
0.7134979903697968
time: 1.5505499839782715
train loss
0.7128590941429138
time: 1.5437893867492676
train loss
0.7118271648883819
time: 1.5438182353973389
train loss
0.7101077616214753
time: 1.5428431034088135
train loss
0.7093756794929504
test loss
0.6042939305305481
inf
time: 1.5522315502166748
train loss
0.709368097782135
time: 1.5430676937103271
train loss
0.7118906855583191
time: 1.5423927307128906
train loss
0.7124484896659851
time: 1.5439097881317139
train loss
0.7124696254730225
time: 1.5440022945404053
train loss
0.7107441306114197
time: 1.5395328998565674
train loss
0.7096776247024537
time: 1.5437681674957275
train loss
0.7080806791782379
time: 1.5430331230163574
train loss
0.7072154462337494
time: 1.5423953533172607
train loss
0.7068475365638733
time: 1.5440471172332764
train loss
0.7065787374973297
test loss
0.6030533075332641
inf
time: 1.551577091217041
train loss
0.7075371325016022
time: 1.5430059432983398
train loss
0.7077908158302307
time: 1.5422756671905518
train loss
0.7077557861804962
time: 1.5399816036224365
train loss
0.7064274072647094
time: 1.5410678386688232
train loss
0.7056851089000702
time: 1.541245698928833
train loss
0.7058919370174408
time: 1.5437002182006836
train loss
0.7047535657882691
time: 1.5436396598815918
train loss
0.7055076062679291
time: 1.5417428016662598
train loss
0.7058735251426697
time: 1.5509185791015625
train loss
0.7076681554317474
test loss
0.6055777788162231
inf
time: 1.5437991619110107
train loss
0.7114646136760712
time: 1.544128656387329
train loss
0.7128242015838623
time: 1.5434882640838623
train loss
0.7237170994281769
time: 1.5419604778289795
train loss
0.742731100320816
time: 1.5416629314422607
train loss
0.7458089590072632
time: 1.5425336360931396
train loss
0.7280056536197662
time: 1.5425422191619873
train loss
0.7280123770236969
time: 1.5431256294250488
train loss
0.7236075937747956
time: 1.5403430461883545
train loss
0.7198499381542206
time: 1.5417587757110596
train loss
0.7140704452991485
test loss
0.6064992189407349
inf
time: 1.5649237632751465
train loss
0.7090850174427032
time: 1.5564591884613037
train loss
0.7112254440784455
time: 1.5539920330047607
train loss
0.7148362576961518
time: 1.5538578033447266
train loss
0.7123244881629944
time: 1.5504305362701416
train loss
0.7142521023750306
time: 1.5416090488433838
train loss
0.7151996254920959
time: 1.5401408672332764
train loss
0.7193706154823303
time: 1.542264699935913
train loss
0.7179147183895112
time: 1.5457887649536133
train loss
0.7132430016994477
time: 1.542449712753296
train loss
0.7168864369392395
test loss
0.6085068821907044
inf
time: 1.5520944595336914
train loss
0.7179308831691742
time: 1.543689250946045
train loss
0.7126290440559387
time: 1.544658899307251
train loss
0.7121880173683166
time: 1.539611577987671
train loss
0.7129539728164673
time: 1.5435047149658203
train loss
0.7159044563770294
time: 1.5427210330963135
train loss
0.7146296322345733
time: 1.538886547088623
train loss
0.7109308660030365
time: 1.5540854930877686
train loss
0.7079506397247315
time: 1.552664041519165
train loss
0.7049090564250946
time: 1.5573794841766357
train loss
0.7045531451702118
test loss
0.6027719378471375
inf
time: 1.5529758930206299
train loss
0.7041131675243377
time: 1.5571603775024414
train loss
0.7038821876049042
time: 1.5529272556304932
train loss
0.70386221408844
time: 1.5557544231414795
train loss
0.703399658203125
time: 1.5548431873321533
train loss
0.7036526918411254
time: 1.5552895069122314
train loss
0.7017754852771759
time: 1.5554041862487793
train loss
0.7014967262744903
time: 1.5472166538238525
train loss
0.7015375971794129
time: 1.5452854633331299
train loss
0.7015069782733917
time: 1.5435919761657715
train loss
0.7003804504871368
test loss
0.6017294764518738
inf
time: 1.5439205169677734
train loss
0.6999765753746032
time: 1.5453097820281982
train loss
0.6997197687625885
time: 1.5441222190856934
train loss
0.7003653466701507
time: 1.5491507053375244
train loss
0.6999272644519806
time: 1.542100191116333
train loss
0.6996736466884613
time: 1.5415897369384766
train loss
0.6997624933719635
time: 1.5386712551116943
train loss
0.7021498620510102
time: 1.5442616939544678
train loss
0.7015522837638855
time: 1.5453431606292725
train loss
0.7002162098884582
time: 1.542388677597046
train loss
0.7000957131385803
test loss
0.6017426431179047
inf
time: 1.5421674251556396
train loss
0.6996987223625183
time: 1.5412766933441162
train loss
0.69994757771492
time: 1.5414416790008545
train loss
0.6993464708328248
time: 1.541259527206421
train loss
0.6995786488056183
time: 1.543619155883789
train loss
0.6995104193687439
time: 1.539957046508789
train loss
0.69962637424469
time: 1.5415353775024414
train loss
0.6991857051849365
time: 1.5405621528625488
train loss
0.699368280172348
time: 1.5500874519348145
train loss
0.6996143460273743
time: 1.542553186416626
train loss
0.7037918746471405
test loss
0.6077911853790283
inf
time: 1.5484418869018555
train loss
0.7220038950443268
time: 1.5440011024475098
train loss
0.8057170927524566
time: 1.5423009395599365
train loss
0.9261071920394898
time: 1.5429978370666504
train loss
0.9216798722743988
time: 1.542529821395874
train loss
0.9119932234287262
time: 1.543107032775879
train loss
0.8845835506916047
time: 1.5409555435180664
train loss
0.86921706199646
time: 1.544301986694336
train loss
0.8418602347373962
time: 1.5419745445251465
train loss
0.8877680718898773
time: 1.5416033267974854
train loss
0.9294448256492615
test loss
0.7162819027900695
inf
time: 1.5524177551269531
train loss
0.8817115068435669
time: 1.5399632453918457
train loss
0.8566514790058136
time: 1.540210485458374
train loss
0.848833441734314
time: 1.543100118637085
train loss
0.8512261569499969
time: 1.5453755855560303
train loss
0.8466614484786987
time: 1.5415995121002197
train loss
0.8480407178401947
time: 1.5420396327972412
train loss
0.8453916430473327
time: 1.5418307781219482
train loss
0.838708347082138
time: 1.5402765274047852
train loss
0.8564588546752929
time: 1.5413827896118164
train loss
0.824558961391449
test loss
0.6416135549545288
inf
time: 1.5478606224060059
train loss
0.804566502571106
time: 1.5460946559906006
train loss
0.7933816254138947
time: 1.5395636558532715
train loss
0.7993608891963959
time: 1.5441148281097412
train loss
0.7908373534679413
time: 1.5398285388946533
train loss
0.7835009336471558
time: 1.5448768138885498
train loss
0.7793655276298523
time: 1.543769359588623
train loss
0.7798649072647095
time: 1.5424394607543945
train loss
0.776401299238205
time: 1.5434722900390625
train loss
0.7671718299388885
time: 1.540776252746582
train loss
0.7613431513309479
test loss
0.6190030217170716
inf
time: 1.5539193153381348
train loss
0.7590437710285187
time: 1.544400691986084
train loss
0.7552312970161438
time: 1.544858455657959
train loss
0.7544016182422638
time: 1.543747901916504
train loss
0.7523939311504364
time: 1.5450832843780518
train loss
0.7509439766407013
time: 1.549569845199585
train loss
0.7490919291973114
time: 1.5478827953338623
train loss
0.7470287084579468
time: 1.5411803722381592
train loss
0.7451385974884033
time: 1.5412750244140625
train loss
0.745406299829483
time: 1.5434465408325195
train loss
0.748517507314682
test loss
0.6173484921455383
inf
time: 1.5512783527374268
train loss
0.755642318725586
time: 1.543039083480835
train loss
0.7567164123058319
time: 1.5432002544403076
train loss
0.7525707125663758
time: 1.543020486831665
train loss
0.7457662701606751
time: 1.5454003810882568
train loss
0.7416171193122864
time: 1.5439198017120361
train loss
0.7390839576721191
time: 1.541724443435669
train loss
0.7452990889549256
time: 1.5393857955932617
train loss
0.7594648718833923
time: 1.5439345836639404
train loss
0.764149808883667
time: 1.5424795150756836
train loss
0.758069533109665
test loss
0.6195761919021606
inf
time: 1.5524394512176514
train loss
0.7475879311561584
time: 1.5527410507202148
train loss
0.7415187060832977
time: 1.5484609603881836
train loss
0.7380787074565888
time: 1.5443534851074219
train loss
0.7359619796276092
time: 1.5425894260406494
train loss
0.7340244293212891
time: 1.5526316165924072
train loss
0.7330684065818787
time: 1.5475263595581055
train loss
0.731204479932785
time: 1.5519180297851562
train loss
0.7304213047027588
time: 1.5459067821502686
train loss
0.7294148683547974
time: 1.545356035232544
train loss
0.7283469140529633
test loss
0.6088871955871582
inf
time: 1.5514755249023438
train loss
0.727456146478653
time: 1.5434930324554443
train loss
0.7270939648151398
time: 1.542801856994629
train loss
0.7271520435810089
time: 1.5427422523498535
train loss
0.7273962020874023
time: 1.543433427810669
train loss
0.7310482442378998
time: 1.5429787635803223
train loss
0.7385168731212616
time: 1.540849208831787
train loss
0.7323839426040649
time: 1.5441632270812988
train loss
0.7299600780010224
time: 1.5422000885009766
train loss
0.7273666203022003
time: 1.542222261428833
train loss
0.7244778513908386
test loss
0.6079053759574891
inf
time: 1.5413198471069336
train loss
0.7234864234924316
time: 1.5406150817871094
train loss
0.7248893737792969
time: 1.5432264804840088
train loss
0.7232531487941742
time: 1.5401268005371094
train loss
0.7236972272396087
time: 1.5416171550750732
train loss
0.7242215991020202
time: 1.542250394821167
train loss
0.7228051364421845
time: 1.5412015914916992
train loss
0.721953809261322
time: 1.5434656143188477
train loss
0.7204973816871643
time: 1.5435936450958252
train loss
0.7198470771312714
time: 1.5477705001831055
train loss
0.7187459766864777
test loss
0.6071119546890259
inf
time: 1.5537354946136475
train loss
0.718070125579834
time: 1.5430376529693604
train loss
0.7179540932178498
time: 1.5512440204620361
train loss
0.7175967931747437
time: 1.5451040267944336
train loss
0.716925835609436
time: 1.5436897277832031
train loss
0.7165566861629487
time: 1.5434088706970215
train loss
0.7161973357200623
time: 1.5431747436523438
train loss
0.7162736415863037
time: 1.542827844619751
train loss
0.7154924392700195
time: 1.5511369705200195
train loss
0.716567975282669
time: 1.5437827110290527
train loss
0.7167693614959717
test loss
0.6057547926902771
inf
time: 1.5423591136932373
train loss
0.7160571217536926
time: 1.5450973510742188
train loss
0.715663629770279
time: 1.546997308731079
train loss
0.7161246418952942
time: 1.5412213802337646
train loss
0.7158092021942138
time: 1.5417864322662354
train loss
0.7147159159183503
time: 1.5415644645690918
train loss
0.7154169917106629
time: 1.545093297958374
train loss
0.715003228187561
time: 1.5397708415985107
train loss
0.7139481663703918
time: 1.5437586307525635
train loss
0.7131557583808898
time: 1.5435106754302979
train loss
0.7124390959739685
test loss
0.6046910762786866
inf
time: 1.5521931648254395
train loss
0.714366865158081
time: 1.5411121845245361
train loss
0.7147051811218261
time: 1.5405082702636719
train loss
0.7192619144916534
time: 1.541811466217041
train loss
0.7188871026039123
time: 1.5406317710876465
train loss
0.7185718297958374
time: 1.5413939952850342
train loss
0.7219387292861938
time: 1.5416901111602783
train loss
0.7239760875701904
time: 1.54213285446167
train loss
0.7400245904922486
time: 1.5430817604064941
train loss
0.7766148149967194
time: 1.5429890155792236
train loss
0.7667880177497863
test loss
0.6252379179000854
inf
time: 1.5532782077789307
train loss
0.7737918972969056
time: 1.5439631938934326
train loss
0.7792373478412629
time: 1.5406887531280518
train loss
0.7754100859165192
time: 1.5435090065002441
train loss
0.7518695712089538
time: 1.5425381660461426
train loss
0.7541520297527313
time: 1.5424773693084717
train loss
0.7493901908397674
time: 1.5431461334228516
train loss
0.7402749001979828
time: 1.5487308502197266
train loss
0.7351229548454284
time: 1.5425631999969482
train loss
0.7320775032043457
time: 1.5413622856140137
train loss
0.734206759929657
test loss
0.6106003999710083
inf
time: 1.5547499656677246
train loss
0.7390515744686127
time: 1.5529141426086426
train loss
0.7313219010829926
time: 1.5468790531158447
train loss
0.7268256604671478
time: 1.5429022312164307
train loss
0.7258438169956207
time: 1.5420048236846924
train loss
0.7204575002193451
time: 1.5429127216339111
train loss
0.717329615354538
time: 1.5427494049072266
train loss
0.715405160188675
time: 1.5428061485290527
train loss
0.7145465612411499
time: 1.5429713726043701
train loss
0.7164830982685089
time: 1.5399236679077148
train loss
0.721897304058075
test loss
0.6071033239364624
inf
time: 1.5532665252685547
train loss
0.7172163546085357
time: 1.5404951572418213
train loss
0.7168548405170441
time: 1.5417046546936035
train loss
0.7167610824108124
time: 1.546100378036499
train loss
0.7146324276924133
time: 1.5413105487823486
train loss
0.7139622628688812
time: 1.542618751525879
train loss
0.7121807932853699
time: 1.5412368774414062
train loss
0.7113087177276611
time: 1.5426139831542969
train loss
0.7113208115100861
time: 1.5435502529144287
train loss
0.7120939016342163
time: 1.5434577465057373
train loss
0.7096583724021912
test loss
0.6031639218330384
inf
time: 1.5483837127685547
train loss
0.708200192451477
time: 1.5405912399291992
train loss
0.7067211925983429
time: 1.5406708717346191
train loss
0.7066843450069428
time: 1.5413904190063477
train loss
0.7065339624881745
time: 1.5452051162719727
train loss
0.7058412432670593
time: 1.5425212383270264
train loss
0.7066530108451843
time: 1.5424141883850098
train loss
0.7065045714378357
time: 1.5433495044708252
train loss
0.7063241243362427
time: 1.543799877166748
train loss
0.7070094406604767
time: 1.5457727909088135
train loss
0.7053698360919952
test loss
0.6023644804954529
inf
time: 1.549264669418335
train loss
0.7046104490756988
time: 1.5433671474456787
train loss
0.7036397337913514
time: 1.5497515201568604
train loss
0.7038588225841522
time: 1.5432453155517578
train loss
0.704120683670044
time: 1.5391395092010498
train loss
0.7044645965099334
time: 1.5418758392333984
train loss
0.7033717811107636
time: 1.5426998138427734
train loss
0.7037881970405578
time: 1.5411362648010254
train loss
0.7046843826770782
time: 1.5438947677612305
train loss
0.7038850903511047
time: 1.543696403503418
train loss
0.7052847743034363
test loss
0.6023995280265808
inf
time: 1.5454463958740234
train loss
0.7124240696430206
time: 1.5420334339141846
train loss
0.7193626582622528
time: 1.542675495147705
train loss
0.7278180897235871
time: 1.539444923400879
train loss
0.8214877784252167
time: 1.54221510887146
train loss
0.8206010162830353
time: 1.5452799797058105
train loss
0.7859300196170806
time: 1.541837215423584
train loss
0.7743873476982117
time: 1.5455501079559326
train loss
0.7727880954742432
time: 1.5377166271209717
train loss
0.7575795590877533
time: 1.5429491996765137
train loss
0.7677089929580688
test loss
0.615670895576477
inf
time: 1.5423238277435303
train loss
0.7565282583236694
time: 1.5469598770141602
train loss
0.7455163598060608
time: 1.5451712608337402
train loss
0.7408454179763794
time: 1.5403468608856201
train loss
0.7752954006195069
time: 1.5434544086456299
train loss
0.8006955265998841
time: 1.5429530143737793
train loss
0.7764273047447204
time: 1.5415623188018799
train loss
0.756136691570282
time: 1.5480103492736816
train loss
0.768239003419876
time: 1.5416679382324219
train loss
0.7568695962429046
time: 1.5419237613677979
train loss
0.7462214231491089
test loss
0.6134492993354798
inf
time: 1.551738977432251
train loss
0.7395261585712433
time: 1.5411086082458496
train loss
0.7332405924797059
time: 1.543449878692627
train loss
0.7265697300434113
time: 1.542194128036499
train loss
0.7208229243755341
time: 1.5425713062286377
train loss
0.7173192799091339
time: 1.544729471206665
train loss
0.7153706431388855
time: 1.5374767780303955
train loss
0.7136485993862152
time: 1.5446484088897705
train loss
0.7154196500778198
time: 1.5406053066253662
train loss
0.7164209187030792
time: 1.5445597171783447
train loss
0.7130741000175476
test loss
0.6031319260597229
inf
time: 1.5422492027282715
train loss
0.7123962759971618
time: 1.5385801792144775
train loss
0.7117926180362701
time: 1.5405447483062744
train loss
0.7100712895393372
time: 1.5444178581237793
train loss
0.708144623041153
time: 1.5435104370117188
train loss
0.7074202477931977
time: 1.5427820682525635
train loss
0.7064346432685852
time: 1.5439198017120361
train loss
0.7053975284099578
time: 1.5443432331085205
train loss
0.7045704483985901
time: 1.542788028717041
train loss
0.7038817405700684
time: 1.5464775562286377
train loss
0.7038477241992951
test loss
0.6007419466972351
inf
time: 1.5525379180908203
train loss
0.7029580175876617
time: 1.543653964996338
train loss
0.7021366000175476
time: 1.5420589447021484
train loss
0.7022573769092559
time: 1.5429661273956299
train loss
0.7040263712406158
time: 1.5410339832305908
train loss
0.7049335658550262
time: 1.5398859977722168
train loss
0.7038785457611084
time: 1.542501449584961
train loss
0.7029311001300812
time: 1.5438060760498047
train loss
0.7068122863769531
time: 1.5407226085662842
train loss
0.7151795864105225
time: 1.5457508563995361
train loss
0.720608252286911
test loss
0.6094836473464966
inf
time: 1.553593635559082
train loss
0.7179667890071869
time: 1.5411632061004639
train loss
0.7116378903388977
time: 1.5421409606933594
train loss
0.7091966807842255
time: 1.5445375442504883
train loss
0.7127351880073547
time: 1.5481038093566895
train loss
0.7166635096073151
time: 1.5432822704315186
train loss
0.7312669694423676
time: 1.5433669090270996
train loss
0.7572513818740845
time: 1.5431842803955078
train loss
0.7527169108390808
time: 1.5444111824035645
train loss
0.7709803342819214
time: 1.543102502822876
train loss
0.7941767871379852
test loss
0.6514652490615844
inf
time: 1.5514111518859863
train loss
0.7754105687141418
time: 1.5441241264343262
train loss
0.7623116612434387
time: 1.5418195724487305
train loss
0.7772029995918274
time: 1.5460538864135742
train loss
0.7525891304016114
time: 1.5490477085113525
train loss
0.7555545091629028
time: 1.5410387516021729
train loss
0.772380918264389
time: 1.546276569366455
train loss
0.7548173248767853
time: 1.5417301654815674
train loss
0.7445358574390412
time: 1.5407719612121582
train loss
0.7298829019069671
time: 1.5427167415618896
train loss
0.7218607544898987
test loss
0.6059228301048278
inf
time: 1.5508553981781006
train loss
0.7148615121841431
time: 1.542099952697754
train loss
0.7124057471752167
time: 1.5429866313934326
train loss
0.7095386385917664
time: 1.5423097610473633
train loss
0.7087829530239105
time: 1.5423922538757324
train loss
0.7064169526100159
time: 1.5425195693969727
train loss
0.7066794335842133
time: 1.5435101985931396
train loss
0.7067085087299347
time: 1.543330430984497
train loss
0.7051283061504364
time: 1.543874740600586
train loss
0.7036706924438476
time: 1.5430848598480225
train loss
0.7024517238140107
test loss
0.6003187537193299
inf
time: 1.5506587028503418
train loss
0.7014318943023682
time: 1.5408990383148193
train loss
0.7013520121574401
time: 1.5414233207702637
train loss
0.7010616660118103
time: 1.5407421588897705
train loss
0.7019428253173828
time: 1.5527446269989014
train loss
0.7003711283206939
time: 1.5431506633758545
train loss
0.6993622481822968
time: 1.5424659252166748
train loss
0.6982975125312805
time: 1.5432746410369873
train loss
0.6977419197559357
time: 1.5405995845794678
train loss
0.6971528053283691
time: 1.5399391651153564
train loss
0.6969507277011872
test loss
0.5986077070236206
inf
/pscratch/sd/g/gzhao27/INR/SOMA/2024-12-11SOMA-inr_w020_ld256.pt
time: 1.5386645793914795
train loss
0.6976505577564239
time: 1.5425217151641846
train loss
0.6969330310821533
time: 1.542597770690918
train loss
0.6965777218341828
time: 1.5437278747558594
train loss
0.6962738513946534
time: 1.5484797954559326
train loss
0.6959976494312287
time: 1.5427310466766357
train loss
0.6954970300197602
time: 1.5504798889160156
train loss
0.6951509535312652
time: 1.544973611831665
train loss
0.6948207736015319
time: 1.5460865497589111
train loss
0.6950513184070587
time: 1.5482795238494873
train loss
0.6955652892589569
test loss
0.5989142537117005
inf
time: 1.5427067279815674
train loss
0.6962151288986206
time: 1.5479350090026855
train loss
0.6953028380870819
time: 1.546257734298706
train loss
0.6949962377548218
time: 1.5458993911743164
train loss
0.6951476871967316
time: 1.5489099025726318
train loss
0.6940348148345947
time: 1.5455822944641113
train loss
0.6929827988147735
time: 1.5463905334472656
train loss
0.6930172622203827
time: 1.544494867324829
train loss
0.6970735967159272
time: 1.5451953411102295
train loss
0.7079214453697205
time: 1.5456814765930176
train loss
0.7029310941696167
test loss
0.600461208820343
inf
time: 1.5428149700164795
train loss
0.7009737610816955
time: 1.5452303886413574
train loss
0.7012205362319947
time: 1.5535728931427002
train loss
0.6989704549312592
time: 1.5586135387420654
train loss
0.6973929941654206
time: 1.5557103157043457
train loss
0.6950390696525574
time: 1.5564002990722656
train loss
0.6940456628799438
time: 1.5590481758117676
train loss
0.6955689370632172
time: 1.5464162826538086
train loss
0.6959973990917205
time: 1.5483241081237793
train loss
0.6949314117431641
time: 1.5440852642059326
train loss
0.6960033297538757
test loss
0.5991878986358643
inf
time: 1.552802324295044
train loss
0.6954286277294159
time: 1.544337511062622
train loss
0.6925823926925659
time: 1.5455055236816406
train loss
0.6915029466152192
time: 1.5475692749023438
train loss
0.6907643020153046
time: 1.543290615081787
train loss
0.6918010413646698
time: 1.540717601776123
train loss
0.6925919651985168
time: 1.5433635711669922
train loss
0.6931595265865326
time: 1.5440974235534668
train loss
0.6919935047626495
time: 1.545827865600586
train loss
0.6914559602737427
time: 1.5456433296203613
train loss
0.6919009864330292
test loss
0.5976620435714721
inf
/pscratch/sd/g/gzhao27/INR/SOMA/2024-12-11SOMA-inr_w020_ld256.pt
time: 1.549475908279419
train loss
0.690816992521286
time: 1.5403048992156982
train loss
0.6915870070457458
time: 1.5441937446594238
train loss
0.6929844975471496
time: 1.5403296947479248
train loss
0.6923333942890167
time: 1.5505077838897705
train loss
0.6926543295383454
time: 1.5531108379364014
train loss
0.6974074423313141
time: 1.557628870010376
train loss
0.725239098072052
time: 1.5528137683868408
train loss
0.7373637795448303
time: 1.553337812423706
train loss
0.7355186343193054
time: 1.5512313842773438
train loss
0.7224820852279663
test loss
0.6127244353294372
inf
time: 1.5642287731170654
train loss
0.7361153542995453
time: 1.5526885986328125
train loss
0.7464305222034454
time: 1.5508911609649658
train loss
0.7461563587188721
time: 1.5418789386749268
train loss
0.7606320261955262
time: 1.5462379455566406
train loss
0.7470905303955078
time: 1.540515661239624
train loss
0.7281594634056091
time: 1.5410332679748535
train loss
0.7182786285877227
time: 1.546933889389038
train loss
0.7107961177825928
time: 1.5440194606781006
train loss
0.708707743883133
time: 1.5427556037902832
train loss
0.7044379234313964
test loss
0.601345157623291
inf
time: 1.5429933071136475
train loss
0.703161072731018
time: 1.539405345916748
train loss
0.7029890596866608
time: 1.5423214435577393
train loss
0.699192464351654
time: 1.5402166843414307
train loss
0.6972094297409057
time: 1.542773723602295
train loss
0.6951722383499146
time: 1.5404808521270752
train loss
0.6940438151359558
time: 1.5414764881134033
train loss
0.694103068113327
time: 1.5425136089324951
train loss
0.6947715103626251
time: 1.5422351360321045
train loss
0.6975145101547241
time: 1.543957233428955
train loss
0.6979944407939911
test loss
0.5998458385467529
inf
time: 1.550898790359497
train loss
0.6971831858158112
time: 1.541609287261963
train loss
0.7027542114257812
time: 1.5399034023284912
train loss
0.7013289868831635
time: 1.543182134628296
train loss
0.6971423864364624
time: 1.5457942485809326
train loss
0.696567177772522
time: 1.5438809394836426
train loss
0.6954583585262298
time: 1.544346809387207
train loss
0.6941096961498261
time: 1.5467777252197266
train loss
0.6928812980651855
time: 1.5442867279052734
train loss
0.6914501368999482
time: 1.5420637130737305
train loss
0.69005366563797
test loss
0.5980942249298096
inf
time: 1.551173210144043
train loss
0.6894426941871643
time: 1.5425925254821777
train loss
0.6888841211795806
time: 1.5417990684509277
train loss
0.688467139005661
time: 1.543867588043213
train loss
0.6886901617050171
time: 1.5450870990753174
train loss
0.6879084408283234
time: 1.5429542064666748
train loss
0.6874846160411835
time: 1.545152187347412
train loss
0.687402194738388
time: 1.5449235439300537
train loss
0.6894656002521515
time: 1.5533952713012695
train loss
0.6897260427474976
time: 1.545386552810669
train loss
0.688292533159256
test loss
0.5964019775390625
inf
/pscratch/sd/g/gzhao27/INR/SOMA/2024-12-11SOMA-inr_w020_ld256.pt
time: 1.5482261180877686
train loss
0.6908316552639008
time: 1.5435397624969482
train loss
0.6913678109645843
time: 1.5441548824310303
train loss
0.6893500506877899
time: 1.5449883937835693
train loss
0.6888732612133026
time: 1.5443413257598877
train loss
0.6938657820224762
time: 1.5443060398101807
train loss
0.6981021404266358
time: 1.5443081855773926
train loss
0.7081361532211303
time: 1.5428273677825928
train loss
0.7082286179065704
time: 1.545083999633789
train loss
0.7268117606639862
time: 1.5486993789672852
train loss
0.8192972958087921
test loss
0.6473707556724548
inf
time: 1.5550577640533447
train loss
0.7935603976249694
time: 1.5430285930633545
train loss
0.7695007562637329
time: 1.5443758964538574
train loss
0.7532999157905579
time: 1.549992561340332
train loss
0.7380647778511047
time: 1.5445163249969482
train loss
0.7318268537521362
time: 1.5446081161499023
train loss
0.7176464915275573
time: 1.5444066524505615
train loss
0.7124541521072387
time: 1.5473806858062744
train loss
0.7446766078472138
time: 1.5435316562652588
train loss
0.7591200053691864
time: 1.547046184539795
train loss
0.764315265417099
test loss
0.6302766680717469
inf
time: 1.5551939010620117
train loss
0.7706568539142609
time: 1.5416131019592285
train loss
0.7509344041347503
time: 1.5434067249298096
train loss
0.7254175007343292
time: 1.5443506240844727
train loss
0.723155039548874
time: 1.5562093257904053
train loss
0.7406683683395385
time: 1.5564682483673096
train loss
0.8719861745834351
time: 1.560746669769287
train loss
0.9219830274581909
time: 1.5539326667785645
train loss
0.8758391201496124
time: 1.557654857635498
train loss
0.8378439962863922
time: 1.5530099868774414
train loss
0.8325214505195617
test loss
0.6582441091537475
inf
time: 1.565943717956543
train loss
0.8155289053916931
time: 1.5576941967010498
train loss
0.7888670921325683
time: 1.5547258853912354
train loss
0.7820014894008637
time: 1.555940866470337
train loss
0.7825250267982483
time: 1.5580034255981445
train loss
0.7692822098731995
time: 1.556030511856079
train loss
0.7603732287883759
time: 1.5577800273895264
train loss
0.7531785011291504
time: 1.5570027828216553
train loss
0.746755701303482
time: 1.562474012374878
train loss
0.7442212581634522
time: 1.5576343536376953
train loss
0.7396245121955871
test loss
0.6151291728019714
inf
time: 1.5664238929748535
train loss
0.7355170011520386
time: 1.5585291385650635
train loss
0.7339931011199952
time: 1.557847261428833
train loss
0.7308942437171936
time: 1.554506540298462
train loss
0.7297236382961273
time: 1.5595433712005615
train loss
0.7269140720367432
time: 1.5565295219421387
train loss
0.7252700924873352
time: 1.5567939281463623
train loss
0.7239849448204041
time: 1.55759596824646
train loss
0.7226907432079315
time: 1.557990312576294
train loss
0.721931767463684
time: 1.558232307434082
train loss
0.7216124057769775
test loss
0.609603476524353
inf
time: 1.5499098300933838
train loss
0.7212307691574097
time: 1.5442674160003662
train loss
0.7246051013469696
time: 1.5465011596679688
train loss
0.7254364490509033
time: 1.5451452732086182
train loss
0.7252791583538055
time: 1.5480725765228271
train loss
0.7272860467433929
time: 1.545945644378662
train loss
0.7340944170951843
time: 1.5437939167022705
train loss
0.72722327709198
time: 1.5446076393127441
train loss
0.7247650504112244
time: 1.548274040222168
train loss
0.7199943602085114
time: 1.556762456893921
train loss
0.7163793027400971
test loss
0.6066033124923706
inf
time: 1.5634901523590088
train loss
0.7146595656871796
time: 1.5552771091461182
train loss
0.7125540018081665
time: 1.5626697540283203
train loss
0.7114932537078857
time: 1.5579068660736084
train loss
0.7107892096042633
time: 1.5574946403503418
train loss
0.7097844839096069
time: 1.5547089576721191
train loss
0.7089786529541016
time: 1.553312063217163
train loss
0.7096217274665833
time: 1.555816411972046
train loss
0.708441412448883
time: 1.5596978664398193
train loss
0.7081375420093536
time: 1.558936595916748
train loss
0.7075723826885223
test loss
0.603624165058136
inf
time: 1.564730167388916
train loss
0.7068255424499512
time: 1.5614864826202393
train loss
0.7068912446498871
time: 1.5578320026397705
train loss
0.7059650301933289
time: 1.5618104934692383
train loss
0.7051904380321503
time: 1.5551743507385254
train loss
0.7057876884937286
time: 1.557814598083496
train loss
0.7060831189155579
time: 1.5603909492492676
train loss
0.7057521879673004
time: 1.5553476810455322
train loss
0.7048876404762268
time: 1.5592031478881836
train loss
0.705202603340149
time: 1.5559577941894531
train loss
0.7283701658248901
test loss
0.6197036266326904
inf
time: 1.5639770030975342
train loss
0.7263691067695618
time: 1.5535211563110352
train loss
0.7169359743595123
time: 1.5540986061096191
train loss
0.7112604022026062
time: 1.551633358001709
train loss
0.7075934171676636
time: 1.5541250705718994
train loss
0.7086978852748871
time: 1.5546839237213135
train loss
0.7136426031589508
time: 1.5568137168884277
train loss
0.7108902215957642
time: 1.5544540882110596
train loss
0.7091178297996521
time: 1.5544517040252686
train loss
0.7090460419654846
time: 1.5518243312835693
train loss
0.7073992967605591
test loss
0.604209041595459
inf
time: 1.561072587966919
train loss
0.7044051468372345
time: 1.5522305965423584
train loss
0.7016697824001312
time: 1.5523278713226318
train loss
0.70080686211586
time: 1.556150197982788
train loss
0.6996408641338349
time: 1.5558922290802002
train loss
0.6989329040050507
time: 1.5541043281555176
train loss
0.6986130058765412
time: 1.5543854236602783
train loss
0.699218237400055
time: 1.555079460144043
train loss
0.6996697366237641
time: 1.554832935333252
train loss
0.6997263073921204
time: 1.5539069175720215
train loss
0.6994579315185547
test loss
0.6001710414886474
inf
time: 1.5552101135253906
train loss
0.7013743162155152
time: 1.5554313659667969
train loss
0.6992941915988922
time: 1.5567278861999512
train loss
0.6987450003623963
time: 1.5551700592041016
train loss
0.6984591722488404
time: 1.5541446208953857
train loss
0.6987857341766357
time: 1.5527868270874023
train loss
0.6977404296398163
time: 1.5530812740325928
train loss
0.6974552989006042
time: 1.553466796875
train loss
0.6976265013217926
time: 1.5543229579925537
train loss
0.6989891469478607
time: 1.549555778503418
train loss
0.7013819277286529
test loss
0.601780092716217
inf
time: 1.5642766952514648
train loss
0.7009757876396179
time: 1.5547466278076172
train loss
0.7009734332561492
time: 1.5556902885437012
train loss
0.7021767437458039
time: 1.5556004047393799
train loss
0.7006211638450622
time: 1.5607445240020752
train loss
0.7009074747562408
time: 1.5550777912139893
train loss
0.7048812627792358
time: 1.5556128025054932
train loss
0.7067374289035797
time: 1.557488203048706
train loss
0.7074075043201447
time: 1.5549037456512451
train loss
0.7064943790435791
time: 1.5537128448486328
train loss
0.7053247809410095
test loss
0.6034911870956421
inf
time: 1.5645792484283447
train loss
0.702046912908554
time: 1.5536603927612305
train loss
0.6986567258834839
time: 1.5545353889465332
train loss
0.6981172323226928
time: 1.5576395988464355
train loss
0.697156673669815
time: 1.5531821250915527
train loss
0.6958037912845612
time: 1.5547361373901367
train loss
0.6952375531196594
time: 1.5542445182800293
train loss
0.6954961895942688
time: 1.5575284957885742
train loss
0.695956540107727
time: 1.5513603687286377
train loss
0.6949007451534271
time: 1.5540668964385986
train loss
0.6942814111709594
test loss
0.5981574654579163
inf
time: 1.5653469562530518
train loss
0.693555623292923
time: 1.5568556785583496
train loss
0.693468451499939
time: 1.554886817932129
train loss
0.6936196267604828
time: 1.5554709434509277
train loss
0.6925759494304657
time: 1.5546867847442627
train loss
0.6935379922389984
time: 1.552429437637329
train loss
0.6951323032379151
time: 1.5549380779266357
train loss
0.6982672095298768
time: 1.5626764297485352
train loss
0.6994942188262939
time: 1.556014060974121
train loss
0.7017993927001953
time: 1.5560886859893799
train loss
0.7045425236225128
test loss
0.6031569957733154
inf
time: 1.559051752090454
train loss
0.7029243052005768
time: 1.556218147277832
train loss
0.7071267068386078
time: 1.55562162399292
train loss
0.7225593388080597
time: 1.5536415576934814
train loss
0.735523784160614
time: 1.5543382167816162
train loss
0.7497916638851165
time: 1.5516953468322754
train loss
0.7762650549411774
time: 1.5609848499298096
train loss
0.7523075044155121
time: 1.554502010345459
train loss
0.7287697792053223
time: 1.5543453693389893
train loss
0.7165665686130523
time: 1.555858850479126
train loss
0.7111065566539765
test loss
0.6055615067481994
inf
time: 1.55501127243042
train loss
0.7169723331928253
time: 1.5561296939849854
train loss
0.7492403745651245
time: 1.556002140045166
train loss
0.7415932774543762
time: 1.5544517040252686
train loss
0.7203064382076263
time: 1.5552990436553955
train loss
0.7088871598243713
time: 1.5522775650024414
train loss
0.7039288461208344
time: 1.5616466999053955
train loss
0.7036262929439545
time: 1.555201530456543
train loss
0.7025974094867706
time: 1.5549030303955078
train loss
0.708071255683899
time: 1.5544447898864746
train loss
0.7024081766605377
test loss
0.6023800730705261
inf
time: 1.5460083484649658
train loss
0.7014040946960449
time: 1.5434234142303467
train loss
0.6980611264705658
time: 1.54301118850708
train loss
0.6970185458660125
time: 1.543595552444458
train loss
0.6957343816757202
time: 1.5420513153076172
train loss
0.6943582713603973
time: 1.5439627170562744
train loss
0.6939140260219574
time: 1.541346788406372
train loss
0.692683357000351
time: 1.54353666305542
train loss
0.6919278979301453
time: 1.5439059734344482
train loss
0.6916132509708405
time: 1.5438599586486816
train loss
0.6918654143810272
test loss
0.5986919581890107
inf
time: 1.5492401123046875
train loss
0.6919556796550751
time: 1.5412416458129883
train loss
0.6918134450912475
time: 1.5545456409454346
train loss
0.6920572578907013
time: 1.5551872253417969
train loss
0.6924256443977356
time: 1.554511308670044
train loss
0.6926994562149048
time: 1.5537300109863281
train loss
0.6925809800624847
time: 1.553908348083496
train loss
0.6925068318843841
time: 1.562352180480957
train loss
0.6931625783443451
time: 1.5556011199951172
train loss
0.6928070247173309
time: 1.5541715621948242
train loss
0.6949504494667054
test loss
0.599368953704834
inf
time: 1.5537405014038086
train loss
0.6931637167930603
time: 1.5531280040740967
train loss
0.6916791379451752
time: 1.5541331768035889
train loss
0.6920231997966766
time: 1.5522639751434326
train loss
0.6925256133079529
time: 1.5565688610076904
train loss
0.6927390158176422
time: 1.5553398132324219
train loss
0.6925055146217346
time: 1.5587294101715088
train loss
0.6927407681941986
time: 1.5544233322143555
train loss
0.6934016108512878
time: 1.5551433563232422
train loss
0.6948713421821594
time: 1.5609865188598633
train loss
0.6942679405212402
test loss
0.6003676176071167
inf
time: 1.5631544589996338
train loss
0.6929229617118835
time: 1.551760196685791
train loss
0.6917737603187561
time: 1.5595273971557617
train loss
0.6913571357727051
time: 1.5556368827819824
train loss
0.6903596103191376
time: 1.5540950298309326
train loss
0.6902953088283539
time: 1.5538430213928223
train loss
0.6900141954421997
time: 1.5554931163787842
train loss
0.6895704865455627
time: 1.554966926574707
train loss
0.6901390969753265
time: 1.554307222366333
train loss
0.6908083438873291
time: 1.5525882244110107
train loss
0.6939809679985046
test loss
0.6005948901176452
inf
time: 1.5649299621582031
train loss
0.6970241367816925
time: 1.5576326847076416
train loss
0.7059185266494751
time: 1.5523083209991455
train loss
0.7135280013084412
time: 1.5420355796813965
train loss
0.7287248075008392
time: 1.550731897354126
train loss
0.7296551048755646
time: 1.5549073219299316
train loss
0.751486849784851
time: 1.5536696910858154
train loss
0.7389518737792968
time: 1.5531456470489502
train loss
0.7491255640983582
time: 1.555185317993164
train loss
0.7358804285526276
time: 1.5557191371917725
train loss
0.7208095908164978
test loss
0.6098403930664062
inf
time: 1.5514140129089355
train loss
0.7092657446861267
time: 1.554028034210205
train loss
0.7008037745952607
time: 1.553734540939331
train loss
0.7003127872943878
time: 1.5551457405090332
train loss
0.6999513983726502
time: 1.5561270713806152
train loss
0.6982473015785218
time: 1.5554389953613281
train loss
0.696743643283844
time: 1.5549602508544922
train loss
0.6971068322658539
time: 1.5541398525238037
train loss
0.6940580666065216
time: 1.5620214939117432
train loss
0.6925024926662445
time: 1.557398796081543
train loss
0.6914055109024048
test loss
0.599162495136261
inf
time: 1.563340663909912
train loss
0.6913922190666199
time: 1.554049015045166
train loss
0.6917038023471832
time: 1.5535731315612793
train loss
0.6907487154006958
time: 1.5560190677642822
train loss
0.6896696627140045
time: 1.5546956062316895
train loss
0.6887060046195984
time: 1.5543203353881836
train loss
0.6886908292770386
time: 1.5533454418182373
train loss
0.6877999365329742
time: 1.555265188217163
train loss
0.6878477394580841
time: 1.5557975769042969
train loss
0.6883918464183807
time: 1.5547091960906982
train loss
0.6892258584499359
test loss
0.5985062122344971
nan
time: 1.555696964263916
train loss
0.69219930768013
time: 1.5571868419647217
train loss
0.6932843327522278
time: 1.5562701225280762
train loss
0.6918186902999878
time: 1.5541222095489502
train loss
0.689882755279541
time: 1.556180715560913
train loss
0.6888396680355072
time: 1.5569112300872803
train loss
0.6890149295330048
time: 1.5549108982086182
train loss
0.6878426551818848
time: 1.5515961647033691
train loss
0.6874701321125031
time: 1.5570478439331055
train loss
0.687849372625351
time: 1.5549306869506836
train loss
0.6874685168266297
test loss
0.5970123171806335
inf
time: 1.5535047054290771
train loss
0.6869668304920197
time: 1.5533270835876465
train loss
0.6864767253398896
time: 1.5561959743499756
train loss
0.6871241509914399
time: 1.5562965869903564
train loss
0.6867352306842804
time: 1.5557358264923096
train loss
0.6878289163112641
time: 1.5581037998199463
train loss
0.6916541337966919
time: 1.5557396411895752
train loss
0.6983420431613923
time: 1.5569138526916504
train loss
0.7099540948867797
time: 1.5564706325531006
train loss
0.7332885384559631
time: 1.5544133186340332
train loss
0.7345382452011109
test loss
0.6225184917449951
inf
time: 1.5525143146514893
train loss
0.753266704082489
time: 1.545565128326416
train loss
0.7668536901473999
time: 1.5544309616088867
train loss
0.8133377492427826
time: 1.544344425201416
train loss
0.8081852793693542
time: 1.5467376708984375
train loss
0.767605185508728
time: 1.543074131011963
train loss
0.744344025850296
time: 1.5430059432983398
train loss
0.7247102975845336
time: 1.5447311401367188
train loss
0.7263392508029938
time: 1.5460445880889893
train loss
0.7247084259986878
time: 1.5468292236328125
train loss
0.7166510999202729
test loss
0.6093150496482849
inf
time: 1.5455999374389648
train loss
0.71176677942276
time: 1.5554955005645752
train loss
0.7068215131759643
time: 1.552877426147461
train loss
0.7006176829338073
time: 1.556232213973999
train loss
0.6977321982383728
time: 1.556612491607666
train loss
0.698080176115036
time: 1.5580933094024658
train loss
0.7027947723865509
time: 1.551635503768921
train loss
0.7010924994945527
time: 1.5439743995666504
train loss
0.6999510049819946
time: 1.5433614253997803
train loss
0.7010535001754761
time: 1.5467233657836914
train loss
0.6983911871910096
test loss
0.6017286062240601
inf
time: 1.554006576538086
train loss
0.6955381095409393
time: 1.544670820236206
train loss
0.6927049398422241
time: 1.5430736541748047
train loss
0.6909856796264648
time: 1.5463619232177734
train loss
0.6909549295902252
time: 1.54301118850708
train loss
0.6908522546291351
time: 1.545548439025879
train loss
0.6909561693668366
time: 1.5479416847229004
train loss
0.6901946306228638
time: 1.5453531742095947
train loss
0.6884721755981446
time: 1.5522997379302979
train loss
0.6875732600688934
time: 1.5573487281799316
train loss
0.6876436114311218
test loss
0.5985121846199035
inf
time: 1.5663645267486572
train loss
0.6876842856407166
time: 1.5574274063110352
train loss
0.6882441699504852
time: 1.5551261901855469
train loss
0.6890213429927826
time: 1.550755262374878
train loss
0.688164871931076
time: 1.5458931922912598
train loss
0.6874547243118286
time: 1.5567302703857422
train loss
0.6882179975509644
time: 1.5544335842132568
train loss
0.6883274853229523
time: 1.5567269325256348
train loss
0.6879871010780334
time: 1.5554075241088867
train loss
0.6875149965286255
time: 1.5577919483184814
train loss
0.6861513435840607
test loss
0.5974508762359619
inf
time: 1.5661723613739014
train loss
0.6869619965553284
time: 1.5579040050506592
train loss
0.6862539768218994
time: 1.5565931797027588
train loss
0.6862557411193848
time: 1.5629847049713135
train loss
0.6866636633872986
time: 1.557185173034668
train loss
0.6910526871681213
time: 1.557845115661621
train loss
0.7029892146587372
time: 1.5554533004760742
train loss
0.7017054677009582
time: 1.5593080520629883
train loss
0.7013356268405915
time: 1.555701494216919
train loss
0.7078616440296173
time: 1.5563311576843262
train loss
0.7054798364639282
test loss
0.6071210145950318
inf
time: 1.561178207397461
train loss
0.7169628441333771
time: 1.555004596710205
train loss
0.7364774942398071
time: 1.5577423572540283
train loss
0.7119444727897644
time: 1.557419776916504
train loss
0.6980602622032166
time: 1.5658273696899414
train loss
0.7059128761291504
time: 1.5569956302642822
train loss
0.7400711476802826
time: 1.556926965713501
train loss
0.7182493090629578
time: 1.5570321083068848
train loss
0.70464586019516
time: 1.5576286315917969
train loss
0.7036206543445587
time: 1.5561931133270264
train loss
0.7036012768745422
test loss
0.603992760181427
inf
time: 1.5677692890167236
train loss
0.6985841512680053
time: 1.557492971420288
train loss
0.6929759919643402
time: 1.5561518669128418
train loss
0.6906974732875824
time: 1.557344675064087
train loss
0.6881142318248749
time: 1.5560405254364014
train loss
0.6873119890689849
time: 1.5556528568267822
train loss
0.6879924058914184
time: 1.5536291599273682
train loss
0.6888471603393554
time: 1.5545413494110107
train loss
0.6868162453174591
time: 1.5558528900146484
train loss
0.6858717262744903
time: 1.5510540008544922
train loss
0.6850524842739105
test loss
0.5972468137741089
inf
time: 1.550734281539917
train loss
0.6846590518951416
time: 1.5432233810424805
train loss
0.6844278275966644
time: 1.5438978672027588
train loss
0.6846021831035614
time: 1.5439488887786865
train loss
0.6842575788497924
time: 1.5443453788757324
train loss
0.6838204681873321
time: 1.5423190593719482
train loss
0.6834265351295471
time: 1.5453708171844482
train loss
0.6837988793849945
time: 1.542060375213623
train loss
0.6837805449962616
time: 1.5443980693817139
train loss
0.6829449474811554
time: 1.5414187908172607
train loss
0.6829302132129669
test loss
0.5971853613853455
inf
time: 1.5491530895233154
train loss
0.6836571872234345
time: 1.5426228046417236
train loss
0.6843321919441223
time: 1.543297529220581
train loss
0.6848547637462616
time: 1.5415384769439697
train loss
0.6844585955142974
time: 1.5414905548095703
train loss
0.6842478215694427
time: 1.5438165664672852
train loss
0.6838608086109161
time: 1.5402705669403076
train loss
0.6834835588932038
time: 1.5441029071807861
train loss
0.6834448277950287
time: 1.5452179908752441
train loss
0.6831198632717133
time: 1.5451741218566895
train loss
0.6830134332180023
test loss
0.5983026146888732
nan
time: 1.547947645187378
train loss
0.683129507303238
time: 1.5440878868103027
train loss
0.682215815782547
time: 1.5568606853485107
train loss
0.6814448773860932
time: 1.5559272766113281
train loss
0.6819941282272339
time: 1.554785966873169
train loss
0.6818371474742889
time: 1.555375099182129
train loss
0.6821062564849854
time: 1.5402326583862305
train loss
0.6830866158008575
time: 1.541412115097046
train loss
0.6822969794273377
time: 1.5411005020141602
train loss
0.6827699601650238
time: 1.542431116104126
train loss
0.6828609347343445
test loss
0.59644695520401
inf
time: 1.5399987697601318
train loss
0.6823173105716706
time: 1.543651819229126
train loss
0.6839597642421722
time: 1.541609764099121
train loss
0.6845415592193603
time: 1.5416371822357178
train loss
0.6844031393527985
time: 1.540813684463501
train loss
0.6835811257362365
time: 1.5439820289611816
train loss
0.6827670156955719
time: 1.54268217086792
train loss
0.6829414069652557
time: 1.5423991680145264
train loss
0.6855750024318695
time: 1.5424883365631104
train loss
0.6929751455783844
time: 1.5436646938323975
train loss
0.7090965747833252
test loss
0.6241281509399415
inf
time: 1.5510170459747314
train loss
0.7704645872116089
time: 1.5427398681640625
train loss
0.8039883017539978
time: 1.542644739151001
train loss
0.8791070282459259
time: 1.5444955825805664
train loss
0.8572140693664551
time: 1.5428433418273926
train loss
0.881987315416336
time: 1.5419917106628418
train loss
0.8731399655342102
time: 1.543698787689209
train loss
0.8480507016181946
time: 1.5517354011535645
train loss
0.810529088973999
time: 1.5544285774230957
train loss
0.7828774392604828
time: 1.553420066833496
train loss
0.7688597202301025
test loss
0.6265895009040833
inf
time: 1.552112102508545
train loss
0.7674366116523743
time: 1.5458683967590332
train loss
0.7653423249721527
time: 1.5460658073425293
train loss
0.7462061524391175
time: 1.5440621376037598
train loss
0.7367405533790589
time: 1.541900873184204
train loss
0.7318433523178101
time: 1.5404493808746338
train loss
0.7295815169811248
time: 1.5440149307250977
train loss
0.7239617168903351
time: 1.5441291332244873
train loss
0.7203012526035308
time: 1.5420689582824707
train loss
0.7187402904033661
time: 1.5474252700805664
train loss
0.7154909789562225
test loss
0.6098865032196045
inf
time: 1.5527002811431885
train loss
0.7135786056518555
time: 1.5430729389190674
train loss
0.7129360556602478
time: 1.5446302890777588
train loss
0.7113166987895966
time: 1.5417773723602295
train loss
0.710277658700943
time: 1.545386791229248
train loss
0.7075641751289368
time: 1.5453205108642578
train loss
0.7062017321586609
time: 1.546752691268921
train loss
0.7050296187400817
time: 1.5455520153045654
train loss
0.7045299053192139
time: 1.5438826084136963
train loss
0.703300940990448
time: 1.5450034141540527
train loss
0.7029562771320343
test loss
0.6053078889846801
inf
time: 1.5444910526275635
train loss
0.702102130651474
time: 1.5437088012695312
train loss
0.7005654036998749
time: 1.544980764389038
train loss
0.6994781911373138
time: 1.5454294681549072
train loss
0.6993285775184631
time: 1.5458221435546875
train loss
0.6994885683059693
time: 1.5462756156921387
train loss
0.7003011345863343
time: 1.547936201095581
train loss
0.7012479066848755
time: 1.5438039302825928
train loss
0.6996840059757232
time: 1.5464556217193604
train loss
0.7029318153858185
time: 1.5478777885437012
train loss
0.7076644897460938
test loss
0.6084025263786316
inf
time: 1.5534920692443848
train loss
0.7038401007652283
time: 1.5446701049804688
train loss
0.7036250472068787
time: 1.5448973178863525
train loss
0.7004070818424225
time: 1.5445003509521484
train loss
0.6977323114871978
time: 1.545280933380127
train loss
0.6956658601760864
time: 1.5450661182403564
train loss
0.6946687817573547
time: 1.5434622764587402
train loss
0.6935594797134399
time: 1.546083688735962
train loss
0.6924373984336853
time: 1.5463840961456299
train loss
0.6914730906486511
time: 1.5458674430847168
train loss
0.6906806111335755
test loss
0.6004636645317077
inf
time: 1.5531458854675293
train loss
0.6900233089923858
time: 1.5467522144317627
train loss
0.6895469009876252
time: 1.546656608581543
train loss
0.6895224034786225
time: 1.5463762283325195
train loss
0.6899129033088685
time: 1.5504803657531738
train loss
0.6899486124515534
time: 1.5445361137390137
train loss
0.6894414007663727
time: 1.5464222431182861
train loss
0.6887551367282867
time: 1.544410228729248
train loss
0.6883984923362731
time: 1.545236349105835
train loss
0.6886065602302551
time: 1.5513086318969727
train loss
0.6900459945201873
test loss
0.6016459822654724
inf
time: 1.5535876750946045
train loss
0.6953729391098022
time: 1.5423407554626465
train loss
0.7008217334747314
time: 1.5439307689666748
train loss
0.7054193556308747
time: 1.5439176559448242
train loss
0.7259851634502411
time: 1.5433189868927002
train loss
0.7392223417758942
time: 1.5432682037353516
train loss
0.7376984298229218
time: 1.5509557723999023
train loss
0.7296476900577545
time: 1.5454864501953125
train loss
0.7130261242389679
time: 1.5438129901885986
train loss
0.7085906147956849
time: 1.5488300323486328
train loss
0.7097633361816407
test loss
0.6057581782341004
inf
time: 1.5516393184661865
train loss
0.7049946129322052
time: 1.5450694561004639
train loss
0.6973728239536285
time: 1.5437586307525635
train loss
0.6930757761001587
time: 1.5449466705322266
train loss
0.6922210812568664
time: 1.5467655658721924
train loss
0.6916059613227844
time: 1.544398307800293
train loss
0.6898058950901031
time: 1.5463073253631592
train loss
0.6886046051979064
time: 1.5447766780853271
train loss
0.6878004908561707
time: 1.5473706722259521
train loss
0.6871142148971557
time: 1.5462944507598877
train loss
0.6867597460746765
test loss
0.6003876090049743
inf
time: 1.5458767414093018
train loss
0.6869063794612884
time: 1.5458900928497314
train loss
0.6859211981296539
time: 1.5437366962432861
train loss
0.6864108622074128
time: 1.5426874160766602
train loss
0.6852332293987274
time: 1.5431358814239502
train loss
0.6848570466041565
time: 1.5445680618286133
train loss
0.6846848428249359
time: 1.5416581630706787
train loss
0.684780728816986
time: 1.5536186695098877
train loss
0.685578316450119
time: 1.5540008544921875
train loss
0.6862537622451782
time: 1.5554311275482178
train loss
0.6869899928569794
test loss
0.5997411608695984
inf
time: 1.553816318511963
train loss
0.6864658653736114
time: 1.5540413856506348
train loss
0.6849956929683685
time: 1.5535755157470703
train loss
0.6839161872863769
time: 1.552222728729248
train loss
0.6831022083759308
time: 1.5521283149719238
train loss
0.6832775592803955
time: 1.5530078411102295
train loss
0.6833016812801361
time: 1.5444772243499756
train loss
0.6830696225166321
time: 1.5421998500823975
train loss
0.6832149207592011
time: 1.5421371459960938
train loss
0.6835500299930573
time: 1.5460898876190186
train loss
0.683217316865921
test loss
0.5990741610527038
inf
time: 1.5415353775024414
train loss
0.6830207407474518
time: 1.5490100383758545
train loss
0.6827564179897309
time: 1.542555809020996
train loss
0.6822279810905456
time: 1.5426459312438965
train loss
0.682357770204544
time: 1.5432021617889404
train loss
0.6824080169200897
time: 1.5522215366363525
train loss
0.6826172411441803
time: 1.5434112548828125
train loss
0.6829350352287292
time: 1.5425372123718262
train loss
0.6821697652339935
time: 1.5422325134277344
train loss
0.6841157793998718
time: 1.5515058040618896
train loss
0.6935511291027069
test loss
0.6033578991889954
inf
time: 1.5552077293395996
train loss
0.6977342963218689
time: 1.5449001789093018
train loss
0.6972392439842224
time: 1.5425877571105957
train loss
0.7011237502098083
time: 1.5441646575927734
train loss
0.7106729507446289
time: 1.545435905456543
train loss
0.7284436106681824
time: 1.5459668636322021
train loss
0.728532487154007
time: 1.546107530593872
train loss
0.7181690037250519
time: 1.5488226413726807
train loss
0.7026634693145752
time: 1.5463485717773438
train loss
0.6940221726894379
time: 1.5460031032562256
train loss
0.6910478472709656
test loss
0.5994807004928588
inf
time: 1.5512986183166504
train loss
0.6915469110012055
time: 1.545856237411499
train loss
0.6909630775451661
time: 1.545339584350586
train loss
0.6880728006362915
time: 1.5427310466766357
train loss
0.6856316208839417
time: 1.5430426597595215
train loss
0.68384570479393
time: 1.5432312488555908
train loss
0.6837456941604614
time: 1.5425751209259033
train loss
0.6844018876552582
time: 1.5426278114318848
train loss
0.6840818345546722
time: 1.542872428894043
train loss
0.6826593101024627
time: 1.543956995010376
train loss
0.6817415177822113
test loss
0.5973184704780579
inf
time: 1.5450267791748047
train loss
0.6817115008831024
time: 1.544478178024292
train loss
0.6814609467983246
time: 1.542250633239746
train loss
0.6810879170894623
time: 1.5427417755126953
train loss
0.6813863039016723
time: 1.5459332466125488
train loss
0.6814607799053192
time: 1.541823148727417
train loss
0.6819966435432434
time: 1.5433616638183594
train loss
0.6817236006259918
time: 1.5433149337768555
train loss
0.6819454550743103
time: 1.5451369285583496
train loss
0.6813673794269561
time: 1.5551037788391113
train loss
0.6825274109840394
test loss
0.5999642252922058
inf
time: 1.5570125579833984
train loss
0.6847777962684631
time: 1.5574586391448975
train loss
0.6876920640468598
time: 1.557255506515503
train loss
0.6906218349933624
time: 1.5568537712097168
train loss
0.7023933351039886
time: 1.5575120449066162
train loss
0.7138786733150482
time: 1.556086778640747
train loss
0.7035323083400726
time: 1.5567936897277832
train loss
0.7003125488758087
time: 1.5571768283843994
train loss
0.7070480167865754
time: 1.5569510459899902
train loss
0.6978305280208588
time: 1.5582144260406494
train loss
0.6888364315032959
test loss
0.6010452508926392
inf
time: 1.548706293106079
train loss
0.6861201047897338
time: 1.5467989444732666
train loss
0.6850534737110138
time: 1.5448167324066162
train loss
0.6827688336372375
time: 1.546543836593628
train loss
0.6819583237171173
time: 1.5470752716064453
train loss
0.6808860838413239
time: 1.5441625118255615
train loss
0.6802521526813508
time: 1.5479769706726074
train loss
0.6798143804073333
time: 1.5523350238800049
train loss
0.6799973905086517
time: 1.5440781116485596
train loss
0.6798054039478302
time: 1.5456616878509521
train loss
0.6799299597740174
test loss
0.5960549116134644
inf
/pscratch/sd/g/gzhao27/INR/SOMA/2024-12-11SOMA-inr_w020_ld256.pt
time: 1.5428581237792969
train loss
0.6802012681961059
time: 1.544576644897461
train loss
0.6809759020805359
time: 1.5462121963500977
train loss
0.6797852873802185
time: 1.5441267490386963
train loss
0.680351448059082
time: 1.5466525554656982
train loss
0.6794447720050811
time: 1.5464611053466797
train loss
0.6800160467624664
time: 1.5441861152648926
train loss
0.6808899104595184
time: 1.5454425811767578
train loss
0.680889505147934
time: 1.5443334579467773
train loss
0.6787865698337555
time: 1.5468201637268066
train loss
0.6791836857795716
test loss
0.59739191532135
inf
time: 1.552384853363037
train loss
0.6798944056034089
time: 1.5443501472473145
train loss
0.6790123343467712
time: 1.5470776557922363
train loss
0.6790487408638001
time: 1.5509955883026123
train loss
0.6790868699550628
time: 1.5478932857513428
train loss
0.6803609609603882
time: 1.5476539134979248
train loss
0.6818812847137451
time: 1.5460944175720215
train loss
0.6819267213344574
time: 1.5484068393707275
train loss
0.6810754001140594
time: 1.5459630489349365
train loss
0.6815030634403229
time: 1.5462210178375244
train loss
0.6824913918972015
test loss
0.5977574110031127
inf
time: 1.5558714866638184
train loss
0.6882738411426544
time: 1.558129072189331
train loss
0.71202432513237
time: 1.5578954219818115
train loss
0.7309441089630127
time: 1.5659563541412354
train loss
0.7637390792369843
time: 1.5610620975494385
train loss
0.8290588736534119
time: 1.5583586692810059
train loss
0.7776480615139008
time: 1.5598664283752441
train loss
0.7576284229755401
time: 1.5596861839294434
train loss
0.724939352273941
time: 1.5592801570892334
train loss
0.7097829818725586
time: 1.5570440292358398
train loss
0.7077555596828461
test loss
0.606852650642395
inf
time: 1.5463447570800781
train loss
0.7057399094104767
time: 1.5442893505096436
train loss
0.709677654504776
time: 1.5466222763061523
train loss
0.7073452711105347
time: 1.5514883995056152
train loss
0.7085154533386231
time: 1.5452799797058105
train loss
0.7030637919902801
time: 1.5556681156158447
train loss
0.6971507966518402
time: 1.5661232471466064
train loss
0.6907332718372345
time: 1.5488407611846924
train loss
0.6869244813919068
time: 1.544851303100586
train loss
0.6852699398994446
time: 1.5472731590270996
train loss
0.684147447347641
test loss
0.5978227972984314
inf
time: 1.5567822456359863
train loss
0.6847303688526154
time: 1.548344612121582
train loss
0.6830913186073303
time: 1.5455820560455322
train loss
0.683206844329834
time: 1.5465519428253174
train loss
0.6822560906410218
time: 1.5466821193695068
train loss
0.6815755069255829
time: 1.5456953048706055
train loss
0.6815787076950073
time: 1.546809434890747
train loss
0.681052166223526
time: 1.5454862117767334
train loss
0.6806447803974152
time: 1.543091058731079
train loss
0.6804540753364563
time: 1.5454027652740479
train loss
0.6796744048595429
test loss
0.5960399389266968
inf
/pscratch/sd/g/gzhao27/INR/SOMA/2024-12-11SOMA-inr_w020_ld256.pt
time: 1.5511021614074707
train loss
0.6795342326164245
time: 1.544163703918457
train loss
0.6797122299671173
time: 1.54237699508667
train loss
0.6798484981060028
time: 1.5427870750427246
train loss
0.6798797965049743
time: 1.5443224906921387
train loss
0.679123830795288
time: 1.5420494079589844
train loss
0.679177051782608
time: 1.545440435409546
train loss
0.679454630613327
time: 1.546694040298462
train loss
0.6796963095664978
time: 1.5419926643371582
train loss
0.679006677865982
time: 1.5442354679107666
train loss
0.6782810986042023
test loss
0.5956398367881774
inf
/pscratch/sd/g/gzhao27/INR/SOMA/2024-12-11SOMA-inr_w020_ld256.pt
time: 1.5467066764831543
train loss
0.6782204151153565
time: 1.5453300476074219
train loss
0.6785479009151458
time: 1.5456242561340332
train loss
0.6787359178066253
time: 1.545487403869629
train loss
0.6789014339447021
time: 1.5421159267425537
train loss
0.6790791869163513
time: 1.5460045337677002
train loss
0.6793810784816742
time: 1.5482187271118164
train loss
0.6812016844749451
time: 1.5507237911224365
train loss
0.68520427942276
time: 1.545882225036621
train loss
0.689950168132782
time: 1.544086217880249
train loss
0.69190673828125
test loss
0.6088820338249207
inf
time: 1.5524284839630127
train loss
0.7029830336570739
time: 1.5437843799591064
train loss
0.7223764002323151
time: 1.5438151359558105
train loss
0.7352112650871276
time: 1.5450034141540527
train loss
0.7285478591918946
time: 1.5452163219451904
train loss
0.7396553933620453
time: 1.5432839393615723
train loss
0.7802376687526703
time: 1.5468015670776367
train loss
0.7639713227748871
time: 1.5431885719299316
train loss
0.7517215788364411
time: 1.5461969375610352
train loss
0.73793625831604
time: 1.5433762073516846
train loss
0.723101145029068
test loss
0.6124372482299805
inf
time: 1.5482063293457031
train loss
0.7099911510944367
time: 1.5465950965881348
train loss
0.7006831169128418
time: 1.5461013317108154
train loss
0.6937433958053589
time: 1.5438580513000488
train loss
0.6909920930862427
time: 1.5500705242156982
train loss
0.6885901153087616
time: 1.546522855758667
train loss
0.6865505516529083
time: 1.5445153713226318
train loss
0.6854738116264343
time: 1.5455968379974365
train loss
0.6857156932353974
time: 1.545670747756958
train loss
0.6870814681053161
time: 1.5466675758361816
train loss
0.6856115341186524
test loss
0.5989676475524902
inf
time: 1.5559477806091309
train loss
0.6833244502544403
time: 1.5451574325561523
train loss
0.6826436877250671
time: 1.545501470565796
train loss
0.6822489082813263
time: 1.5469753742218018
train loss
0.6819747269153595
time: 1.545781135559082
train loss
0.681777048110962
time: 1.5453517436981201
train loss
0.6816564857959747
time: 1.5432965755462646
train loss
0.6818368136882782
time: 1.5438196659088135
train loss
0.681714677810669
time: 1.5432407855987549
train loss
0.6806101500988007
time: 1.5438668727874756
train loss
0.6795296251773835
test loss
0.5966474890708924
inf
time: 1.5556974411010742
train loss
0.6795880258083343
time: 1.5462756156921387
train loss
0.6799951791763306
time: 1.5492522716522217
train loss
0.6810120522975922
time: 1.5493957996368408
train loss
0.6815365850925446
time: 1.5453555583953857
train loss
0.6807560503482819
time: 1.544403314590454
train loss
0.679489690065384
time: 1.5458686351776123
train loss
0.6792759656906128
time: 1.5472230911254883
train loss
0.6791494786739349
time: 1.5452601909637451
train loss
0.6789432883262634
time: 1.5455427169799805
train loss
0.6787871837615966
test loss
0.5963026523590088
inf
time: 1.5538392066955566
train loss
0.6788584113121032
time: 1.5456912517547607
train loss
0.6794677555561066
time: 1.5471525192260742
train loss
0.6798127591609955
time: 1.5470294952392578
train loss
0.6802166044712067
time: 1.5441923141479492
train loss
0.6790835499763489
time: 1.544762134552002
train loss
0.6792411148548126
time: 1.551236867904663
train loss
0.6786590218544006
time: 1.5448107719421387
train loss
0.6781238138675689
time: 1.5451791286468506
train loss
0.6781074225902557
time: 1.5450596809387207
train loss
0.6774816572666168
test loss
0.5957093954086303
inf
time: 1.5550312995910645
train loss
0.678952556848526
time: 1.5439393520355225
train loss
0.6788407981395721
time: 1.5457720756530762
train loss
0.6787892818450928
time: 1.544262170791626
train loss
0.678948187828064
time: 1.5414912700653076
train loss
0.6792273759841919
time: 1.5441877841949463
train loss
0.6801063179969787
time: 1.545034646987915
train loss
0.6795226156711578
time: 1.5396933555603027
train loss
0.6786150097846985
time: 1.5435705184936523
train loss
0.6790516793727874
time: 1.542881727218628
train loss
0.6799538850784301
test loss
0.5968791127204895
inf
time: 1.5541448593139648
train loss
0.679034972190857
time: 1.5430285930633545
train loss
0.6790773868560791
time: 1.544997215270996
train loss
0.6793937861919404
time: 1.5432045459747314
train loss
0.679695439338684
time: 1.5455660820007324
train loss
0.6797700703144074
time: 1.5474047660827637
train loss
0.6795943200588226
time: 1.5530078411102295
train loss
0.6790749251842498
time: 1.5564250946044922
train loss
0.6829003691673279
time: 1.5544276237487793
train loss
0.6887845098972321
time: 1.5541446208953857
train loss
0.73592209815979
test loss
0.6378119230270386
inf
time: 1.550379753112793
train loss
0.7362902104854584
time: 1.5409841537475586
train loss
0.7321013510227203
time: 1.544020175933838
train loss
0.7242982387542725
time: 1.5431933403015137
train loss
0.7085671246051788
time: 1.5442638397216797
train loss
0.6984175860881805
time: 1.5428471565246582
train loss
0.6912505626678467
time: 1.5427026748657227
train loss
0.6876815438270569
time: 1.5414352416992188
train loss
0.6879938125610352
time: 1.5519297122955322
train loss
0.6864860773086547
time: 1.5549540519714355
train loss
0.6819355607032775
test loss
0.5973808169364929
inf
time: 1.5526671409606934
train loss
0.6795488715171814
time: 1.5531425476074219
train loss
0.6785812675952911
time: 1.5521714687347412
train loss
0.6793864369392395
time: 1.5550193786621094
train loss
0.6780466914176941
time: 1.5558207035064697
train loss
0.678165054321289
time: 1.555182933807373
train loss
0.677536529302597
time: 1.5535821914672852
train loss
0.6771114051342011
time: 1.5500121116638184
train loss
0.6773588001728058
time: 1.5528039932250977
train loss
0.6771623611450195
time: 1.5568699836730957
train loss
0.6770728051662445
test loss
0.5949854373931884
inf
/pscratch/sd/g/gzhao27/INR/SOMA/2024-12-11SOMA-inr_w020_ld256.pt
time: 1.5442686080932617
train loss
0.6768268942832947
time: 1.5489161014556885
train loss
0.6770794928073883
time: 1.5461368560791016
train loss
0.67639941573143
time: 1.543269157409668
train loss
0.67680743932724
time: 1.5515878200531006
train loss
0.6776099443435669
time: 1.5424511432647705
train loss
0.677091407775879
time: 1.5429069995880127
train loss
0.6763186872005462
time: 1.5446739196777344
train loss
0.6766746699810028
time: 1.5445189476013184
train loss
0.677050131559372
time: 1.5432765483856201
train loss
0.6764641106128693
test loss
0.5948663949966431
inf
/pscratch/sd/g/gzhao27/INR/SOMA/2024-12-11SOMA-inr_w020_ld256.pt
time: 1.54266357421875
train loss
0.6764360666275024
time: 1.540611982345581
train loss
0.6767885863780976
time: 1.5430629253387451
train loss
0.6766500234603882
time: 1.5416028499603271
train loss
0.6770714819431305
time: 1.5456981658935547
train loss
0.677614814043045
time: 1.5529165267944336
train loss
0.6756275653839111
time: 1.553431510925293
train loss
0.6748542189598083
time: 1.559330940246582
train loss
0.6753954291343689
time: 1.5529122352600098
train loss
0.6764902532100677
time: 1.5511090755462646
train loss
0.6761248409748077
test loss
0.5958559036254882
inf
time: 1.5408129692077637
train loss
0.6757099092006683
time: 1.543475866317749
train loss
0.6760992050170899
time: 1.5402674674987793
train loss
0.6768665969371795
time: 1.5408265590667725
train loss
0.676285570859909
time: 1.5435149669647217
train loss
0.675573182106018
time: 1.5455434322357178
train loss
0.6745292365550994
time: 1.552877426147461
train loss
0.6746749639511108
time: 1.544602632522583
train loss
0.6755020797252655
time: 1.5441200733184814
train loss
0.6762423694133759
time: 1.5432820320129395
train loss
0.6782106041908265
test loss
0.5976371526718139
inf
time: 1.5435268878936768
train loss
0.6885843813419342
time: 1.543700933456421
train loss
0.7185778439044952
time: 1.5420873165130615
train loss
0.7214723706245423
time: 1.5442092418670654
train loss
0.7062176167964935
time: 1.550748348236084
train loss
0.7040531635284424
time: 1.5525977611541748
train loss
0.7105158388614654
time: 1.5466670989990234
train loss
0.6996851325035095
time: 1.5437140464782715
train loss
0.6929399073123932
time: 1.5388882160186768
train loss
0.6929436087608337
time: 1.5431933403015137
train loss
0.6896284759044647
test loss
0.6001055598258972
inf
time: 1.5443644523620605
train loss
0.6844215989112854
time: 1.5417718887329102
train loss
0.6834009289741516
time: 1.5421416759490967
train loss
0.6804001092910766
time: 1.5437700748443604
train loss
0.6778821408748626
time: 1.5438182353973389
train loss
0.6768861830234527
time: 1.5435774326324463
train loss
0.6760707080364228
time: 1.5540623664855957
train loss
0.6761639773845672
time: 1.5529863834381104
train loss
0.6758263945579529
time: 1.5538451671600342
train loss
0.6753967583179474
time: 1.5535650253295898
train loss
0.6757817387580871
test loss
0.5962788820266723
inf
time: 1.5498645305633545
train loss
0.6756665587425232
time: 1.5458650588989258
train loss
0.6753508806228637
time: 1.5435593128204346
train loss
0.6771658897399903
time: 1.542724609375
train loss
0.6768694877624511
time: 1.5432403087615967
train loss
0.6759776949882508
time: 1.541224479675293
train loss
0.6762107014656067
time: 1.5490870475769043
train loss
0.6759572684764862
time: 1.5411524772644043
train loss
0.6752522230148316
time: 1.5428941249847412
train loss
0.6753271341323852
time: 1.5443236827850342
train loss
0.6748536825180054
test loss
0.595517098903656
inf
time: 1.5447115898132324
train loss
0.6751231253147125
time: 1.5461528301239014
train loss
0.674464100599289
time: 1.5461091995239258
train loss
0.6749239444732666
time: 1.5536766052246094
train loss
0.6745423436164856
time: 1.5548532009124756
train loss
0.6738958954811096
time: 1.5553338527679443
train loss
0.6745258033275604
time: 1.5569298267364502
train loss
0.6752862989902496
time: 1.558318853378296
train loss
0.6771040737628937
time: 1.541543960571289
train loss
0.6787005424499511
time: 1.5430009365081787
train loss
0.6770288467407226
test loss
0.5963814377784729
inf
time: 1.5432779788970947
train loss
0.6785759091377258
time: 1.5441958904266357
train loss
0.6781614243984222
time: 1.5408647060394287
train loss
0.6816513955593109
time: 1.5442898273468018
train loss
0.6806123435497284
time: 1.5418980121612549
train loss
0.678468257188797
time: 1.5437445640563965
train loss
0.6804352879524231
time: 1.5414988994598389
train loss
0.6806467235088348
time: 1.543527364730835
train loss
0.6832933187484741
time: 1.5432674884796143
train loss
0.6885403096675873
time: 1.5417265892028809
train loss
0.7051464319229126
test loss
0.6170316338539124
inf
time: 1.5407607555389404
train loss
0.7322092592716217
time: 1.5382635593414307
train loss
0.7408087491989136
time: 1.543379545211792
train loss
0.7146968126296998
time: 1.5503761768341064
train loss
0.7222852826118469
time: 1.5510213375091553
train loss
0.7456360697746277
time: 1.5525007247924805
train loss
0.7321542859077453
time: 1.5539302825927734
train loss
0.7113729596138001
time: 1.55857253074646
train loss
0.6986581683158875
time: 1.553267002105713
train loss
0.6919689953327179
time: 1.5574088096618652
train loss
0.68718501329422
test loss
0.6003457069396972
inf
time: 1.5499107837677002
train loss
0.683156305551529
time: 1.541849136352539
train loss
0.6804369151592254
time: 1.5388288497924805
train loss
0.6788665473461151
time: 1.5407168865203857
train loss
0.6779749274253846
time: 1.5436978340148926
train loss
0.6779881060123444
time: 1.5559368133544922
train loss
0.677238267660141
time: 1.5538477897644043
train loss
0.6769920945167541
time: 1.5524296760559082
train loss
0.6763211905956268
time: 1.554426908493042
train loss
0.6763281404972077
time: 1.5547430515289307
train loss
0.6759436130523682
test loss
0.5940203189849853
inf
/pscratch/sd/g/gzhao27/INR/SOMA/2024-12-11SOMA-inr_w020_ld256.pt
time: 1.5606539249420166
train loss
0.6760962724685669
time: 1.5424320697784424
train loss
0.6759437501430512
time: 1.5450327396392822
train loss
0.6757411360740662
time: 1.5540049076080322
train loss
0.6750980496406556
time: 1.5517263412475586
train loss
0.6755091726779938
time: 1.5517432689666748
train loss
0.676056832075119
time: 1.5549569129943848
train loss
0.675296527147293
time: 1.5587315559387207
train loss
0.6749738216400146
time: 1.5569884777069092
train loss
0.6748749136924743
time: 1.5513660907745361
train loss
0.6757097840309143
test loss
0.5965804338455201
inf
time: 1.5490753650665283
train loss
0.6778833448886872
time: 1.5402700901031494
train loss
0.6934929847717285
time: 1.5418665409088135
train loss
0.7216764628887177
time: 1.5394577980041504
train loss
0.728836864233017
time: 1.5413751602172852
train loss
0.7483590483665467
time: 1.5383765697479248
train loss
0.7464355885982513
time: 1.5398576259613037
train loss
0.735595452785492
time: 1.5415458679199219
train loss
0.715018093585968
time: 1.540769100189209
train loss
0.7056502640247345
time: 1.5395631790161133
train loss
0.7133472263813019
test loss
0.6127554535865783
inf
time: 1.5531277656555176
train loss
0.7045368552207947
time: 1.5404391288757324
train loss
0.703240817785263
time: 1.5420506000518799
train loss
0.6919141054153443
time: 1.5429630279541016
train loss
0.6865767538547516
time: 1.5409882068634033
train loss
0.6822300374507904
time: 1.5422134399414062
train loss
0.6811215579509735
time: 1.5426185131072998
train loss
0.679826295375824
time: 1.5438737869262695
train loss
0.6792441606521606
time: 1.5421764850616455
train loss
0.6778628349304199
time: 1.5431246757507324
train loss
0.6771970331668854
test loss
0.5960328221321106
inf
time: 1.5441067218780518
train loss
0.67748943567276
time: 1.5525486469268799
train loss
0.6762699723243714
time: 1.5522181987762451
train loss
0.6758612275123597
time: 1.5529437065124512
train loss
0.6759870946407318
time: 1.5601346492767334
train loss
0.6761433780193329
time: 1.555445671081543
train loss
0.6755900740623474
time: 1.5502822399139404
train loss
0.6746969640254974
time: 1.5433354377746582
train loss
0.674174290895462
time: 1.5412383079528809
train loss
0.6749773681163788
time: 1.5445003509521484
train loss
0.6755911707878113
test loss
0.5939561486244201
inf
/pscratch/sd/g/gzhao27/INR/SOMA/2024-12-11SOMA-inr_w020_ld256.pt
time: 1.5431783199310303
train loss
0.6757417440414428
time: 1.5426099300384521
train loss
0.6749276041984558
time: 1.5468275547027588
train loss
0.6748570799827576
time: 1.5560846328735352
train loss
0.6753535449504853
time: 1.553645372390747
train loss
0.6744089365005493
time: 1.5479333400726318
train loss
0.6747275173664093
time: 1.539762020111084
train loss
0.6761489272117615
time: 1.5417635440826416
train loss
0.6760826885700226
time: 1.5466694831848145
train loss
0.6754859566688538
time: 1.5599181652069092
train loss
0.675862717628479
test loss
0.5933173775672913
inf
/pscratch/sd/g/gzhao27/INR/SOMA/2024-12-11SOMA-inr_w020_ld256.pt
time: 1.5556259155273438
train loss
0.6761991322040558
time: 1.5549111366271973
train loss
0.6750055372714996
time: 1.5533678531646729
train loss
0.6744456171989441
time: 1.559497356414795
train loss
0.6739805996417999
time: 1.5565252304077148
train loss
0.674191927909851
time: 1.5566201210021973
train loss
0.674943470954895
time: 1.5558409690856934
train loss
0.6754578948020935
time: 1.5538074970245361
train loss
0.674249118566513
time: 1.5525929927825928
train loss
0.6743824064731598
time: 1.553492784500122
train loss
0.6745551288127899
test loss
0.5944058060646057
inf
time: 1.5540587902069092
train loss
0.6764111518859863
time: 1.5435891151428223
train loss
0.6764419376850128
time: 1.5449035167694092
train loss
0.6855625629425048
time: 1.5487093925476074
train loss
0.6967691659927369
time: 1.5441069602966309
train loss
0.6928913176059723
time: 1.5469083786010742
train loss
0.6838160336017609
time: 1.5478508472442627
train loss
0.6806773543357849
time: 1.5459566116333008
train loss
0.6843921661376953
time: 1.544490098953247
train loss
0.6871877670288086
time: 1.5463571548461914
train loss
0.6816652595996857
test loss
0.5979481220245362
inf
time: 1.5541696548461914
train loss
0.6792534410953521
time: 1.5438790321350098
train loss
0.6797583341598511
time: 1.5451650619506836
train loss
0.6794294357299805
time: 1.5442941188812256
train loss
0.6789526820182801
time: 1.546579122543335
train loss
0.6768597781658172
time: 1.5447700023651123
train loss
0.675905454158783
time: 1.5476694107055664
train loss
0.6752520203590393
time: 1.551114797592163
train loss
0.6762996673583984
time: 1.5448634624481201
train loss
0.6756276190280914
time: 1.5429420471191406
train loss
0.6739765524864196
test loss
0.594971239566803
inf
time: 1.5469446182250977
train loss
0.6740005552768707
time: 1.5527276992797852
train loss
0.6732437610626221
time: 1.5456502437591553
train loss
0.674092310667038
time: 1.5460729598999023
train loss
0.6732223689556122
time: 1.5446887016296387
train loss
0.6726016581058503
time: 1.5465614795684814
train loss
0.6725169003009797
time: 1.5498874187469482
train loss
0.6725692272186279
time: 1.5522961616516113
train loss
0.6727131128311157
time: 1.5459213256835938
train loss
0.674912178516388
time: 1.5446653366088867
train loss
0.6776881992816925
test loss
0.5958693504333497
inf
time: 1.5431687831878662
train loss
0.6753364324569702
time: 1.5437242984771729
train loss
0.6742891848087311
time: 1.544144868850708
train loss
0.6747039914131164
time: 1.5416340827941895
train loss
0.67502002120018
time: 1.5494256019592285
train loss
0.674836254119873
time: 1.5436575412750244
train loss
0.6740379691123962
time: 1.5440475940704346
train loss
0.6742392659187317
time: 1.5535054206848145
train loss
0.6754658341407775
time: 1.5443425178527832
train loss
0.6754027009010315
time: 1.5446970462799072
train loss
0.6756999611854553
test loss
0.5956433773040771
inf
time: 1.5532677173614502
train loss
0.6753394305706024
time: 1.5466687679290771
train loss
0.6757927477359772
time: 1.5469768047332764
train loss
0.6764532923698425
time: 1.5457744598388672
train loss
0.6874352097511292
time: 1.550917625427246
train loss
0.6866127252578735
time: 1.5466477870941162
train loss
0.7019469380378723
time: 1.5450022220611572
train loss
0.7006191611289978
time: 1.5444307327270508
train loss
0.692137086391449
time: 1.5460224151611328
train loss
0.6893211662769317
time: 1.543579339981079
train loss
0.684281986951828
test loss
0.6003361582756043
inf
time: 1.5550916194915771
train loss
0.6880121290683746
time: 1.547375202178955
train loss
0.68936687707901
time: 1.5436079502105713
train loss
0.6860284328460693
time: 1.5417368412017822
train loss
0.6879776298999787
time: 1.5456712245941162
train loss
0.6828033626079559
time: 1.5452525615692139
train loss
0.6774524271488189
time: 1.5454280376434326
train loss
0.6768213033676147
time: 1.549354076385498
train loss
0.6771212339401245
time: 1.5503909587860107
train loss
0.6748120903968811
time: 1.55501389503479
train loss
0.6740795612335205
test loss
0.5941287636756897
inf
time: 1.544301986694336
train loss
0.6738557636737823
time: 1.5435616970062256
train loss
0.6738393366336822
time: 1.5450518131256104
train loss
0.6740610480308533
time: 1.546027660369873
train loss
0.6732823967933654
time: 1.5460128784179688
train loss
0.6728537738323211
time: 1.5464086532592773
train loss
0.6729152619838714
time: 1.544706106185913
train loss
0.6725547134876251
time: 1.5416123867034912
train loss
0.6728510439395905
time: 1.5451266765594482
train loss
0.672875040769577
time: 1.5414655208587646
train loss
0.6733740210533142
test loss
0.5946697950363159
inf
time: 1.5528039932250977
train loss
0.6755219221115112
time: 1.5546941757202148
train loss
0.6750464677810669
time: 1.5564815998077393
train loss
0.6735008597373963
time: 1.5568628311157227
train loss
0.6727837204933167
time: 1.5536863803863525
train loss
0.673135906457901
time: 1.5494978427886963
train loss
0.6738109111785888
time: 1.542473316192627
train loss
0.6727927029132843
time: 1.5466241836547852
train loss
0.6722940742969513
time: 1.5441410541534424
train loss
0.6729539692401886
time: 1.5503830909729004
train loss
0.6722299754619598
test loss
0.5937576770782471
inf
time: 1.552640438079834
train loss
0.6730831623077392
time: 1.5425148010253906
train loss
0.6729829668998718
time: 1.5445396900177002
train loss
0.6721549332141876
time: 1.543487787246704
train loss
0.6719013214111328
time: 1.5447561740875244
train loss
0.6730910241603851
time: 1.5445096492767334
train loss
0.6732660710811615
time: 1.5451388359069824
train loss
0.6744315326213837
time: 1.547412395477295
train loss
0.6751770794391632
time: 1.5515155792236328
train loss
0.6753316283226013
time: 1.5611512660980225
train loss
0.6746385812759399
test loss
0.5937651991844177
inf
time: 1.5569252967834473
train loss
0.6743229925632477
time: 1.5428926944732666
train loss
0.673878413438797
time: 1.5453944206237793
train loss
0.6732037425041199
time: 1.5484771728515625
train loss
0.6731933951377869
time: 1.5509533882141113
train loss
0.6726051330566406
time: 1.5505790710449219
train loss
0.672256988286972
time: 1.5433447360992432
train loss
0.672475153207779
time: 1.5462496280670166
train loss
0.6727055430412292
time: 1.5497527122497559
train loss
0.6725244462490082
time: 1.556588888168335
train loss
0.6732196688652039
test loss
0.592537260055542
inf
/pscratch/sd/g/gzhao27/INR/SOMA/2024-12-11SOMA-inr_w020_ld256.pt
time: 1.5524380207061768
train loss
0.6777076363563538
time: 1.5458250045776367
train loss
0.6769367337226868
time: 1.5456676483154297
train loss
0.681261396408081
time: 1.5423619747161865
train loss
0.736125510931015
time: 1.5495293140411377
train loss
0.7518431723117829
time: 1.547011375427246
train loss
0.8215291857719421
time: 1.5451884269714355
train loss
0.9160128057003021
time: 1.5449790954589844
train loss
1.1139975547790528
time: 1.5431299209594727
train loss
0.9554952442646026
time: 1.5438268184661865
train loss
0.9566883206367492
test loss
0.7414884567260742
inf
time: 1.54290771484375
train loss
0.903441208600998
time: 1.5429601669311523
train loss
0.8936203181743622
time: 1.543067216873169
train loss
0.8799179315567016
time: 1.5478365421295166
train loss
0.8915330827236175
time: 1.5435330867767334
train loss
0.9123955428600311
time: 1.5442955493927002
train loss
1.2345144510269166
time: 1.545926570892334
train loss
1.0054178178310393
time: 1.547832727432251
train loss
0.968916517496109
time: 1.5454082489013672
train loss
0.9084996581077576
time: 1.5455429553985596
train loss
0.8621994614601135
test loss
0.65115305185318
inf
time: 1.551079273223877
train loss
0.840903240442276
time: 1.5430517196655273
train loss
0.837252962589264
time: 1.5449464321136475
train loss
0.8324352383613587
time: 1.5451838970184326
train loss
0.8256954252719879
time: 1.54628324508667
train loss
0.8233926653861999
time: 1.5453691482543945
train loss
0.8069127023220062
time: 1.5436201095581055
train loss
0.8060160756111145
time: 1.5441374778747559
train loss
0.8174089014530181
time: 1.5460278987884521
train loss
0.8530069172382355
time: 1.5495452880859375
train loss
0.8520803034305573
test loss
0.652600634098053
inf
time: 1.5535664558410645
train loss
0.8347059667110444
time: 1.5431630611419678
train loss
0.8309705317020416
time: 1.5443198680877686
train loss
0.8164290010929107
time: 1.5441362857818604
train loss
0.8132598876953125
time: 1.5443007946014404
train loss
0.7954735398292542
time: 1.5448675155639648
train loss
0.7857822835445404
time: 1.5434675216674805
train loss
0.7812472403049469
time: 1.5427982807159424
train loss
0.7759830474853515
time: 1.5447323322296143
train loss
0.7731497526168823
time: 1.544382095336914
train loss
0.7693980395793915
test loss
0.6220738291740417
inf
time: 1.54239821434021
train loss
0.7677028954029084
time: 1.5429341793060303
train loss
0.7653527438640595
time: 1.5456359386444092
train loss
0.7684398412704467
time: 1.5419437885284424
train loss
0.7709883511066437
time: 1.5438485145568848
train loss
0.7698735117912292
time: 1.5412976741790771
train loss
0.7682404577732086
time: 1.543809413909912
train loss
0.7628014624118805
time: 1.5467665195465088
train loss
0.7597291469573975
time: 1.5463809967041016
train loss
0.7571053504943848
time: 1.5462696552276611
train loss
0.7555906355381012
test loss
0.6192255735397338
inf
time: 1.5462791919708252
train loss
0.7539552271366119
time: 1.550344705581665
train loss
0.7531972825527191
time: 1.547703504562378
train loss
0.7532197833061218
time: 1.5451600551605225
train loss
0.7513884007930756
time: 1.5445542335510254
train loss
0.7498321115970612
time: 1.5458574295043945
train loss
0.7545633375644684
time: 1.546968698501587
train loss
0.7528805732727051
time: 1.5460197925567627
train loss
0.7512001633644104
time: 1.5440711975097656
train loss
0.7492154777050019
time: 1.5458524227142334
train loss
0.7480207264423371
test loss
0.6187352657318115
inf
time: 1.553370475769043
train loss
0.7477499902248382
time: 1.5465288162231445
train loss
0.7457664430141449
time: 1.5495519638061523
train loss
0.7446665287017822
time: 1.5464868545532227
train loss
0.7431945443153382
time: 1.5532288551330566
train loss
0.7427689611911774
time: 1.5587787628173828
train loss
0.7430744230747223
time: 1.5544896125793457
train loss
0.7423395574092865
time: 1.5541455745697021
train loss
0.7404090702533722
time: 1.5445797443389893
train loss
0.7407425999641418
time: 1.5498740673065186
train loss
0.7427286803722382
test loss
0.6171770572662354
inf
time: 1.5537383556365967
train loss
0.7419074654579163
time: 1.5563220977783203
train loss
0.7402634441852569
time: 1.5615155696868896
train loss
0.7384052455425263
time: 1.5534284114837646
train loss
0.7367778062820435
time: 1.5520484447479248
train loss
0.7363695621490478
time: 1.5507452487945557
train loss
0.7360660970211029
time: 1.5557026863098145
train loss
0.7357614636421204
time: 1.5559015274047852
train loss
0.7352497577667236
time: 1.5498180389404297
train loss
0.7345279514789581
time: 1.5422027111053467
train loss
0.7330266654491424
test loss
0.6122093677520752
inf
time: 1.5503101348876953
train loss
0.7317185580730439
time: 1.5441625118255615
train loss
0.7318647861480713
time: 1.542823076248169
train loss
0.7341845989227295
time: 1.544238567352295
train loss
0.7354602992534638
time: 1.545604944229126
train loss
0.7338072061538696
time: 1.5455963611602783
train loss
0.7323853731155395
time: 1.5454473495483398
train loss
0.7307826280593872
time: 1.541607141494751
train loss
0.7297094821929931
time: 1.5452134609222412
train loss
0.728910106420517
time: 1.543177604675293
train loss
0.7285084962844849
test loss
0.6111175179481506
inf
time: 1.5526411533355713
train loss
0.7279997646808625
time: 1.5413625240325928
train loss
0.7279806077480316
time: 1.5407021045684814
train loss
0.7279314875602723
time: 1.5443756580352783
train loss
0.7269614636898041
time: 1.5419976711273193
train loss
0.726013445854187
time: 1.542693853378296
train loss
0.7253390908241272
time: 1.546297550201416
train loss
0.7248862326145172
time: 1.545825719833374
train loss
0.7252785742282868
time: 1.5539638996124268
train loss
0.7262742996215821
time: 1.5559961795806885
train loss
0.7255040526390075
test loss
0.6090754508972168
inf
time: 1.5495924949645996
train loss
0.7251007437705994
time: 1.554563045501709
train loss
0.7244934141635895
time: 1.5550217628479004
train loss
0.7239578485488891
time: 1.5554413795471191
train loss
0.7235653758049011
time: 1.5544302463531494
train loss
0.7230979442596436
time: 1.5547876358032227
train loss
0.722687953710556
time: 1.5515429973602295
train loss
0.7225637674331665
time: 1.5517253875732422
train loss
0.7218706488609314
time: 1.5548291206359863
train loss
0.721581780910492
time: 1.5561537742614746
train loss
0.720676451921463
test loss
0.6091567635536194
inf
time: 1.5427730083465576
train loss
0.721319192647934
time: 1.5402936935424805
train loss
0.7231050729751587
time: 1.541395902633667
train loss
0.7322538912296295
time: 1.5421772003173828
train loss
0.7587591469287872
time: 1.5434789657592773
train loss
0.7506335079669952
time: 1.5432403087615967
train loss
0.7384884655475616
time: 1.5409374237060547
train loss
0.7329636871814728
time: 1.5423014163970947
train loss
0.7294631838798523
time: 1.5432195663452148
train loss
0.7249731242656707
time: 1.544661521911621
train loss
0.7238592684268952
test loss
0.6085932970046997
inf
time: 1.5528826713562012
train loss
0.7213178038597107
time: 1.5426931381225586
train loss
0.7199365019798278
time: 1.5427470207214355
train loss
0.7197804808616638
time: 1.5467941761016846
train loss
0.7192047595977783
time: 1.5492897033691406
train loss
0.7183140039443969
time: 1.5467455387115479
train loss
0.7175571620464325
time: 1.547212839126587
train loss
0.7182871282100678
time: 1.545595645904541
train loss
0.7184809267520904
time: 1.5457103252410889
train loss
0.7181361973285675
time: 1.54457688331604
train loss
0.7217297375202179
test loss
0.610246455669403
inf
time: 1.5513453483581543
train loss
0.7219482600688935
time: 1.5420207977294922
train loss
0.7193057358264923
time: 1.5467467308044434
train loss
0.7186008930206299
time: 1.5407500267028809
train loss
0.7171928584575653
time: 1.5437462329864502
train loss
0.7157948315143585
time: 1.5421297550201416
train loss
0.7157573401927948
time: 1.5425446033477783
train loss
0.7156801640987396
time: 1.5408596992492676
train loss
0.7168136239051819
time: 1.5446078777313232
train loss
0.7166185796260833
time: 1.5446138381958008
train loss
0.715368902683258
test loss
0.6066895842552185
inf
time: 1.5445795059204102
train loss
0.7154491007328033
time: 1.5506083965301514
train loss
0.7138852894306182
time: 1.5446829795837402
train loss
0.7143523514270782
time: 1.5466375350952148
train loss
0.7139636039733886
time: 1.5460877418518066
train loss
0.7133714139461518
time: 1.5567905902862549
train loss
0.7130155622959137
time: 1.556156873703003
train loss
0.7133200705051422
time: 1.5611543655395508
train loss
0.713860934972763
time: 1.5538432598114014
train loss
0.7130522489547729
time: 1.5553975105285645
train loss
0.7120917439460754
test loss
0.6052311897277832
inf
time: 1.5528759956359863
train loss
0.711823558807373
time: 1.5453293323516846
train loss
0.7148381531238556
time: 1.5563151836395264
train loss
0.7243955790996551
time: 1.5595450401306152
train loss
0.7225890994071961
time: 1.5564978122711182
train loss
0.7182459831237793
time: 1.5555994510650635
train loss
0.716326916217804
time: 1.6034600734710693
train loss
0.7194093227386474
time: 2.4252476692199707
train loss
0.7181187570095062
time: 1.8695571422576904
train loss
0.7146270036697387
time: 1.5620951652526855
train loss
0.7145936965942383
test loss
0.6060303330421448
inf
time: 1.5580840110778809
train loss
0.7132568717002868
time: 1.5597257614135742
train loss
0.7111143290996551
time: 1.7784221172332764
train loss
0.71047283411026
time: 1.568741798400879
train loss
0.7094581842422485
time: 1.562514305114746
train loss
0.7092634379863739
time: 2.522007942199707
train loss
0.7094297647476197
time: 6.691718339920044
train loss
0.7090343415737153
time: 7.488487005233765
train loss
0.7089481115341186
time: 1.554457187652588
train loss
0.7088094890117645
time: 1.556159496307373
train loss
0.7084667205810546
test loss
0.6047098278999329
inf
time: 1.5625238418579102
train loss
0.7091960966587066
time: 1.5547497272491455
train loss
0.708963942527771
time: 1.5496978759765625
train loss
0.7089079797267914
time: 1.5607988834381104
train loss
0.7099067091941833
time: 1.5624148845672607
train loss
0.7114413738250732
time: 1.56170654296875
train loss
0.721921706199646
time: 1.564636468887329
train loss
0.720954543352127
time: 1.562739372253418
train loss
0.7152167141437531
time: 1.5635278224945068
train loss
0.7124098360538482
time: 1.565216064453125
train loss
0.7119773626327515
test loss
0.6064790487289429
inf
time: 1.5507783889770508
train loss
0.7114077568054199
time: 1.5509116649627686
train loss
0.7154063642024994
time: 1.5565526485443115
train loss
0.712047791481018
time: 1.5464744567871094
train loss
0.7100364327430725
time: 1.5461997985839844
train loss
0.7088669896125793
time: 1.5427980422973633
train loss
0.7075670897960663
time: 1.5446791648864746
train loss
0.7065900564193726
time: 1.5417251586914062
train loss
0.7065586686134339
time: 1.542283058166504
train loss
0.7066332936286926
time: 1.5450494289398193
train loss
0.7056233525276184
test loss
0.6036341667175293
inf
time: 1.5509719848632812
train loss
0.705317622423172
time: 1.5391719341278076
train loss
0.7048311710357666
time: 1.5394642353057861
train loss
0.7049816071987152
time: 1.5417847633361816
train loss
0.7052732110023499
time: 1.5402302742004395
train loss
0.7048199951648713
time: 1.5416526794433594
train loss
0.7050490736961365
time: 1.5402412414550781
train loss
0.7048015058040619
time: 1.5413637161254883
train loss
0.7052243292331696
time: 1.540557622909546
train loss
0.7048110365867615
time: 1.5424489974975586
train loss
0.705812257528305
test loss
0.6054038643836975
inf
time: 1.5461935997009277
train loss
0.7076948583126068
time: 1.5426154136657715
train loss
0.7078992664813996
time: 1.5420396327972412
train loss
0.7070132672786713
time: 1.5393199920654297
train loss
0.7094601809978485
time: 1.5407299995422363
train loss
0.7114976704120636
time: 1.5424818992614746
train loss
0.7083421528339386
time: 1.5397169589996338
train loss
0.7078548729419708
time: 1.5419814586639404
train loss
0.7068329691886902
time: 1.540069341659546
train loss
0.7055451452732087
time: 1.5412817001342773
train loss
0.7038796663284301
test loss
0.6026183128356933
inf
time: 1.5481927394866943
train loss
0.7031678974628448
time: 1.5408620834350586
train loss
0.7031420707702637
time: 1.5398294925689697
train loss
0.7025347292423249
time: 1.539266586303711
train loss
0.7041019439697266
time: 1.538940668106079
train loss
0.7032125174999238
time: 1.5392463207244873
train loss
0.702519279718399
time: 1.5439121723175049
train loss
0.7019588768482208
time: 1.5409798622131348
train loss
0.701813542842865
time: 1.543546199798584
train loss
0.7027051687240601
time: 1.5460870265960693
train loss
0.7035369575023651
test loss
0.6042492866516114
inf
time: 1.5491163730621338
train loss
0.7048044800758362
time: 1.5425999164581299
train loss
0.7060036361217499
time: 1.5376145839691162
train loss
0.7122146308422088
time: 1.5380909442901611
train loss
0.7119690477848053
time: 1.5410254001617432
train loss
0.7194604992866516
time: 1.5375056266784668
train loss
0.7398654282093048
time: 1.5415568351745605
train loss
0.734090942144394
time: 1.5467119216918945
train loss
0.72430819272995
time: 1.5422074794769287
train loss
0.7188894748687744
time: 1.5404536724090576
train loss
0.7144653499126434
test loss
0.6064525485038758
inf
time: 1.5461678504943848
train loss
0.709274971485138
time: 1.5486304759979248
train loss
0.7053887605667114
time: 1.541633129119873
train loss
0.703568023443222
time: 1.542198657989502
train loss
0.7028208315372467
time: 1.543562412261963
train loss
0.7019943416118621
time: 1.5462403297424316
train loss
0.7017726004123688
time: 1.5411162376403809
train loss
0.701901239156723
time: 1.5392208099365234
train loss
0.7019750893115997
time: 1.5441839694976807
train loss
0.702674925327301
time: 1.5410375595092773
train loss
0.7011809527873993
test loss
0.6026971220970154
inf
time: 1.5467073917388916
train loss
0.7010201930999755
time: 1.5409777164459229
train loss
0.7000084102153779
time: 1.5393285751342773
train loss
0.6999313056468963
time: 1.5381872653961182
train loss
0.6995159327983856
time: 1.5434064865112305
train loss
0.6997718334197998
time: 1.5401780605316162
train loss
0.6996280789375305
time: 1.5421128273010254
train loss
0.6988763570785522
time: 1.5419526100158691
train loss
0.6989444315433502
time: 1.5368742942810059
train loss
0.7003098964691162
time: 1.5407342910766602
train loss
0.7009964227676392
test loss
0.6028548359870911
inf
time: 1.550126552581787
train loss
0.7008894979953766
time: 1.5412147045135498
train loss
0.7013930678367615
time: 1.5396833419799805
train loss
0.7002679407596588
time: 1.5415945053100586
train loss
0.69918452501297
time: 1.5423517227172852
train loss
0.6995329797267914
time: 1.5394363403320312
train loss
0.6994564771652222
time: 1.5377740859985352
train loss
0.69870445728302
time: 1.5409514904022217
train loss
0.7010109305381775
time: 1.5375728607177734
train loss
0.7061385571956634
time: 1.5416476726531982
train loss
0.7084145545959473
test loss
0.6069641351699829
inf
time: 1.5405781269073486
train loss
0.7077993988990784
time: 1.5423293113708496
train loss
0.7052099764347076
time: 1.5447759628295898
train loss
0.7065690159797668
time: 1.5376994609832764
train loss
0.7066617786884308
time: 1.5392065048217773
train loss
0.7040999889373779
time: 1.5404553413391113
train loss
0.7033672273159027
time: 1.5419597625732422
train loss
0.7013530194759369
time: 1.5410749912261963
train loss
0.6999280869960784
time: 1.5406084060668945
train loss
0.6994578599929809
time: 1.5406982898712158
train loss
0.6999972045421601
test loss
0.6026562094688416
inf
time: 1.5463886260986328
train loss
0.6995924890041352
time: 1.5375616550445557
train loss
0.6986792087554932
time: 1.5395898818969727
train loss
0.6981434106826783
time: 1.5382089614868164
train loss
0.6978830695152283
time: 1.540412425994873
train loss
0.6966522991657257
time: 1.538391351699829
train loss
0.6966034173965454
time: 1.5395104885101318
train loss
0.6978699684143066
time: 1.5384082794189453
train loss
0.696897542476654
time: 1.539430856704712
train loss
0.6971582353115082
time: 1.5431184768676758
train loss
0.6968474566936493
test loss
0.601945161819458
inf
time: 1.5488111972808838
train loss
0.6975956559181213
time: 1.5384860038757324
train loss
0.7009260356426239
time: 1.5407185554504395
train loss
0.7122780501842498
time: 1.5431194305419922
train loss
0.7134172320365906
time: 1.544402837753296
train loss
0.7228097915649414
time: 1.5428900718688965
train loss
0.717336893081665
time: 1.539792776107788
train loss
0.7103867769241333
time: 1.5405235290527344
train loss
0.7186732292175293
time: 1.5402426719665527
train loss
0.7339688837528229
time: 1.53985595703125
train loss
0.7280187845230103
test loss
0.612518036365509
inf
time: 1.5389325618743896
train loss
0.7121967077255249
time: 1.5412859916687012
train loss
0.7075317144393921
time: 1.5407702922821045
train loss
0.7045901358127594
time: 1.5393576622009277
train loss
0.7015877544879914
time: 1.5403180122375488
train loss
0.707850456237793
time: 1.5372283458709717
train loss
0.7086730897426605
time: 1.5378391742706299
train loss
0.7039791405200958
time: 1.5380759239196777
train loss
0.6995207846164704
time: 1.537877082824707
train loss
0.6978433310985566
time: 1.5401027202606201
train loss
0.6981998085975647
test loss
0.601771080493927
inf
time: 1.5506269931793213
train loss
0.6971508443355561
time: 1.5407567024230957
train loss
0.6957788467407227
time: 1.5401320457458496
train loss
0.6959542453289032
time: 1.541321039199829
train loss
0.6973056137561798
time: 1.5397918224334717
train loss
0.6960938334465027
time: 1.5403614044189453
train loss
0.6951635301113128
time: 1.540163278579712
train loss
0.6948809862136841
time: 1.5374162197113037
train loss
0.6942418158054352
time: 1.5405819416046143
train loss
0.6943174362182617
time: 1.546393871307373
train loss
0.6952871382236481
test loss
0.5994886517524719
inf
time: 1.5483570098876953
train loss
0.6963172852993011
time: 1.540940523147583
train loss
0.6969983339309692
time: 1.5406303405761719
train loss
0.6967596530914306
time: 1.5458316802978516
train loss
0.6947254478931427
time: 1.541402816772461
train loss
0.6938376545906066
time: 1.545938491821289
train loss
0.6932398080825806
time: 1.5380728244781494
train loss
0.6934289634227753
time: 1.5409228801727295
train loss
0.6940322279930115
time: 1.5405266284942627
train loss
0.6944468975067138
time: 1.537334680557251
train loss
0.6948781788349152
test loss
0.6004771828651428
inf
time: 1.546051025390625
train loss
0.6943457305431366
time: 1.5391829013824463
train loss
0.6946914732456207
time: 1.541116714477539
train loss
0.696285218000412
time: 1.5423450469970703
train loss
0.6984237372875214
time: 1.5427637100219727
train loss
0.699004340171814
time: 1.5418710708618164
train loss
0.7062911510467529
time: 1.5412404537200928
train loss
0.754629272222519
time: 1.5404105186462402
train loss
0.740682202577591
time: 1.541156530380249
train loss
0.7205517768859864
time: 1.5412516593933105
train loss
0.7324508905410767
test loss
0.6610817432403564
inf
time: 1.539268970489502
train loss
0.7849952518939972
time: 1.542168378829956
train loss
0.7712794661521911
time: 1.5401408672332764
train loss
0.7551250219345093
time: 1.5423462390899658
train loss
0.7334753572940826
time: 1.5399980545043945
train loss
0.7218687057495117
time: 1.5406827926635742
train loss
0.7152302086353302
time: 1.5410470962524414
train loss
0.7070227444171906
time: 1.5488905906677246
train loss
0.7042322397232056
time: 1.5410609245300293
train loss
0.7008668661117554
time: 1.542853832244873
train loss
0.6994960844516754
test loss
0.6025224804878235
inf
time: 1.542109489440918
train loss
0.7011125802993774
time: 1.5423188209533691
train loss
0.7047146439552308
time: 1.542219638824463
train loss
0.7087483286857605
time: 1.540696620941162
train loss
0.7028934538364411
time: 1.5422565937042236
train loss
0.7000078558921814
time: 1.543334722518921
train loss
0.6995302557945251
time: 1.5412003993988037
train loss
0.6979947924613953
time: 1.5405189990997314
train loss
0.6968840599060059
time: 1.5383427143096924
train loss
0.6954338729381562
time: 1.5415632724761963
train loss
0.694549947977066
test loss
0.5989207029342651
inf
time: 1.5416839122772217
train loss
0.6941364705562592
time: 1.538762092590332
train loss
0.6951372742652893
time: 1.5386717319488525
train loss
0.6951251327991486
time: 1.5402092933654785
train loss
0.6937641084194184
time: 1.5423777103424072
train loss
0.6933589518070221
time: 1.5421171188354492
train loss
0.6935355484485626
time: 1.5424895286560059
train loss
0.6934013783931732
time: 1.5402138233184814
train loss
0.6931198835372925
time: 1.5420036315917969
train loss
0.6937358975410461
time: 1.543980598449707
train loss
0.6961726784706116
test loss
0.6018929839134216
inf
time: 1.5533473491668701
train loss
0.6961508393287659
time: 1.541398048400879
train loss
0.694007831811905
time: 1.5383150577545166
train loss
0.6947004318237304
time: 1.5399959087371826
train loss
0.6963344514369965
time: 1.538339614868164
train loss
0.6997178435325623
time: 1.5424377918243408
train loss
0.6978294909000397
time: 1.5402469635009766
train loss
0.698829036951065
time: 1.5413968563079834
train loss
0.6973195135593414
time: 1.5414841175079346
train loss
0.6951680898666381
time: 1.5441088676452637
train loss
0.6931692242622376
test loss
0.5987119674682617
inf
time: 1.5514025688171387
train loss
0.6925509631633758
time: 1.5421571731567383
train loss
0.6927559852600098
time: 1.5390589237213135
train loss
0.6922422468662262
time: 1.5454142093658447
train loss
0.6926427721977234
time: 1.5518431663513184
train loss
0.6924773931503296
time: 1.5512516498565674
train loss
0.6917928457260132
time: 1.5569961071014404
train loss
0.6913643062114716
time: 1.543804407119751
train loss
0.6919667482376098
time: 1.5397193431854248
train loss
0.6929107725620269
time: 1.5408596992492676
train loss
0.7000534474849701
test loss
0.6105975866317749
inf
time: 1.5404658317565918
train loss
0.7070573508739472
time: 1.542438268661499
train loss
0.7050705313682556
time: 1.540052890777588
train loss
0.7101070880889893
time: 1.5420708656311035
train loss
0.709540730714798
time: 1.5389561653137207
train loss
0.7136478304862977
time: 1.5420567989349365
train loss
0.7096192419528962
time: 1.5398967266082764
train loss
0.7052581191062928
time: 1.541017770767212
train loss
0.701322215795517
time: 1.5420646667480469
train loss
0.7001181721687317
time: 1.5399668216705322
train loss
0.6978245735168457
test loss
0.6014628171920776
inf
time: 1.5486352443695068
train loss
0.6943295657634735
time: 1.5416204929351807
train loss
0.6921198487281799
time: 1.556187629699707
train loss
0.691423773765564
time: 1.5438573360443115
train loss
0.6908969640731811
time: 1.541276216506958
train loss
0.6908099949359894
time: 1.5447063446044922
train loss
0.6913941085338593
time: 1.5449230670928955
train loss
0.6910930395126342
time: 1.5456328392028809
train loss
0.6911680936813355
time: 1.5428884029388428
train loss
0.691808021068573
time: 1.5414965152740479
train loss
0.6906298816204071
test loss
0.5986130475997925
inf
time: 1.5536749362945557
train loss
0.6910557508468628
time: 1.5560612678527832
train loss
0.6914761185646057
time: 1.5513718128204346
train loss
0.6924838304519654
time: 1.5398175716400146
train loss
0.6917001605033875
time: 1.5396747589111328
train loss
0.6912375330924988
time: 1.5392661094665527
train loss
0.6945255339145661
time: 1.5401599407196045
train loss
0.6955695033073426
time: 1.5418996810913086
train loss
0.6982211649417878
time: 1.539064884185791
train loss
0.6982751309871673
time: 1.5430784225463867
train loss
0.699088841676712
test loss
0.602211081981659
inf
time: 1.5402934551239014
train loss
0.7020956814289093
time: 1.5490145683288574
train loss
0.7121057629585266
time: 1.5507280826568604
train loss
0.7119167983531952
time: 1.551530122756958
train loss
0.7214405119419098
time: 1.5531842708587646
train loss
0.7503268301486969
time: 1.5505940914154053
train loss
0.7574146449565887
time: 1.554281234741211
train loss
0.7469402194023133
time: 1.5524370670318604
train loss
0.7427461802959442
time: 1.5530552864074707
train loss
0.7330764591693878
time: 1.5539398193359375
train loss
0.7405616819858551
test loss
0.6237811923027039
inf
time: 1.5620973110198975
train loss
0.7195279777050019
time: 1.5543467998504639
train loss
0.707612258195877
time: 1.552290439605713
train loss
0.7023211240768432
time: 1.55772066116333
train loss
0.6990950882434845
time: 1.555732250213623
train loss
0.6962189555168152
time: 1.5539491176605225
train loss
0.6939598083496094
time: 1.5558669567108154
train loss
0.6937798798084259
time: 1.5532233715057373
train loss
0.6931658565998078
time: 1.5560107231140137
train loss
0.6921934723854065
time: 1.5557441711425781
train loss
0.6922707319259643
test loss
0.5993387937545777
inf
time: 1.5634207725524902
train loss
0.6937039613723754
time: 1.5571701526641846
train loss
0.6934943616390228
time: 1.5533192157745361
train loss
0.6934834837913513
time: 1.5479485988616943
train loss
0.6915383279323578
time: 1.5438454151153564
train loss
0.6911789357662201
time: 1.546433448791504
train loss
0.6906507253646851
time: 1.542518138885498
train loss
0.6895748615264893
time: 1.552682638168335
train loss
0.6892438769340515
time: 1.543308973312378
train loss
0.6896174550056458
time: 1.5441467761993408
train loss
0.6903576850891113
test loss
0.5986781001091004
inf
time: 1.5485827922821045
train loss
0.6902719736099243
time: 1.5442383289337158
train loss
0.6894150793552398
time: 1.546255350112915
train loss
0.6900581896305085
time: 1.5450308322906494
train loss
0.6911205232143403
time: 1.5561461448669434
train loss
0.6919585943222046
time: 1.5556061267852783
train loss
0.6984524011611939
time: 1.555304765701294
train loss
0.6971815764904022
time: 1.5558133125305176
train loss
0.6948971569538116
time: 1.5569651126861572
train loss
0.6923013508319855
time: 1.557920217514038
train loss
0.6900794029235839
test loss
0.5975952386856079
inf
time: 1.5521841049194336
train loss
0.6909539937973023
time: 1.546457290649414
train loss
0.6897839963436126
time: 1.545276403427124
train loss
0.689641660451889
time: 1.5444889068603516
train loss
0.6894414246082305
time: 1.5421690940856934
train loss
0.6886485457420349
time: 1.5421273708343506
train loss
0.6891599833965302
time: 1.5420842170715332
train loss
0.6909627676010132
time: 1.5435192584991455
train loss
0.6906642138957977
time: 1.5444996356964111
train loss
0.7035969972610474
time: 1.5430054664611816
train loss
0.7209140181541442
test loss
0.6313898444175721
inf
time: 1.5430076122283936
train loss
0.7359284043312073
time: 1.5428333282470703
train loss
0.7624452233314514
time: 1.5414643287658691
train loss
0.7565673232078552
time: 1.5439302921295166
train loss
0.7333395063877106
time: 1.5467603206634521
train loss
0.7161599695682526
time: 1.5455546379089355
train loss
0.7126438081264496
time: 1.543715476989746
train loss
0.704622894525528
time: 1.550795555114746
train loss
0.6976206779479981
time: 1.547074794769287
train loss
0.6938679575920105
time: 1.544464349746704
train loss
0.6926560342311859
test loss
0.5976558327674866
inf
time: 1.5514166355133057
train loss
0.6914996206760406
time: 1.5411999225616455
train loss
0.6915012061595917
time: 1.5456023216247559
train loss
0.6915921688079834
time: 1.544051170349121
train loss
0.6914677262306214
time: 1.5478436946868896
train loss
0.690582662820816
time: 1.5441601276397705
train loss
0.6907889544963837
time: 1.5416269302368164
train loss
0.6894581556320191
time: 1.5499744415283203
train loss
0.6899716317653656
time: 1.5445735454559326
train loss
0.6897906243801117
time: 1.5466992855072021
train loss
0.689513236284256
test loss
0.5982147932052613
inf
time: 1.5512614250183105
train loss
0.6902430057525635
time: 1.555225133895874
train loss
0.6903286397457122
time: 1.5539650917053223
train loss
0.6887507557868957
time: 1.54417085647583
train loss
0.6882810771465302
time: 1.5511841773986816
train loss
0.6874012768268585
time: 1.5520286560058594
train loss
0.6884094059467316
time: 1.5510032176971436
train loss
0.6881011724472046
time: 1.551642656326294
train loss
0.6898644089698791
time: 1.5509560108184814
train loss
0.6901518642902374
time: 1.5524005889892578
train loss
0.6892581343650818
test loss
0.5991928458213807
inf
time: 1.5617859363555908
train loss
0.6918473660945892
time: 1.5517497062683105
train loss
0.7057222485542297
time: 1.5523054599761963
train loss
0.7075805008411408
time: 1.5538661479949951
train loss
0.7102347075939178
time: 1.5513982772827148
train loss
0.7348248839378357
time: 1.5534648895263672
train loss
0.713849151134491
time: 1.5507123470306396
train loss
0.708525538444519
time: 1.5510921478271484
train loss
0.7020463049411774
time: 1.5526297092437744
train loss
0.7016693890094757
time: 1.553551197052002
train loss
0.6997586607933044
test loss
0.6029724717140198
inf
time: 1.5493459701538086
train loss
0.6950201988220215
time: 1.5592114925384521
train loss
0.6913730800151825
time: 1.5530614852905273
train loss
0.6895186543464661
time: 1.5513525009155273
train loss
0.6888676047325134
time: 1.552478313446045
train loss
0.689364743232727
time: 1.5540204048156738
train loss
0.6891275465488433
time: 1.5504202842712402
train loss
0.6887243390083313
time: 1.5492689609527588
train loss
0.6885235786437989
time: 1.5522997379302979
train loss
0.6881406784057618
time: 1.5583853721618652
train loss
0.6882601797580719
test loss
0.5984192848205566
inf
time: 1.5536983013153076
train loss
0.6872561812400818
time: 1.5537638664245605
train loss
0.6879757702350616
time: 1.5545578002929688
train loss
0.6873433232307434
time: 1.5536069869995117
train loss
0.687369167804718
time: 1.5532381534576416
train loss
0.6887563765048981
time: 1.5540258884429932
train loss
0.6886551260948182
time: 1.5547575950622559
train loss
0.6885775983333587
time: 1.5529184341430664
train loss
0.6886676967144012
time: 1.5542688369750977
train loss
0.687711876630783
time: 1.5537118911743164
train loss
0.6884237289428711
test loss
0.5966985344886779
inf
time: 1.5624876022338867
train loss
0.6895054161548615
time: 1.5539186000823975
train loss
0.6887676477432251
time: 1.553091287612915
train loss
0.6890976786613464
time: 1.554922103881836
train loss
0.6912205159664154
time: 1.542006254196167
train loss
0.6906380653381348
time: 1.5452678203582764
train loss
0.689406669139862
time: 1.5446770191192627
train loss
0.6877838671207428
time: 1.5498478412628174
train loss
0.6872471392154693
time: 1.553375482559204
train loss
0.6876088500022888
time: 1.5555462837219238
train loss
0.688562685251236
test loss
0.5980164289474488
inf
time: 1.5614616870880127
train loss
0.6877156794071198
time: 1.553440809249878
train loss
0.6865586161613464
time: 1.5543463230133057
train loss
0.6870043456554413
time: 1.5552337169647217
train loss
0.6875459611415863
time: 1.5536634922027588
train loss
0.6893653869628906
time: 1.5566425323486328
train loss
0.6889419257640839
time: 1.5545403957366943
train loss
0.6889370858669281
time: 1.5544440746307373
train loss
0.6899588465690613
time: 1.5554323196411133
train loss
0.6893739402294159
time: 1.548384189605713
train loss
0.6869540512561798
test loss
0.5965865254402161
nan
time: 1.545088291168213
train loss
0.685797780752182
time: 1.5478968620300293
train loss
0.6860171735286713
time: 1.5436687469482422
train loss
0.6865417122840881
time: 1.5453450679779053
train loss
0.6890921056270599
time: 1.544161319732666
train loss
0.6889950096607208
time: 1.5457041263580322
train loss
0.6887910604476929
time: 1.549044132232666
train loss
0.6885775029659271
time: 1.5426130294799805
train loss
0.6897964894771575
time: 1.554870367050171
train loss
0.6997285544872284
time: 1.5557806491851807
train loss
0.7326702296733856
test loss
0.6208003044128418
inf
time: 1.5639779567718506
train loss
0.7346159160137177
time: 1.5560402870178223
train loss
0.7334330201148986
time: 1.555711269378662
train loss
0.7531600534915924
time: 1.5514404773712158
train loss
0.7329367458820343
time: 1.5487463474273682
train loss
0.7391837358474731
time: 1.5436441898345947
train loss
0.7218145906925202
time: 1.541311502456665
train loss
0.7170087277889252
time: 1.5430588722229004
train loss
0.7094934463500977
time: 1.5449106693267822
train loss
0.7011429727077484
time: 1.545499324798584
train loss
0.695021778345108
test loss
0.6002302646636963
inf
time: 1.5481796264648438
train loss
0.6917245268821717
time: 1.547271728515625
train loss
0.6901497006416321
time: 1.5427229404449463
train loss
0.6893529951572418
time: 1.5456554889678955
train loss
0.6889288008213044
time: 1.5444920063018799
train loss
0.6881649851799011
time: 1.5541934967041016
train loss
0.6880878984928132
time: 1.554123878479004
train loss
0.6885208368301392
time: 1.557492733001709
train loss
0.6899577856063843
time: 1.5525004863739014
train loss
0.6915278673171997
time: 1.555286169052124
train loss
0.6897003650665283
test loss
0.5973578929901123
inf
time: 1.5605356693267822
train loss
0.6884580254554749
time: 1.556389570236206
train loss
0.688395482301712
time: 1.5561704635620117
train loss
0.686407995223999
time: 1.5551772117614746
train loss
0.6859534561634064
time: 1.5552308559417725
train loss
0.686747008562088
time: 1.5556797981262207
train loss
0.6869794666767121
time: 1.5562145709991455
train loss
0.6856391489505768
time: 1.5625920295715332
train loss
0.6852331638336182
time: 1.5512237548828125
train loss
0.6859414458274842
time: 1.5453004837036133
train loss
0.6873175442218781
test loss
0.5966543316841125
inf
time: 1.5457885265350342
train loss
0.6887386262416839
time: 1.5467588901519775
train loss
0.6887611210346222
time: 1.5443780422210693
train loss
0.6890471458435059
time: 1.544304370880127
train loss
0.6887330293655396
time: 1.5446500778198242
train loss
0.6900208771228791
time: 1.5492923259735107
train loss
0.6902958154678345
time: 1.5457804203033447
train loss
0.6893171429634094
time: 1.5455873012542725
train loss
0.6898585200309754
time: 1.5435383319854736
train loss
0.6956583797931671
time: 1.5489821434020996
train loss
0.6982323169708252
test loss
0.6012903809547424
inf
time: 1.5507893562316895
train loss
0.6985725462436676
time: 1.5437960624694824
train loss
0.7077155172824859
time: 1.5449316501617432
train loss
0.7067029893398284
time: 1.5453355312347412
train loss
0.6985597610473633
time: 1.545299768447876
train loss
0.6922179877758026
time: 1.5444297790527344
train loss
0.6884852945804596
time: 1.5455269813537598
train loss
0.6875895500183106
time: 1.5471811294555664
train loss
0.6869994163513183
time: 1.5453383922576904
train loss
0.6859253108501434
time: 1.5456414222717285
train loss
0.6849747419357299
test loss
0.5953126430511475
inf
time: 1.5446088314056396
train loss
0.6844588339328765
time: 1.5455808639526367
train loss
0.6849892139434814
time: 1.5453295707702637
train loss
0.6843155920505524
time: 1.5445582866668701
train loss
0.6846825540065765
time: 1.54484224319458
train loss
0.6853735983371735
time: 1.5499722957611084
train loss
0.6858057618141175
time: 1.5457618236541748
train loss
0.6858016192913056
time: 1.5476593971252441
train loss
0.6844217538833618
time: 1.5469982624053955
train loss
0.6862200260162353
time: 1.5441408157348633
train loss
0.6874119877815247
test loss
0.5993617892265319
inf
time: 1.5518875122070312
train loss
0.6892638862133026
time: 1.5451157093048096
train loss
0.704649007320404
time: 1.5426561832427979
train loss
0.7161511242389679
time: 1.5469207763671875
train loss
0.7040939807891846
time: 1.5499541759490967
train loss
0.6974252939224244
time: 1.5478177070617676
train loss
0.7311447620391845
time: 1.5478858947753906
train loss
0.7556092977523804
time: 1.5452067852020264
train loss
0.810973298549652
time: 1.5444974899291992
train loss
0.7800869226455689
time: 1.5433197021484375
train loss
0.8070864677429199
test loss
0.6817296385765076
inf
time: 1.549778699874878
train loss
0.821590256690979
time: 1.5437712669372559
train loss
0.7616110205650329
time: 1.5439538955688477
train loss
0.738290935754776
time: 1.5450356006622314
train loss
0.7321942210197449
time: 1.5439229011535645
train loss
0.7309174478054047
time: 1.5465705394744873
train loss
0.7220095694065094
time: 1.5483167171478271
train loss
0.7153947174549102
time: 1.5455024242401123
train loss
0.7067949295043945
time: 1.5440714359283447
train loss
0.7020247161388398
time: 1.5555822849273682
train loss
0.6997388422489166
test loss
0.6007499933242798
inf
time: 1.5484209060668945
train loss
0.6979861497879029
time: 1.5469474792480469
train loss
0.6980212926864624
time: 1.5530931949615479
train loss
0.6963095486164093
time: 1.5460278987884521
train loss
0.694634485244751
time: 1.5452773571014404
train loss
0.6932461559772491
time: 1.5430943965911865
train loss
0.6916633009910583
time: 1.5435454845428467
train loss
0.6914888501167298
time: 1.5423109531402588
train loss
0.6915416657924652
time: 1.5436005592346191
train loss
0.691818106174469
time: 1.5433039665222168
train loss
0.6926491618156433
test loss
0.597899067401886
inf
time: 1.5538668632507324
train loss
0.6914782345294952
time: 1.542121171951294
train loss
0.6899079144001007
time: 1.5466103553771973
train loss
0.6895666122436523
time: 1.5438132286071777
train loss
0.6895448923110962
time: 1.546142339706421
train loss
0.6892965197563171
time: 1.5448079109191895
train loss
0.6888689875602723
time: 1.5448787212371826
train loss
0.6891689777374268
time: 1.5453269481658936
train loss
0.6888406574726105
time: 1.546680212020874
train loss
0.6895637094974518
time: 1.5477352142333984
train loss
0.6901961445808411
test loss
0.5967550873756409
inf
time: 1.553060531616211
train loss
0.6896689653396606
time: 1.5452680587768555
train loss
0.6910741269588471
time: 1.5448968410491943
train loss
0.6978036403656006
time: 1.552339792251587
train loss
0.6950754165649414
time: 1.5449979305267334
train loss
0.6907386481761932
time: 1.548309326171875
train loss
0.6892914712429047
time: 1.5445683002471924
train loss
0.6882124185562134
time: 1.5464682579040527
train loss
0.6878305613994599
time: 1.5532574653625488
train loss
0.6870418131351471
time: 1.5456809997558594
train loss
0.6882276177406311
test loss
0.5969426155090332
inf
time: 1.5471746921539307
train loss
0.6887336254119873
time: 1.5444793701171875
train loss
0.6894747078418731
time: 1.544766902923584
train loss
0.6897605657577515
time: 1.546877145767212
train loss
0.6912012100219727
time: 1.5552022457122803
train loss
0.6893253326416016
time: 1.5548739433288574
train loss
0.6879301726818084
time: 1.5547239780426025
train loss
0.6865339338779449
time: 1.5529544353485107
train loss
0.6863698899745941
time: 1.555091381072998
train loss
0.6861410796642303
time: 1.556837558746338
train loss
0.6850362777709961
test loss
0.5946818828582764
inf
time: 1.5454990863800049
train loss
0.6848113536834717
time: 1.545090913772583
train loss
0.6855347275733947
time: 1.5433008670806885
train loss
0.6868337273597718
time: 1.5425689220428467
train loss
0.6883732676506042
time: 1.5532755851745605
train loss
0.6871584057807922
time: 1.5456655025482178
train loss
0.6877849817276
time: 1.5436484813690186
train loss
0.6876069486141205
time: 1.544628620147705
train loss
0.6875616371631622
time: 1.5443496704101562
train loss
0.6877851366996766
time: 1.5444107055664062
train loss
0.6880904078483582
test loss
0.5967806458473206
inf
time: 1.5507848262786865
train loss
0.689063674211502
time: 1.5451107025146484
train loss
0.6893882393836975
time: 1.5454564094543457
train loss
0.6912493884563446
time: 1.5436937808990479
train loss
0.6922359764575958
time: 1.5432090759277344
train loss
0.7011340141296387
time: 1.5442633628845215
train loss
0.7028696000576019
time: 1.5462713241577148
train loss
0.7156546473503113
time: 1.5460186004638672
train loss
0.7130412101745606
time: 1.5449354648590088
train loss
0.701273912191391
time: 1.546539306640625
train loss
0.6948153972625732
test loss
0.6002858519554138
inf
time: 1.5460901260375977
train loss
0.6913309633731842
time: 1.5504817962646484
train loss
0.6888031661510468
time: 1.545732021331787
train loss
0.6871042251586914
time: 1.5455904006958008
train loss
0.6859408736228942
time: 1.54567289352417
train loss
0.6860109508037567
time: 1.5439741611480713
train loss
0.6858945190906525
time: 1.542161226272583
train loss
0.6856582283973693
time: 1.5440640449523926
train loss
0.6861701726913452
time: 1.550403356552124
train loss
0.6858467578887939
time: 1.5461785793304443
train loss
0.6858517825603485
test loss
0.5953274667263031
inf
time: 1.5567116737365723
train loss
0.6850531160831451
time: 1.5516135692596436
train loss
0.6841240465641022
time: 1.5571513175964355
train loss
0.6841379761695862
time: 1.5565416812896729
train loss
0.6845393776893616
time: 1.563896894454956
train loss
0.6842922806739807
time: 1.5464065074920654
train loss
0.6845347046852112
time: 1.546276330947876
train loss
0.6837504863739013
time: 1.5442733764648438
train loss
0.6837947309017182
time: 1.5464365482330322
train loss
0.6834001243114471
time: 1.5472159385681152
train loss
0.6844941258430481
test loss
0.594864672422409
inf
time: 1.5679595470428467
train loss
0.6857208967208862
time: 1.557711124420166
train loss
0.6849223613739014
time: 1.5542654991149902
train loss
0.6840994715690613
time: 1.5549323558807373
train loss
0.6835795521736145
time: 1.5559592247009277
train loss
0.6829435527324677
time: 1.5567739009857178
train loss
0.6831600487232208
time: 1.5463862419128418
train loss
0.6845742404460907
time: 1.545602560043335
train loss
0.6850729346275329
time: 1.5452451705932617
train loss
0.6842389881610871
time: 1.5470216274261475
train loss
0.6835516273975373
test loss
0.596030330657959
inf
time: 1.5492424964904785
train loss
0.684054160118103
time: 1.5455739498138428
train loss
0.684625655412674
time: 1.5415477752685547
train loss
0.6848539233207702
time: 1.5457513332366943
train loss
0.6881639003753662
time: 1.545471429824829
train loss
0.694378811120987
time: 1.5422563552856445
train loss
0.691202825307846
time: 1.5430631637573242
train loss
0.6912412881851197
time: 1.545536756515503
train loss
0.7196291387081146
time: 1.5434961318969727
train loss
0.7450749993324279
time: 1.5463488101959229
train loss
0.7351610660552979
test loss
0.6202753067016602
inf
time: 1.5514922142028809
train loss
0.715819650888443
time: 1.543837308883667
train loss
0.725664621591568
time: 1.5458741188049316
train loss
0.7415497481822968
time: 1.5448260307312012
train loss
0.731794410943985
time: 1.5454835891723633
train loss
0.7247209906578064
time: 1.5555429458618164
train loss
0.7105620384216309
time: 1.554046392440796
train loss
0.7016639888286591
time: 1.5551142692565918
train loss
0.69480801820755
time: 1.5563287734985352
train loss
0.6933288931846618
time: 1.5556864738464355
train loss
0.6915981650352478
test loss
0.5969098031520843
inf
time: 1.5535640716552734
train loss
0.6892887473106384
time: 1.5462970733642578
train loss
0.6875370621681214
time: 1.5543746948242188
train loss
0.6861867189407349
time: 1.5450024604797363
train loss
0.6863452434539795
time: 1.543919563293457
train loss
0.68578981757164
time: 1.5490190982818604
train loss
0.685411024093628
time: 1.544849157333374
train loss
0.6853371918201446
time: 1.5450196266174316
train loss
0.6848467111587524
time: 1.5426979064941406
train loss
0.6841534912586212
time: 1.5435187816619873
train loss
0.6847838222980499
test loss
0.5960498213768005
inf
time: 1.549943447113037
train loss
0.6861734986305237
time: 1.5557701587677002
train loss
0.6858440339565277
time: 1.5568451881408691
train loss
0.6845947802066803
time: 1.5570406913757324
train loss
0.6842830896377563
time: 1.553814172744751
train loss
0.6833996951580048
time: 1.5525329113006592
train loss
0.6833384692668915
time: 1.549117088317871
train loss
0.6835645079612732
time: 1.5418915748596191
train loss
0.6845841646194458
time: 1.5443220138549805
train loss
0.6838590204715729
time: 1.5424952507019043
train loss
0.6825765907764435
test loss
0.5941765785217286
inf
time: 1.543412208557129
train loss
0.6823850750923157
time: 1.5449495315551758
train loss
0.6818965017795563
time: 1.5440161228179932
train loss
0.6828534483909607
time: 1.5431866645812988
train loss
0.6831054806709289
time: 1.5409705638885498
train loss
0.6820868492126465
time: 1.5509138107299805
train loss
0.6822941660881042
time: 1.5482594966888428
train loss
0.683902508020401
time: 1.5505971908569336
train loss
0.6855942964553833
time: 1.546311616897583
train loss
0.6982064962387085
time: 1.5455760955810547
train loss
0.7074988722801209
test loss
0.6153676748275757
inf
time: 1.5513911247253418
train loss
0.7279079735279084
time: 1.5449984073638916
train loss
0.7534344136714936
time: 1.543431043624878
train loss
0.7622090637683868
time: 1.5432603359222412
train loss
0.7945070445537568
time: 1.543971300125122
train loss
0.804540890455246
time: 1.5450775623321533
train loss
0.7841310381889344
time: 1.5421240329742432
train loss
0.754552710056305
time: 1.548384666442871
train loss
0.7552550613880158
time: 1.546694278717041
train loss
0.7481340050697327
time: 1.543513536453247
train loss
0.7415884256362915
test loss
0.6194107532501221
inf
time: 1.549469232559204
train loss
0.7269980430603027
time: 1.5444645881652832
train loss
0.7157344698905945
time: 1.5457313060760498
train loss
0.705569964647293
time: 1.5455248355865479
train loss
0.699341082572937
time: 1.5430262088775635
train loss
0.6971620678901672
time: 1.5463957786560059
train loss
0.6968921720981598
time: 1.558412790298462
train loss
0.6952072262763977
time: 1.5544533729553223
train loss
0.6923393666744232
time: 1.5558035373687744
train loss
0.6911627173423767
time: 1.555262565612793
train loss
0.6920160353183746
test loss
0.597765588760376
inf
time: 1.5524210929870605
train loss
0.6904551446437835
time: 1.5603399276733398
train loss
0.688200443983078
time: 1.5542523860931396
train loss
0.6870214223861695
time: 1.5544250011444092
train loss
0.6865982353687287
time: 1.5545170307159424
train loss
0.6863941669464111
time: 1.5534183979034424
train loss
0.6862910330295563
time: 1.5556955337524414
train loss
0.686326777935028
time: 1.5548515319824219
train loss
0.6864509642124176
time: 1.5542669296264648
train loss
0.6867676436901092
time: 1.5504310131072998
train loss
0.68625048995018
test loss
0.5947588384151459
inf
time: 1.5493228435516357
train loss
0.6855402231216431
time: 1.5463685989379883
train loss
0.6847062289714814
time: 1.5439321994781494
train loss
0.6844967544078827
time: 1.5536534786224365
train loss
0.6840628683567047
time: 1.5448439121246338
train loss
0.6834014892578125
time: 1.546015977859497
train loss
0.6845455765724182
time: 1.5445001125335693
train loss
0.6839272081851959
time: 1.544529676437378
train loss
0.6834794044494629
time: 1.5472216606140137
train loss
0.6837881803512573
time: 1.5456128120422363
train loss
0.6833401679992676
test loss
0.59419025182724
inf
time: 1.5468149185180664
train loss
0.6849267244338989
time: 1.552283763885498
train loss
0.6851545035839081
time: 1.549229621887207
train loss
0.6843905508518219
time: 1.5442585945129395
train loss
0.6840207040309906
time: 1.545590877532959
train loss
0.6836021959781646
time: 1.5469744205474854
train loss
0.6838387727737427
time: 1.545107364654541
train loss
0.683855164051056
time: 1.5444653034210205
train loss
0.6828746557235718
time: 1.5450773239135742
train loss
0.6824256002902984
time: 1.5455267429351807
train loss
0.6823210477828979
test loss
0.5934633612632751
inf
time: 1.552121877670288
train loss
0.6823357760906219
time: 1.5449223518371582
train loss
0.6836677253246307
time: 1.5441198348999023
train loss
0.6835942924022674
time: 1.5444986820220947
train loss
0.683245700597763
time: 1.5522112846374512
train loss
0.6826680779457093
time: 1.5426361560821533
train loss
0.6823910892009735
time: 1.544083595275879
train loss
0.6829849183559418
time: 1.5435872077941895
train loss
0.6836711764335632
time: 1.5438768863677979
train loss
0.6831227362155914
time: 1.5419001579284668
train loss
0.683407324552536
test loss
0.594518494606018
inf
time: 1.5520472526550293
train loss
0.6843807756900787
time: 1.5472261905670166
train loss
0.6851922810077667
time: 1.544525384902954
train loss
0.6884444653987885
time: 1.5437729358673096
train loss
0.696902620792389
time: 1.551347017288208
train loss
0.7042276322841644
time: 1.5441865921020508
train loss
0.7056482970714569
time: 1.543276309967041
train loss
0.747297739982605
time: 1.5468227863311768
train loss
0.7282278537750244
time: 1.5470631122589111
train loss
0.7110913097858429
time: 1.5603220462799072
train loss
0.6994992077350617
test loss
0.601046359539032
inf
time: 1.5559535026550293
train loss
0.6926148414611817
time: 1.5466322898864746
train loss
0.6896067142486573
time: 1.540226936340332
train loss
0.6881761312484741
time: 1.547128677368164
train loss
0.686121255159378
time: 1.548762321472168
train loss
0.6848838984966278
time: 1.557727575302124
train loss
0.683711713552475
time: 1.557286024093628
train loss
0.6828611016273498
time: 1.5579633712768555
train loss
0.6831145107746124
time: 1.554783821105957
train loss
0.6831530511379242
time: 1.5575411319732666
train loss
0.682472288608551
test loss
0.5939605832099915
inf
time: 1.5639221668243408
train loss
0.6818223655223846
time: 1.5602667331695557
train loss
0.6826061606407166
time: 1.5558445453643799
train loss
0.6840470790863037
time: 1.5577266216278076
train loss
0.6838020861148835
time: 1.5557866096496582
train loss
0.6845251142978668
time: 1.5479495525360107
train loss
0.6838960289955139
time: 1.5446467399597168
train loss
0.684351795911789
time: 1.5579924583435059
train loss
0.683349609375
time: 1.5464153289794922
train loss
0.6823295533657074
time: 1.5547115802764893
train loss
0.6820240557193756
test loss
0.5922716498374939
inf
/pscratch/sd/g/gzhao27/INR/SOMA/2024-12-11SOMA-inr_w020_ld256.pt
time: 1.5585205554962158
train loss
0.6813645243644715
time: 1.5567235946655273
train loss
0.6816814601421356
time: 1.5562117099761963
train loss
0.682301127910614
time: 1.5542116165161133
train loss
0.6826426744461059
time: 1.554891586303711
train loss
0.6820388555526733
time: 1.5524606704711914
train loss
0.6831017255783081
time: 1.553314447402954
train loss
0.6834466338157654
time: 1.553637981414795
train loss
0.6842093110084534
time: 1.5539271831512451
train loss
0.684936386346817
time: 1.5548491477966309
train loss
0.6839948356151581
test loss
0.5957990527153015
inf
time: 1.5589559078216553
train loss
0.6842878222465515
time: 1.5528388023376465
train loss
0.6882610619068146
time: 1.551985740661621
train loss
0.6898563623428344
time: 1.5522186756134033
train loss
0.7273110210895538
time: 1.552992820739746
train loss
0.7332004487514496
time: 1.5516197681427002
train loss
0.7243208646774292
time: 1.5551388263702393
train loss
0.7116932988166809
time: 1.5542778968811035
train loss
0.7029365539550781
time: 1.554248332977295
train loss
0.6982648193836212
time: 1.5533199310302734
train loss
0.7002620756626129
test loss
0.602374815940857
inf
time: 1.5619513988494873
train loss
0.6973119795322418
time: 1.5532925128936768
train loss
0.6888196468353271
time: 1.5544734001159668
train loss
0.6894770264625549
time: 1.5558931827545166
train loss
0.6930433750152588
time: 1.5518789291381836
train loss
0.6890961945056915
time: 1.5582687854766846
train loss
0.6879679560661316
time: 1.553675651550293
train loss
0.685912960767746
time: 1.554029941558838
train loss
0.6846069872379303
time: 1.555804967880249
train loss
0.6829419791698456
time: 1.5545752048492432
train loss
0.6827561020851135
test loss
0.5957631468772888
inf
time: 1.5535187721252441
train loss
0.6822105169296264
time: 1.5545852184295654
train loss
0.682231891155243
time: 1.5556743144989014
train loss
0.6821812629699707
time: 1.5549607276916504
train loss
0.6819163262844086
time: 1.555004358291626
train loss
0.6822032511234284
time: 1.5499424934387207
train loss
0.6834913492202759
time: 1.5434889793395996
train loss
0.684908676147461
time: 1.5446863174438477
train loss
0.6925329446792603
time: 1.5410261154174805
train loss
0.6912443995475769
time: 1.5417211055755615
train loss
0.692781263589859
test loss
0.6018265843391418
inf
time: 1.5431287288665771
train loss
0.6941486060619354
time: 1.5492398738861084
train loss
0.6887413144111634
time: 1.5413484573364258
train loss
0.6848858654499054
time: 1.5454597473144531
train loss
0.6831245958805084
time: 1.54245924949646
train loss
0.6828296899795532
time: 1.5477895736694336
train loss
0.6828916132450104
time: 1.5421111583709717
train loss
0.6838681519031524
time: 1.5462417602539062
train loss
0.6832317173480987
time: 1.5443246364593506
train loss
0.6825643897056579
time: 1.5457215309143066
train loss
0.6819871127605438
test loss
0.5940334916114807
inf
time: 1.5560410022735596
train loss
0.6819162487983703
time: 1.5461411476135254
train loss
0.6820379197597504
time: 1.545433521270752
train loss
0.6826438069343567
time: 1.5434556007385254
train loss
0.6842942476272583
time: 1.5442655086517334
train loss
0.6849832653999328
time: 1.5410935878753662
train loss
0.6840943336486817
time: 1.5461854934692383
train loss
0.6858926355838776
time: 1.5462682247161865
train loss
0.6944482445716857
time: 1.5474183559417725
train loss
0.69723681807518
time: 1.5470914840698242
train loss
0.6930025398731232
test loss
0.6015908360481262
inf
time: 1.5564649105072021
train loss
0.692040890455246
time: 1.5455262660980225
train loss
0.6874199211597443
time: 1.5497357845306396
train loss
0.6850902616977692
time: 1.5428946018218994
train loss
0.6827475905418396
time: 1.552243709564209
train loss
0.6859622895717621
time: 1.5518302917480469
train loss
0.6881426632404327
time: 1.5480127334594727
train loss
0.6929690659046173
time: 1.5490765571594238
train loss
0.6959906458854676
time: 1.5466673374176025
train loss
0.6910219132900238
time: 1.546987533569336
train loss
0.6909255504608154
test loss
0.5991673469543457
inf
time: 1.552675485610962
train loss
0.6879295229911804
time: 1.5472898483276367
train loss
0.688637113571167
time: 1.545661449432373
train loss
0.6852838277816773
time: 1.5445454120635986
train loss
0.6942980170249939
time: 1.5419676303863525
train loss
0.6982827365398407
time: 1.5438547134399414
train loss
0.6950813949108123
time: 1.5483784675598145
train loss
0.6953176498413086
time: 1.5533862113952637
train loss
0.6903552830219268
time: 1.5576207637786865
train loss
0.6852076470851898
time: 1.5575041770935059
train loss
0.6824808657169342
test loss
0.5939136862754821
inf
time: 1.5463361740112305
train loss
0.6819057524204254
time: 1.5507996082305908
train loss
0.6823289871215821
time: 1.5451126098632812
train loss
0.6819548726081848
time: 1.5437061786651611
train loss
0.6821942687034607
time: 1.5447723865509033
train loss
0.6826855778694153
time: 1.5448670387268066
train loss
0.6837613701820373
time: 1.5444867610931396
train loss
0.6825004100799561
time: 1.5407650470733643
train loss
0.6843112945556641
time: 1.5403165817260742
train loss
0.6857043981552124
time: 1.5433669090270996
train loss
0.684070473909378
test loss
0.5970049977302552
inf
time: 1.5433382987976074
train loss
0.683456951379776
time: 1.5516479015350342
train loss
0.6837618172168731
time: 1.558058738708496
train loss
0.6844736456871032
time: 1.5548572540283203
train loss
0.684747701883316
time: 1.5512776374816895
train loss
0.6827158451080322
time: 1.5449719429016113
train loss
0.6812474310398102
time: 1.5445570945739746
train loss
0.6802292466163635
time: 1.5449552536010742
train loss
0.6794141709804535
time: 1.5522971153259277
train loss
0.6789553880691528
time: 1.5474650859832764
train loss
0.679789537191391
test loss
0.5934609174728394
inf
time: 1.5473389625549316
train loss
0.6805423736572266
time: 1.545708417892456
train loss
0.6818175494670868
time: 1.5440185070037842
train loss
0.6826993465423584
time: 1.5504090785980225
train loss
0.683560848236084
time: 1.5438332557678223
train loss
0.6834388196468353
time: 1.544250726699829
train loss
0.6862652957439422
time: 1.5418400764465332
train loss
0.692328542470932
time: 1.5535638332366943
train loss
0.7164028286933899
time: 1.55250883102417
train loss
0.7344610810279846
time: 1.5470809936523438
train loss
0.718135416507721
test loss
0.6144822001457214
inf
time: 1.5537891387939453
train loss
0.7401263535022735
time: 1.546605110168457
train loss
0.7956857860088349
time: 1.545414686203003
train loss
0.7524520218372345
time: 1.5435729026794434
train loss
0.7329391360282898
time: 1.5483603477478027
train loss
0.7325700461864472
time: 1.5448017120361328
train loss
0.7222294509410858
time: 1.5456297397613525
train loss
0.7125311970710755
time: 1.5429725646972656
train loss
0.7152043461799622
time: 1.544506549835205
train loss
0.7159812271595001
time: 1.5429737567901611
train loss
0.7028570950031281
test loss
0.6032326459884644
inf
time: 1.5545859336853027
train loss
0.6954061567783356
time: 1.544351577758789
train loss
0.6904962539672852
time: 1.5458400249481201
train loss
0.6881294310092926
time: 1.5451264381408691
train loss
0.6860594332218171
time: 1.5448381900787354
train loss
0.6856501936912537
time: 1.5469820499420166
train loss
0.6855003952980041
time: 1.5530469417572021
train loss
0.6897135078907013
time: 1.548945665359497
train loss
0.6952110052108764
time: 1.5541555881500244
train loss
0.6929912984371185
time: 1.5568232536315918
train loss
0.6893783926963806
test loss
0.5984173536300659
inf
time: 1.544783592224121
train loss
0.6867278933525085
time: 1.5449531078338623
train loss
0.6860965013504028
time: 1.545276403427124
train loss
0.6843702912330627
time: 1.5433518886566162
train loss
0.6822127580642701
time: 1.5443859100341797
train loss
0.6824110627174378
time: 1.5431408882141113
train loss
0.6812971115112305
time: 1.5481717586517334
train loss
0.6806970834732056
time: 1.5547375679016113
train loss
0.6812251091003418
time: 1.5549612045288086
train loss
0.682339859008789
time: 1.5608892440795898
train loss
0.6817381799221038
test loss
0.5931426405906677
inf
time: 1.555321216583252
train loss
0.6811884760856628
time: 1.5548970699310303
train loss
0.6820890963077545
time: 1.5547146797180176
train loss
0.6815752744674682
time: 1.5548222064971924
train loss
0.680829918384552
time: 1.553858995437622
train loss
0.680514258146286
time: 1.554898977279663
train loss
0.6798589944839477
time: 1.5618093013763428
train loss
0.6797315001487731
time: 1.5537443161010742
train loss
0.6808674395084381
time: 1.5546784400939941
train loss
0.6814803302288055
time: 1.558835506439209
train loss
0.6806358397006989
test loss
0.5925401091575623
inf
time: 1.5585463047027588
train loss
0.6796580016613006
time: 1.5539271831512451
train loss
0.680291211605072
time: 1.5459253787994385
train loss
0.681387597322464
time: 1.5459508895874023
train loss
0.684445708990097
time: 1.5394370555877686
train loss
0.6939104199409485
time: 1.543480396270752
train loss
0.7070731699466706
time: 1.5443966388702393
train loss
0.6990963816642761
time: 1.5436387062072754
train loss
0.6984555661678314
time: 1.543078899383545
train loss
0.7037911355495453
time: 1.5438930988311768
train loss
0.716539078950882
test loss
0.6143386006355286
inf
time: 1.5519001483917236
train loss
0.7078066945075989
time: 1.5439496040344238
train loss
0.6949727892875671
time: 1.5414471626281738
train loss
0.697507917881012
time: 1.544766902923584
train loss
0.697973084449768
time: 1.5453252792358398
train loss
0.693848443031311
time: 1.5404527187347412
train loss
0.6953461825847626
time: 1.5446650981903076
train loss
0.6888491451740265
time: 1.54628324508667
train loss
0.6857595324516297
time: 1.5447735786437988
train loss
0.6849857151508332
time: 1.5482518672943115
train loss
0.6842633485794067
test loss
0.5948230981826782
inf
time: 1.5635216236114502
train loss
0.6819329261779785
time: 1.5505030155181885
train loss
0.6825753152370453
time: 1.555161952972412
train loss
0.6819455206394196
time: 1.551543951034546
train loss
0.6806783199310302
time: 1.554337739944458
train loss
0.6805079400539398
time: 1.5551812648773193
train loss
0.6802594602108002
time: 1.5562915802001953
train loss
0.6801648139953613
time: 1.5456433296203613
train loss
0.6797374904155731
time: 1.5435776710510254
train loss
0.6799644649028778
time: 1.5460617542266846
train loss
0.6799653708934784
test loss
0.5919831991195679
inf
/pscratch/sd/g/gzhao27/INR/SOMA/2024-12-11SOMA-inr_w020_ld256.pt
time: 1.552800178527832
train loss
0.6799842298030854
time: 1.5548593997955322
train loss
0.6810641288757324
time: 1.5565028190612793
train loss
0.6808740675449372
time: 1.5563092231750488
train loss
0.6796774566173553
time: 1.5454769134521484
train loss
0.6794232308864594
time: 1.5423953533172607
train loss
0.6785586655139924
time: 1.5535073280334473
train loss
0.6800839006900787
time: 1.5533204078674316
train loss
0.6801255643367767
time: 1.555523157119751
train loss
0.6820259511470794
time: 1.5494256019592285
train loss
0.6808908939361572
test loss
0.5935888409614563
inf
time: 1.553091049194336
train loss
0.6828821241855622
time: 1.5547633171081543
train loss
0.6920277059078217
time: 1.5546815395355225
train loss
0.6927099645137786
time: 1.5556485652923584
train loss
0.693676209449768
time: 1.5522863864898682
train loss
0.6992706477642059
time: 1.5435452461242676
train loss
0.7042898416519165
time: 1.5384752750396729
train loss
0.7045904457569122
time: 1.5391514301300049
train loss
0.7133756875991821
time: 1.5430727005004883
train loss
0.715923649072647
time: 1.54371976852417
train loss
0.700008362531662
test loss
0.602130138874054
inf
time: 1.5440068244934082
train loss
0.6938767552375793
time: 1.5424134731292725
train loss
0.6869410693645477
time: 1.541851282119751
train loss
0.6848072350025177
time: 1.5412509441375732
train loss
0.6845958530902863
time: 1.5411417484283447
train loss
0.6829860508441925
time: 1.539109468460083
train loss
0.681417030096054
time: 1.5444989204406738
train loss
0.681279307603836
time: 1.5447533130645752
train loss
0.6819299161434174
time: 1.5442595481872559
train loss
0.6812580466270447
time: 1.5400879383087158
train loss
0.6796520233154297
test loss
0.5928320765495301
inf
time: 1.5504636764526367
train loss
0.6801674783229827
time: 1.5429272651672363
train loss
0.6801415622234345
time: 1.5440099239349365
train loss
0.6813457489013672
time: 1.543893814086914
train loss
0.6803270816802979
time: 1.5446956157684326
train loss
0.6800813257694245
time: 1.5407862663269043
train loss
0.6801056206226349
time: 1.5427513122558594
train loss
0.6794176518917083
time: 1.5433261394500732
train loss
0.6805596888065338
time: 1.542851209640503
train loss
0.6809047758579254
time: 1.54459547996521
train loss
0.6788568258285522
test loss
0.593324625492096
inf
time: 1.546703815460205
train loss
0.6794734299182892
time: 1.5416738986968994
train loss
0.6805673658847808
time: 1.5435559749603271
train loss
0.6805679559707641
time: 1.545788049697876
train loss
0.6804974198341369
time: 1.5427796840667725
train loss
0.6838461041450501
time: 1.5508077144622803
train loss
0.6894931316375732
time: 1.5441434383392334
train loss
0.7008959710597992
time: 1.5433681011199951
train loss
0.7496146500110626
time: 1.5439839363098145
train loss
0.7671387135982514
time: 1.5461609363555908
train loss
0.7411722481250763
test loss
0.6191653251647949
inf
time: 1.565690040588379
train loss
0.7216668963432312
time: 1.5563390254974365
train loss
0.7200680851936341
time: 1.5557546615600586
train loss
0.7103074371814728
time: 1.5473942756652832
train loss
0.7002511024475098
time: 1.5440587997436523
train loss
0.6925054907798767
time: 1.5460636615753174
train loss
0.6891621232032776
time: 1.554837942123413
train loss
0.6866276562213898
time: 1.555431842803955
train loss
0.6839011073112488
time: 1.552100658416748
train loss
0.6824171543121338
time: 1.555812120437622
train loss
0.6823401391506195
test loss
0.5927689075469971
inf
time: 1.5573179721832275
train loss
0.6810088634490967
time: 1.5531384944915771
train loss
0.6806765556335449
time: 1.5561017990112305
train loss
0.6804794728755951
time: 1.5571322441101074
train loss
0.6804068386554718
time: 1.5559117794036865
train loss
0.680998033285141
time: 1.5503206253051758
train loss
0.6813007593154907
time: 1.5572075843811035
train loss
0.6808478116989136
time: 1.5567960739135742
train loss
0.6816457688808442
time: 1.5536811351776123
train loss
0.6824564874172211
time: 1.5559074878692627
train loss
0.6824793875217438
test loss
0.5941969394683838
inf
time: 1.5592098236083984
train loss
0.6821839332580566
time: 1.5539178848266602
train loss
0.681738692522049
time: 1.5525002479553223
train loss
0.6811625242233277
time: 1.555408239364624
train loss
0.6830172657966613
time: 1.5579068660736084
train loss
0.6869765460491181
time: 1.5536205768585205
train loss
0.6830648124217987
time: 1.555163860321045
train loss
0.6858356297016144
time: 1.5562608242034912
train loss
0.700605034828186
time: 1.546250581741333
train loss
0.7064906775951385
time: 1.5469465255737305
train loss
0.6937186777591705
test loss
0.6021573305130005
inf
time: 1.550621747970581
train loss
0.6904527246952057
time: 1.5461163520812988
train loss
0.685756653547287
time: 1.543100118637085
train loss
0.6832845330238342
time: 1.5450153350830078
train loss
0.6822425067424774
time: 1.543349027633667
train loss
0.6805592596530914
time: 1.547865629196167
train loss
0.6813445448875427
time: 1.5570485591888428
train loss
0.6796088933944702
time: 1.558091640472412
train loss
0.6798625111579895
time: 1.5558676719665527
train loss
0.6792029440402985
time: 1.5599863529205322
train loss
0.6797191739082337
test loss
0.5938880681991577
inf
time: 1.551891565322876
train loss
0.680741012096405
time: 1.5570566654205322
train loss
0.679904705286026
time: 1.556049108505249
train loss
0.6806578278541565
time: 1.5619666576385498
train loss
0.6836010098457337
time: 1.5520358085632324
train loss
0.6851318359375
time: 1.5425372123718262
train loss
0.6948822796344757
time: 1.5428168773651123
train loss
0.692251056432724
time: 1.5419952869415283
train loss
0.6897443950176239
time: 1.5431771278381348
train loss
0.6915685415267945
time: 1.5418500900268555
train loss
0.6882262051105499
test loss
0.5976924538612366
inf
time: 1.5525212287902832
train loss
0.6862419128417969
time: 1.5442826747894287
train loss
0.6924969255924225
time: 1.5435187816619873
train loss
0.7060435235500335
time: 1.5422019958496094
train loss
0.6955698490142822
time: 1.5421829223632812
train loss
0.6910187184810639
time: 1.542304277420044
train loss
0.6901619791984558
time: 1.5436890125274658
train loss
0.6891324937343597
time: 1.5506012439727783
train loss
0.6869560062885285
time: 1.5434787273406982
train loss
0.6940818905830384
time: 1.5463597774505615
train loss
0.6902006149291993
test loss
0.5976999998092651
inf
time: 1.5410819053649902
train loss
0.6899078905582428
time: 1.5408425331115723
train loss
0.6912407994270324
time: 1.5427603721618652
train loss
0.6846487104892731
time: 1.5451529026031494
train loss
0.6822723090648651
time: 1.5459249019622803
train loss
0.6812583863735199
time: 1.545353889465332
train loss
0.6803115725517273
time: 1.5448477268218994
train loss
0.6797158300876618
time: 1.5465514659881592
train loss
0.6795593798160553
time: 1.5476915836334229
train loss
0.6786985874176026
time: 1.5448651313781738
train loss
0.6786815822124481
test loss
0.5918237090110778
inf
/pscratch/sd/g/gzhao27/INR/SOMA/2024-12-11SOMA-inr_w020_ld256.pt
time: 1.5512852668762207
train loss
0.6786876559257508
time: 1.544464111328125
train loss
0.6787664949893951
time: 1.5444493293762207
train loss
0.6779885828495026
time: 1.5463054180145264
train loss
0.6807788789272309
time: 1.5459520816802979
train loss
0.6847747564315796
time: 1.558182954788208
train loss
0.6987044394016266
time: 1.5553545951843262
train loss
0.6966905117034912
time: 1.5559110641479492
train loss
0.7000602066516877
time: 1.5574796199798584
train loss
0.6966935753822326
time: 1.5582804679870605
train loss
0.7112980365753174
test loss
0.6064582109451294
inf
time: 1.56180739402771
train loss
0.6996691644191741
time: 1.5435407161712646
train loss
0.7131140828132629
time: 1.5458452701568604
train loss
0.7501277089118957
time: 1.5430595874786377
train loss
0.7441967546939849
time: 1.5472259521484375
train loss
0.7204412639141082
time: 1.5461430549621582
train loss
0.7010339975357056
time: 1.5485143661499023
train loss
0.697062486410141
time: 1.5438947677612305
train loss
0.6959298074245452
time: 1.5462760925292969
train loss
0.6896980345249176
time: 1.5534083843231201
train loss
0.68608078956604
test loss
0.594023585319519
inf
time: 1.5533146858215332
train loss
0.6840278685092926
time: 1.5426135063171387
train loss
0.6825479686260223
time: 1.5405120849609375
train loss
0.6810556590557099
time: 1.5471231937408447
train loss
0.6807003557682038
time: 1.5551106929779053
train loss
0.6798870086669921
time: 1.5561578273773193
train loss
0.6797725319862366
time: 1.5569498538970947
train loss
0.680150842666626
time: 1.5546824932098389
train loss
0.6794776499271393
time: 1.5525128841400146
train loss
0.6790959596633911
time: 1.5581042766571045
train loss
0.679046094417572
test loss
0.5926956176757813
inf
time: 1.5433809757232666
train loss
0.6797049343585968
time: 1.5430729389190674
train loss
0.6805385053157806
time: 1.5411157608032227
train loss
0.6792545139789581
time: 1.5425922870635986
train loss
0.6792298972606658
time: 1.5442819595336914
train loss
0.6785585224628449
time: 1.549976110458374
train loss
0.6782631635665893
time: 1.5432446002960205
train loss
0.6784663677215577
time: 1.543971061706543
train loss
0.6788386583328248
time: 1.544321060180664
train loss
0.6795292317867279
time: 1.548111915588379
train loss
0.6805395543575287
test loss
0.5932192444801331
inf
time: 1.541710615158081
train loss
0.6801329672336578
time: 1.550217628479004
train loss
0.6798336625099182
time: 1.5544698238372803
train loss
0.6804720222949981
time: 1.5557520389556885
train loss
0.68187495470047
time: 1.556826114654541
train loss
0.6898188054561615
time: 1.552638292312622
train loss
0.6939102172851562
time: 1.5541281700134277
train loss
0.687675803899765
time: 1.5553488731384277
train loss
0.7028280138969422
time: 1.5571930408477783
train loss
0.6925317764282226
time: 1.5558676719665527
train loss
0.7040622532367706
test loss
0.6106105089187622
inf
time: 1.5666792392730713
train loss
0.714263916015625
time: 1.5554611682891846
train loss
0.7164162397384644
time: 1.5555024147033691
train loss
0.743017578125
time: 1.5545673370361328
train loss
0.7243469178676605
time: 1.5635714530944824
train loss
0.702810424566269
time: 1.5521035194396973
train loss
0.6942270576953888
time: 1.5525884628295898
train loss
0.6899503529071808
time: 1.5468218326568604
train loss
0.6938813090324402
time: 1.5522682666778564
train loss
0.6942794799804688
time: 1.553382158279419
train loss
0.6910965859889984
test loss
0.5981528759002686
inf
time: 1.5503954887390137
train loss
0.6878026604652405
time: 1.5536482334136963
train loss
0.6832763314247131
time: 1.5477440357208252
train loss
0.6823392391204834
time: 1.5447263717651367
train loss
0.6836731851100921
time: 1.5433125495910645
train loss
0.6838841915130616
time: 1.5430238246917725
train loss
0.6818704962730407
time: 1.5434846878051758
train loss
0.6807648956775665
time: 1.5434603691101074
train loss
0.6801696181297302
time: 1.543203592300415
train loss
0.6796347737312317
time: 1.5422825813293457
train loss
0.6793678939342499
test loss
0.5907844066619873
inf
/pscratch/sd/g/gzhao27/INR/SOMA/2024-12-11SOMA-inr_w020_ld256.pt
time: 1.5415477752685547
train loss
0.6784608721733093
time: 1.5415101051330566
train loss
0.6784944057464599
time: 1.541027307510376
train loss
0.6782943546772003
time: 1.541684627532959
train loss
0.6778731882572174
time: 1.5416011810302734
train loss
0.6782405316829682
time: 1.5444746017456055
train loss
0.6781147420406342
time: 1.544994831085205
train loss
0.6792689323425293
time: 1.542466163635254
train loss
0.6779477953910827
time: 1.541783094406128
train loss
0.6776359736919403
time: 1.5414674282073975
train loss
0.6788160860538482
test loss
0.5913023948669434
inf
time: 1.552762508392334
train loss
0.6791484594345093
time: 1.544891595840454
train loss
0.6802737772464752
time: 1.5459487438201904
train loss
0.6800135731697082
time: 1.5430145263671875
train loss
0.6786059498786926
time: 1.544945478439331
train loss
0.6789647758007049
time: 1.5439298152923584
train loss
0.6783653378486634
time: 1.5453383922576904
train loss
0.6787188827991486
time: 1.5451266765594482
train loss
0.6783968687057496
time: 1.5441269874572754
train loss
0.6781734168529511
time: 1.5470671653747559
train loss
0.6777074813842774
test loss
0.5918607950210572
inf
time: 1.5519154071807861
train loss
0.6781046152114868
time: 1.547377109527588
train loss
0.6780813276767731
time: 1.5574162006378174
train loss
0.6791251301765442
time: 1.5517406463623047
train loss
0.6786475419998169
time: 1.5534229278564453
train loss
0.6814884126186371
time: 1.5528028011322021
train loss
0.6982465624809265
time: 1.5468754768371582
train loss
0.6915663421154022
time: 1.5463390350341797
train loss
0.6964313209056854
time: 1.544525384902954
train loss
0.7030588328838349
time: 1.5480761528015137
train loss
0.7076368749141693
test loss
0.6080583572387696
inf
time: 1.5553836822509766
train loss
0.7150039494037628
time: 1.5513877868652344
train loss
0.706950455904007
time: 1.556166172027588
train loss
0.6941264927387237
time: 1.5539054870605469
train loss
0.6888064622879029
time: 1.5505611896514893
train loss
0.6851542949676513
time: 1.5535590648651123
train loss
0.6819028615951538
time: 1.562812089920044
train loss
0.6814530909061431
time: 1.5551061630249023
train loss
0.6808405756950379
time: 1.5471184253692627
train loss
0.6795445919036865
time: 1.5426716804504395
train loss
0.6791930854320526
test loss
0.5903409242630004
inf
/pscratch/sd/g/gzhao27/INR/SOMA/2024-12-11SOMA-inr_w020_ld256.pt
time: 1.5467123985290527
train loss
0.6781565845012665
time: 1.5450751781463623
train loss
0.678372073173523
time: 1.546431064605713
train loss
0.6779731869697571
time: 1.553961992263794
train loss
0.6784243762493134
time: 1.5539608001708984
train loss
0.6788783609867096
time: 1.5542776584625244
train loss
0.6778866410255432
time: 1.5590932369232178
train loss
0.6776586651802063
time: 1.554858684539795
train loss
0.677836012840271
time: 1.554558277130127
train loss
0.6772926032543183
time: 1.5556230545043945
train loss
0.6778745472431182
test loss
0.5919614672660828
inf
time: 1.5499897003173828
train loss
0.6785902082920074
time: 1.5453474521636963
train loss
0.6770578920841217
time: 1.545241355895996
train loss
0.6772237598896027
time: 1.5480639934539795
train loss
0.6779831707477569
time: 1.5453646183013916
train loss
0.6782433152198791
time: 1.54349684715271
train loss
0.6789417862892151
time: 1.5507612228393555
train loss
0.6792510867118835
time: 1.5467190742492676
train loss
0.6799306333065033
time: 1.5476484298706055
train loss
0.6829273402690887
time: 1.553642988204956
train loss
0.6824801743030549
test loss
0.5961922764778137
inf
time: 1.5525121688842773
train loss
0.6854552865028382
time: 1.5469205379486084
train loss
0.6821409881114959
time: 1.5446789264678955
train loss
0.679963481426239
time: 1.5425152778625488
train loss
0.6806029975414276
time: 1.5456302165985107
train loss
0.6785707414150238
time: 1.559147834777832
train loss
0.6776084125041961
time: 1.5546231269836426
train loss
0.6792576730251312
time: 1.5541255474090576
train loss
0.6797836899757386
time: 1.554020881652832
train loss
0.6817328691482544
time: 1.5573759078979492
train loss
0.6866428792476654
test loss
0.5966879248619079
inf
time: 1.5534398555755615
train loss
0.6926012933254242
time: 1.5557363033294678
train loss
0.7200017809867859
time: 1.5550189018249512
train loss
0.7175353586673736
time: 1.5493693351745605
train loss
0.7036334097385406
time: 1.5434794425964355
train loss
0.7023463785648346
time: 1.5541293621063232
train loss
0.7203732550144195
time: 1.5549373626708984
train loss
0.720335841178894
time: 1.5575809478759766
train loss
0.7007865488529206
time: 1.5505762100219727
train loss
0.6927883625030518
time: 1.5550682544708252
train loss
0.7013064086437225
test loss
0.6051755428314209
inf
time: 1.5567424297332764
train loss
0.7112285137176514
time: 1.5476751327514648
train loss
0.6991491138935089
time: 1.5436160564422607
train loss
0.6922632396221161
time: 1.5448029041290283
train loss
0.6879063904285431
time: 1.5420241355895996
train loss
0.686097139120102
time: 1.5466809272766113
train loss
0.6833703815937042
time: 1.543511152267456
train loss
0.6814049899578094
time: 1.5426912307739258
train loss
0.6796932995319367
time: 1.5425233840942383
train loss
0.6784512221813201
time: 1.5458900928497314
train loss
0.6778707444667816
test loss
0.5901479363441468
inf
/pscratch/sd/g/gzhao27/INR/SOMA/2024-12-11SOMA-inr_w020_ld256.pt
time: 1.543921947479248
train loss
0.6775410592555999
time: 1.5463318824768066
train loss
0.6789940178394318
time: 1.546463966369629
train loss
0.6799654185771942
time: 1.5453150272369385
train loss
0.6793618559837341
time: 1.5457196235656738
train loss
0.6778453886508942
time: 1.5457589626312256
train loss
0.677797931432724
time: 1.5475108623504639
train loss
0.6770308434963226
time: 1.5493762493133545
train loss
0.676753431558609
time: 1.5416243076324463
train loss
0.6777148008346557
time: 1.545015811920166
train loss
0.6778944075107575
test loss
0.5916712403297424
inf
time: 1.5538926124572754
train loss
0.6776777088642121
time: 1.5419981479644775
train loss
0.6780073463916778
time: 1.5428075790405273
train loss
0.6777575969696045
time: 1.543764352798462
train loss
0.6798067450523376
time: 1.5419516563415527
train loss
0.6813087403774262
time: 1.5429344177246094
train loss
0.6795302033424377
time: 1.542473554611206
train loss
0.6785913228988647
time: 1.5431950092315674
train loss
0.677533358335495
time: 1.5446014404296875
train loss
0.6772662818431854
time: 1.5476109981536865
train loss
0.677783089876175
test loss
0.5911547899246216
inf
time: 1.5425446033477783
train loss
0.6774516940116883
time: 1.5415232181549072
train loss
0.6775413870811462
time: 1.5452525615692139
train loss
0.6779790341854095
time: 1.5431623458862305
train loss
0.678420490026474
time: 1.5447485446929932
train loss
0.6793869435787201
time: 1.5465660095214844
train loss
0.6805759131908417
time: 1.5451273918151855
train loss
0.6811736583709717
time: 1.5403497219085693
train loss
0.6828664243221283
time: 1.5430200099945068
train loss
0.6985492944717407
time: 1.545929193496704
train loss
0.6901405215263366
test loss
0.5958643913269043
inf
time: 1.5507099628448486
train loss
0.6875965595245361
time: 1.553985357284546
train loss
0.6972676217556
time: 1.5465383529663086
train loss
0.6977504670619965
time: 1.5553295612335205
train loss
0.6918672144412994
time: 1.5440151691436768
train loss
0.684128338098526
time: 1.5445280075073242
train loss
0.6808623373508453
time: 1.5443353652954102
train loss
0.6785313606262207
time: 1.5454516410827637
train loss
0.6803483843803406
time: 1.5417110919952393
train loss
0.6884486436843872
time: 1.544304609298706
train loss
0.698428750038147
test loss
0.6062820196151734
inf
time: 1.544069528579712
train loss
0.6975730299949646
time: 1.5450234413146973
train loss
0.6904416441917419
time: 1.5419297218322754
train loss
0.6901455223560333
time: 1.5430724620819092
train loss
0.6905434727668762
time: 1.5441417694091797
train loss
0.6874287486076355
time: 1.5427215099334717
train loss
0.6830123066902161
time: 1.5501291751861572
train loss
0.6800933897495269
time: 1.5510773658752441
train loss
0.6782729625701904
time: 1.5440633296966553
train loss
0.6783144891262054
time: 1.5424292087554932
train loss
0.6781940519809723
test loss
0.5918227672576905
inf
time: 1.5466339588165283
train loss
0.6787897646427155
time: 1.546576976776123
train loss
0.6775462031364441
time: 1.542372465133667
train loss
0.6761836290359498
time: 1.5445928573608398
train loss
0.6765860259532929
time: 1.5433156490325928
train loss
0.6771652817726135
time: 1.5431084632873535
train loss
0.6764676392078399
time: 1.553164005279541
train loss
0.676665985584259
time: 1.5562455654144287
train loss
0.6765360474586487
time: 1.5532000064849854
train loss
0.6770118653774262
time: 1.5553123950958252
train loss
0.6761530220508576
test loss
0.5913229286670685
inf
time: 1.552781581878662
train loss
0.6766149818897247
time: 1.5432586669921875
train loss
0.6768453419208527
time: 1.5420441627502441
train loss
0.6770300388336181
time: 1.5444071292877197
train loss
0.6774632096290588
time: 1.5431182384490967
train loss
0.6785674631595612
time: 1.5451600551605225
train loss
0.678275978565216
time: 1.5438339710235596
train loss
0.680461722612381
time: 1.543976068496704
train loss
0.6842495143413544
time: 1.5453758239746094
train loss
0.7014515221118927
time: 1.5524351596832275
train loss
0.7183040261268616
test loss
0.6382552862167359
inf
time: 1.5528404712677002
train loss
0.7464085936546325
time: 1.5478825569152832
train loss
0.734951251745224
time: 1.5446085929870605
train loss
0.7333785116672515
time: 1.5439069271087646
train loss
0.7302001416683197
time: 1.5434699058532715
train loss
0.7112049400806427
time: 1.5442709922790527
train loss
0.6990800023078918
time: 1.5401487350463867
train loss
0.6898008525371552
time: 1.5418341159820557
train loss
0.6862557351589202
time: 1.555741310119629
train loss
0.682970529794693
time: 1.5577142238616943
train loss
0.6809854984283448
test loss
0.5919652700424194
inf
time: 1.5594027042388916
train loss
0.6806353509426117
time: 1.555638074874878
train loss
0.6853115916252136
time: 1.5525200366973877
train loss
0.6923829615116119
time: 1.55533766746521
train loss
0.6854672968387604
time: 1.554741382598877
train loss
0.6816601812839508
time: 1.547333002090454
train loss
0.6795577228069305
time: 1.554267168045044
train loss
0.6789551377296448
time: 1.5531835556030273
train loss
0.6785608172416687
time: 1.5525548458099365
train loss
0.67878537774086
time: 1.5541234016418457
train loss
0.6776953518390656
test loss
0.5905475735664367
inf
time: 1.562997579574585
train loss
0.6778057217597961
time: 1.5536820888519287
train loss
0.6771903812885285
time: 1.551548719406128
train loss
0.6770128309726715
time: 1.558910846710205
train loss
0.6766306221485138
time: 1.5548763275146484
train loss
0.6780760824680329
time: 1.5572080612182617
train loss
0.6796015739440918
time: 1.552004098892212
train loss
0.6775099158287048
time: 1.557685375213623
train loss
0.6771601378917694
time: 1.5530288219451904
train loss
0.6774503290653229
time: 1.5531189441680908
train loss
0.6783544838428497
test loss
0.5926339626312256
inf
time: 1.5399980545043945
train loss
0.6799559235572815
time: 1.541412353515625
train loss
0.6788581490516663
time: 1.548985481262207
train loss
0.6779644966125489
time: 1.5431313514709473
train loss
0.6765552878379821
time: 1.543334722518921
train loss
0.677161306142807
time: 1.5525131225585938
train loss
0.6761997401714325
time: 1.5547599792480469
train loss
0.6781016170978547
time: 1.5518691539764404
train loss
0.6811635792255402
time: 1.5520679950714111
train loss
0.6904089212417602
time: 1.5489041805267334
train loss
0.6950789272785187
test loss
0.6035807132720947
inf
time: 1.5506324768066406
train loss
0.6990797221660614
time: 1.5441884994506836
train loss
0.6928676009178162
time: 1.540201187133789
train loss
0.7042117536067962
time: 1.5454273223876953
train loss
0.703304123878479
time: 1.5538907051086426
train loss
0.7023545682430268
time: 1.5407874584197998
train loss
0.6930492639541626
time: 1.5410611629486084
train loss
0.6852523624897003
time: 1.5469717979431152
train loss
0.6829296827316285
time: 1.5427727699279785
train loss
0.6868731319904328
time: 1.5462875366210938
train loss
0.6810697615146637
test loss
0.5911273121833801
inf
time: 1.5431439876556396
train loss
0.678430151939392
time: 1.5449481010437012
train loss
0.6779174387454987
time: 1.5413265228271484
train loss
0.6777173519134522
time: 1.54183030128479
train loss
0.6783862113952637
time: 1.5496108531951904
train loss
0.6777641773223877
time: 1.5433082580566406
train loss
0.6771758496761322
time: 1.5465545654296875
train loss
0.6765268862247467
time: 1.5433852672576904
train loss
0.6765850841999054
time: 1.5454707145690918
train loss
0.6757896721363068
time: 1.542736530303955
train loss
0.6754729628562928
test loss
0.5894890189170837
inf
/pscratch/sd/g/gzhao27/INR/SOMA/2024-12-11SOMA-inr_w020_ld256.pt
time: 1.5621600151062012
train loss
0.6776277482509613
time: 1.5575733184814453
train loss
0.6786289811134338
time: 1.550060749053955
train loss
0.6787175416946412
time: 1.5422842502593994
train loss
0.6783188164234162
time: 1.5413756370544434
train loss
0.6787893772125244
time: 1.5477275848388672
train loss
0.6782173097133637
time: 1.5420715808868408
train loss
0.6775159299373626
time: 1.5485198497772217
train loss
0.6769665718078614
time: 1.5450291633605957
train loss
0.6764352500438691
time: 1.5449841022491455
train loss
0.6762628316879272
test loss
0.5891377806663514
inf
/pscratch/sd/g/gzhao27/INR/SOMA/2024-12-11SOMA-inr_w020_ld256.pt
time: 1.5488958358764648
train loss
0.677205640077591
time: 1.5440056324005127
train loss
0.676262640953064
time: 1.5424323081970215
train loss
0.678485530614853
time: 1.5450940132141113
train loss
0.6828095555305481
time: 1.5407299995422363
train loss
0.7060512006282806
time: 1.5441863536834717
train loss
0.6983941435813904
time: 1.5424437522888184
train loss
0.7127304255962372
time: 1.5442941188812256
train loss
0.7157889008522034
time: 1.541001558303833
train loss
0.7137023150920868
time: 1.5528950691223145
train loss
0.7388440251350403
test loss
0.6266035318374634
inf
time: 1.5465354919433594
train loss
0.7390529155731201
time: 1.5515072345733643
train loss
0.7283190786838531
time: 1.5553796291351318
train loss
0.7161729574203491
time: 1.5564994812011719
train loss
0.7128168761730194
time: 1.56138014793396
train loss
0.6999105215072632
time: 1.5572926998138428
train loss
0.6918741345405579
time: 1.554269552230835
train loss
0.6874062836170196
time: 1.5551867485046387
train loss
0.6826631128787994
time: 1.5444512367248535
train loss
0.6805785894393921
time: 1.5392262935638428
train loss
0.6801476180553436
test loss
0.5911375641822815
inf
time: 1.5472335815429688
train loss
0.6788658022880554
time: 1.541243314743042
train loss
0.6799374282360077
time: 1.5460143089294434
train loss
0.6800912380218506
time: 1.5558671951293945
train loss
0.6802569091320038
time: 1.5550172328948975
train loss
0.6793824970722199
time: 1.5560028553009033
train loss
0.6778457522392273
time: 1.5575120449066162
train loss
0.6776181578636169
time: 1.5547866821289062
train loss
0.6768293440341949
time: 1.5551347732543945
train loss
0.6762948513031006
time: 1.5567548274993896
train loss
0.6768429398536682
test loss
0.5908528327941894
inf
time: 1.5608904361724854
train loss
0.6766464650630951
time: 1.555617332458496
train loss
0.6769888162612915
time: 1.5518550872802734
train loss
0.6769331812858581
time: 1.5534021854400635
train loss
0.6760229408740998
time: 1.5541913509368896
train loss
0.6756159007549286
time: 1.55668044090271
train loss
0.6762094974517823
time: 1.5606365203857422
train loss
0.67661754488945
time: 1.5521025657653809
train loss
0.6802894473075867
time: 1.5545415878295898
train loss
0.6841936111450195
time: 1.54659104347229
train loss
0.686627334356308
test loss
0.5916601896286011
inf
time: 1.5396544933319092
train loss
0.6843607127666473
time: 1.5444166660308838
train loss
0.683911019563675
time: 1.5403499603271484
train loss
0.6877934634685516
time: 1.5409467220306396
train loss
0.6846490681171418
time: 1.5407946109771729
train loss
0.6806136131286621
time: 1.5435214042663574
train loss
0.6781830430030823
time: 1.5473477840423584
train loss
0.6782457292079925
time: 1.5416145324707031
train loss
0.6784556746482849
time: 1.5412821769714355
train loss
0.6771332383155823
time: 1.5410618782043457
train loss
0.676574969291687
test loss
0.5903372049331665
inf
time: 1.560035228729248
train loss
0.6760813653469085
time: 1.548828363418579
train loss
0.6753325164318085
time: 1.541724443435669
train loss
0.6752490520477294
time: 1.5435457229614258
train loss
0.6754186511039734
time: 1.5421638488769531
train loss
0.6766973435878754
time: 1.5485143661499023
train loss
0.6763015449047088
time: 1.5412061214447021
train loss
0.6765934526920319
time: 1.5430355072021484
train loss
0.677008056640625
time: 1.543426752090454
train loss
0.6759067893028259
time: 1.54429292678833
train loss
0.6764050304889679
test loss
0.5916145205497741
inf
time: 1.5473275184631348
train loss
0.6765035092830658
time: 1.543877124786377
train loss
0.6761263549327851
time: 1.5425572395324707
train loss
0.6751487076282501
time: 1.5422821044921875
train loss
0.67506183385849
time: 1.5448744297027588
train loss
0.6755041778087616
time: 1.540930986404419
train loss
0.6776052355766297
time: 1.541147232055664
train loss
0.6791396200656891
time: 1.5411314964294434
train loss
0.6826111495494842
time: 1.5403120517730713
train loss
0.6811501026153565
time: 1.5426278114318848
train loss
0.6810440123081207
test loss
0.590912115573883
inf
time: 1.5429701805114746
train loss
0.6862545967102051
time: 1.5428869724273682
train loss
0.7014716148376465
time: 1.5426368713378906
train loss
0.7090666353702545
time: 1.5406498908996582
train loss
0.7167397201061249
time: 1.541616439819336
train loss
0.6989459991455078
time: 1.5439534187316895
train loss
0.687488567829132
time: 1.5427134037017822
train loss
0.6826810002326965
time: 1.5439724922180176
train loss
0.6805838048458099
time: 1.5434350967407227
train loss
0.6783332288265228
time: 1.5440354347229004
train loss
0.6777953624725341
test loss
0.5899436831474304
inf
time: 1.543278455734253
train loss
0.678026682138443
time: 1.5410308837890625
train loss
0.6764574587345124
time: 1.540747880935669
train loss
0.6759414196014404
time: 1.5396151542663574
train loss
0.6762512505054474
time: 1.5402112007141113
train loss
0.6759738802909852
time: 1.5416405200958252
train loss
0.6746565878391266
time: 1.5384950637817383
train loss
0.6749098002910614
time: 1.5414016246795654
train loss
0.6757015109062194
time: 1.5489451885223389
train loss
0.6768652141094208
time: 1.5426723957061768
train loss
0.6771874606609345
test loss
0.5908212184906005
inf
time: 1.5423824787139893
train loss
0.6787258803844451
time: 1.541083812713623
train loss
0.6772250235080719
time: 1.5423393249511719
train loss
0.6764198839664459
time: 1.5406482219696045
train loss
0.6763373196125031
time: 1.5423128604888916
train loss
0.6751362323760987
time: 1.5404307842254639
train loss
0.6745048344135285
time: 1.5436663627624512
train loss
0.6748252987861634
time: 1.5428483486175537
train loss
0.6742803931236268
time: 1.5486915111541748
train loss
0.6745436728000641
time: 1.5437982082366943
train loss
0.6766719877719879
test loss
0.5909259557723999
inf
time: 1.537947177886963
train loss
0.6773450911045075
time: 1.5425546169281006
train loss
0.6768334329128265
time: 1.5396957397460938
train loss
0.6773820459842682
time: 1.5451099872589111
train loss
0.6784462034702301
time: 1.5453979969024658
train loss
0.7007065653800965
time: 1.541428565979004
train loss
0.7169532358646393
time: 1.5428221225738525
train loss
0.7279196560382843
time: 1.5418131351470947
train loss
0.7047254204750061
time: 1.5433940887451172
train loss
0.7695514619350433
time: 1.542548418045044
train loss
0.8377723038196564
test loss
0.6750432848930359
inf
time: 1.5557913780212402
train loss
0.7805109322071075
time: 1.5539522171020508
train loss
0.7456691920757293
time: 1.5514180660247803
train loss
0.7242375791072846
time: 1.5523431301116943
train loss
0.7106542408466339
time: 1.5621025562286377
train loss
0.7006217062473297
time: 1.554347038269043
train loss
0.6925447642803192
time: 1.552138090133667
train loss
0.6881343185901642
time: 1.5553791522979736
train loss
0.685699462890625
time: 1.5560581684112549
train loss
0.6845840632915496
time: 1.553802251815796
train loss
0.6828923940658569
test loss
0.5925500154495239
inf
time: 1.563375473022461
train loss
0.6819461822509766
time: 1.5487055778503418
train loss
0.6831116497516632
time: 1.5555212497711182
train loss
0.6838656723499298
time: 1.5527112483978271
train loss
0.6804348349571228
time: 1.55208158493042
train loss
0.6805003046989441
time: 1.5429775714874268
train loss
0.6826507091522217
time: 1.5399065017700195
train loss
0.6873708724975586
time: 1.540541648864746
train loss
0.6862595915794373
time: 1.5406689643859863
train loss
0.6912961304187775
time: 1.542794942855835
train loss
0.6854265451431274
test loss
0.5959228157997132
inf
time: 1.5417687892913818
train loss
0.6849465608596802
time: 1.542851448059082
train loss
0.6917206704616546
time: 1.5409669876098633
train loss
0.6857257306575775
time: 1.5424411296844482
train loss
0.6830207586288453
time: 1.5452709197998047
train loss
0.6810938000679017
time: 1.55159330368042
train loss
0.6792258024215698
time: 1.5518498420715332
train loss
0.6774802088737488
time: 1.5521924495697021
train loss
0.6763084173202515
time: 1.5526440143585205
train loss
0.6758741319179535
time: 1.5517258644104004
train loss
0.6760866165161132
test loss
0.5894785404205323
inf
time: 1.5535719394683838
train loss
0.6756652772426606
time: 1.551706314086914
train loss
0.6751112759113311
time: 1.5498132705688477
train loss
0.6756408274173736
time: 1.559175968170166
train loss
0.6755783081054687
time: 1.5416924953460693
train loss
0.6756567060947418
time: 1.5424799919128418
train loss
0.6764720618724823
time: 1.538926362991333
train loss
0.6769867241382599
time: 1.5438506603240967
train loss
0.6758710384368897
time: 1.5414254665374756
train loss
0.6758096635341644
time: 1.5422697067260742
train loss
0.6757385909557343
test loss
0.5898159980773926
inf
time: 1.5434908866882324
train loss
0.6756523072719574
time: 1.5417296886444092
train loss
0.6758700847625733
time: 1.5462663173675537
train loss
0.6755642890930176
time: 1.5382564067840576
train loss
0.6769923388957977
time: 1.543776035308838
train loss
0.677761685848236
time: 1.5442535877227783
train loss
0.6881385445594788
time: 1.554877758026123
train loss
0.7129338443279266
time: 1.5439426898956299
train loss
0.7008647441864013
time: 1.544337511062622
train loss
0.6930580377578736
time: 1.5459024906158447
train loss
0.6876636266708374
test loss
0.5964272260665894
inf
time: 1.5443973541259766
train loss
0.6890771269798279
time: 1.5451366901397705
train loss
0.7083810210227967
time: 1.5447556972503662
train loss
0.7002243995666504
time: 1.5435600280761719
train loss
0.6876816213130951
time: 1.5444598197937012
train loss
0.6839508295059205
time: 1.5437476634979248
train loss
0.6797213017940521
time: 1.5387425422668457
train loss
0.6770080149173736
time: 1.5421087741851807
train loss
0.6762325644493103
time: 1.5550222396850586
train loss
0.6753732144832612
time: 1.552690029144287
train loss
0.6756109178066254
test loss
0.5905781030654907
inf
time: 1.5435688495635986
train loss
0.679250431060791
time: 1.5406074523925781
train loss
0.6803981721401214
time: 1.5400030612945557
train loss
0.6818745017051697
time: 1.5392603874206543
train loss
0.6810419797897339
time: 1.543135643005371
train loss
0.682242476940155
time: 1.5412395000457764
train loss
0.6791212618350982
time: 1.539839506149292
train loss
0.6799905121326446
time: 1.541874885559082
train loss
0.6811570882797241
time: 1.538346529006958
train loss
0.6846151351928711
time: 1.539552927017212
train loss
0.6801414728164673
test loss
0.5920297741889954
inf
time: 1.5560228824615479
train loss
0.6789726734161377
time: 1.5514159202575684
train loss
0.682982450723648
time: 1.5524523258209229
train loss
0.681962639093399
time: 1.5518617630004883
train loss
0.6791478991508484
time: 1.5519285202026367
train loss
0.6767040729522705
time: 1.5432260036468506
train loss
0.676549881696701
time: 1.542163610458374
train loss
0.6752438187599182
time: 1.5428276062011719
train loss
0.674208265542984
time: 1.5537567138671875
train loss
0.6740187883377076
time: 1.5525648593902588
train loss
0.6736363589763641
test loss
0.5880401790142059
inf
/pscratch/sd/g/gzhao27/INR/SOMA/2024-12-11SOMA-inr_w020_ld256.pt
time: 1.5566494464874268
train loss
0.6743674576282501
time: 1.5484287738800049
train loss
0.6754458665847778
time: 1.5485327243804932
train loss
0.675798624753952
time: 1.5531001091003418
train loss
0.676283323764801
time: 1.5496795177459717
train loss
0.6752535402774811
time: 1.5526835918426514
train loss
0.6753753423690796
time: 1.5550220012664795
train loss
0.6754804790019989
time: 1.5512259006500244
train loss
0.675142627954483
time: 1.5414931774139404
train loss
0.6747540175914765
time: 1.5422492027282715
train loss
0.6746501326560974
test loss
0.5873699188232422
inf
/pscratch/sd/g/gzhao27/INR/SOMA/2024-12-11SOMA-inr_w020_ld256.pt
time: 1.5460329055786133
train loss
0.6740140318870544
time: 1.5439343452453613
train loss
0.6739668846130371
time: 1.5452241897583008
train loss
0.6735217869281769
time: 1.541945457458496
train loss
0.6728015959262847
time: 1.5411102771759033
train loss
0.6732450008392334
time: 1.544485092163086
train loss
0.6738427340984344
time: 1.542037010192871
train loss
0.673585844039917
time: 1.5397484302520752
train loss
0.6734620809555054
time: 1.5473613739013672
train loss
0.6752350747585296
time: 1.5403952598571777
train loss
0.6772080183029174
test loss
0.5922065615653992
inf
time: 1.5394461154937744
train loss
0.6811721622943878
time: 1.5393047332763672
train loss
0.6813834190368653
time: 1.540513277053833
train loss
0.6836968421936035
time: 1.5409929752349854
train loss
0.6813024282455444
time: 1.55436110496521
train loss
0.6928353548049927
time: 1.5510354042053223
train loss
0.713685405254364
time: 1.5412876605987549
train loss
0.7097042620182037
time: 1.5406601428985596
train loss
0.704650056362152
time: 1.5397770404815674
train loss
0.7111085593700409
test loss
0.6052400231361389
inf
finish
wandb: - 0.014 MB of 0.014 MB uploadedwandb: \ 0.014 MB of 0.252 MB uploadedwandb: | 0.166 MB of 0.252 MB uploadedwandb: 
wandb: Run history:
wandb:  test_loss ▄▅▃▆▂▂█▃▃▂▂▂▂▂▂▁▃▃▂▁▁▂▁▅▂▂▂▂▃▂▁▁▁▁▁▁▁▂▁▁
wandb: train_loss ▅▆▄▆▂▂█▄▃▂▂▂▂▂▂▁▂▃▁▁▁▁▁▅▂▂▁▁▂▂▁▁▁▁▁▁▁▁▁▁
wandb: 
wandb: Run summary:
wandb:    results_dir /pscratch/sd/g/gzhao...
wandb:      test_loss 0.60524
wandb:  test_rel_loss inf
wandb:     train_loss 0.71111
wandb: train_rel_loss inf
wandb: 
wandb: 🚀 View run SOMA-inr_w020_ld256 at: https://wandb.ai/bnl-lemon/w0search/runs/60q1u9rm
wandb: ⭐️ View project at: https://wandb.ai/bnl-lemon/w0search
wandb: Synced 6 W&B file(s), 0 media file(s), 0 artifact file(s) and 0 other file(s)
wandb: Find logs at: /pscratch/sd/g/gzhao27/INR/coral/wandb/wandb/run-20241211_061125-60q1u9rm/logs
wandb: WARNING The new W&B backend becomes opt-out in version 0.18.0; try it out with `wandb.require("core")`! See https://wandb.me/wandb-core for more information.
