
CondaError: Run 'conda init' before 'conda activate'

/pscratch/sd/g/gzhao27/INR/SOMA/coralsoma/inr.py:39: UserWarning: 
The version_base parameter is not specified.
Please specify a compatability version level, or None.
Will assume defaults for version 1.1
  @hydra.main(config_path="../config/", config_name="siren.yaml")
/pscratch/sd/g/gzhao27/conda/coral/lib/python3.9/site-packages/hydra/_internal/hydra.py:119: UserWarning: Future Hydra versions will no longer change working directory at job runtime by default.
See https://hydra.cc/docs/1.2/upgrades/1.1_to_1.2/changes_to_job_working_dir/ for more information.
  ret = run_job(
/pscratch/sd/g/gzhao27/conda/coral/bin/python
wandb: Currently logged in as: lemon15203 (bnl-lemon). Use `wandb login --relogin` to force relogin
wandb: wandb version 0.19.0 is available!  To upgrade, please run:
wandb:  $ pip install wandb --upgrade
wandb: Tracking run with wandb version 0.17.7
wandb: Run data is saved locally in /pscratch/sd/g/gzhao27/INR/coral/wandb/wandb/run-20241210_170533-spkvd2fx
wandb: Run `wandb offline` to turn off syncing.
wandb: Syncing run SOMA-inr_w020_ld180
wandb: ⭐️ View project at https://wandb.ai/bnl-lemon/w0search
wandb: 🚀 View run at https://wandb.ai/bnl-lemon/w0search/runs/spkvd2fx
/pscratch/sd/g/gzhao27/INR/SOMA/utils/data/unstructure_dataset.py:368: UserWarning: The given NumPy array is not writable, and PyTorch does not support non-writable tensors. This means writing to this tensor will result in undefined behavior. You may want to copy the array to protect its data or make it writable before converting it to a tensor. This type of warning will be suppressed for the rest of this program. (Triggered internally at ../torch/csrc/utils/tensor_numpy.cpp:206.)
  return torch.from_numpy(self.mmap_data[rawidx])
/pscratch/sd/g/gzhao27/conda/coral/lib/python3.9/site-packages/torch/functional.py:513: UserWarning: torch.meshgrid: in an upcoming release, it will be required to pass the indexing argument. (Triggered internally at ../aten/src/ATen/native/TensorShape.cpp:3609.)
  return _VF.meshgrid(tensors, **kwargs)  # type: ignore[attr-defined]
/pscratch/sd/g/gzhao27/conda/coral/lib/python3.9/site-packages/torch/optim/lr_scheduler.py:60: UserWarning: The verbose parameter is deprecated. Please use get_last_lr() to access the learning rate.
  warnings.warn(
run dir given None
id spkvd2fx
dir /pscratch/sd/g/gzhao27/INR/coral/wandb/wandb/run-20241210_170533-spkvd2fx/files
train 80
val 10
time: 2.384871482849121
train loss
1.0017878890037537
test loss
0.06256181448698044
inf
/pscratch/sd/g/gzhao27/INR/SOMA/2024-12-10SOMA-inr_w020_ld180.pt
time: 1.5573749542236328
train loss
1.0008714854717256
time: 1.550611972808838
train loss
1.0005159258842469
time: 1.5446956157684326
train loss
0.9999323785305023
time: 1.5426628589630127
train loss
0.9986261188983917
time: 1.5429651737213135
train loss
0.9963592827320099
time: 1.5472412109375
train loss
0.9854472577571869
time: 1.5487756729125977
train loss
0.9648995935916901
time: 1.5453109741210938
train loss
0.9468599259853363
time: 1.543349266052246
train loss
0.9309698164463043
time: 1.5456793308258057
train loss
0.9382318317890167
test loss
0.05929893851280212
inf
/pscratch/sd/g/gzhao27/INR/SOMA/2024-12-10SOMA-inr_w020_ld180.pt
time: 1.5436792373657227
train loss
0.926951938867569
time: 1.5466036796569824
train loss
0.9448714196681977
time: 1.5428879261016846
train loss
0.9363221406936646
time: 1.5433685779571533
train loss
0.9224914610385895
time: 1.5437378883361816
train loss
0.9138176918029786
time: 1.5440292358398438
train loss
0.9079882681369782
time: 1.5437686443328857
train loss
0.911123251914978
time: 1.542874813079834
train loss
0.9326045513153076
time: 1.5434634685516357
train loss
0.9250896394252777
time: 1.546471357345581
train loss
0.9319237232208252
test loss
0.05940965563058853
inf
time: 1.5431711673736572
train loss
0.9300461292266846
time: 1.5414655208587646
train loss
0.9379616022109986
time: 1.544076681137085
train loss
0.913466465473175
time: 1.5448644161224365
train loss
0.9049268007278443
time: 1.5451970100402832
train loss
0.8970485508441925
time: 1.5452399253845215
train loss
0.8891568541526794
time: 1.5453405380249023
train loss
0.8851551830768585
time: 1.542762041091919
train loss
0.888128662109375
time: 1.54243803024292
train loss
0.892853045463562
time: 1.544771671295166
train loss
0.9053822040557862
test loss
0.058337482064962386
inf
/pscratch/sd/g/gzhao27/INR/SOMA/2024-12-10SOMA-inr_w020_ld180.pt
time: 1.5435535907745361
train loss
0.8822261691093445
time: 1.5433518886566162
train loss
0.8782412946224213
time: 1.5428168773651123
train loss
0.8831320822238922
time: 1.544853925704956
train loss
0.8756304025650025
time: 1.5417780876159668
train loss
0.8682439267635346
time: 1.543398141860962
train loss
0.8637672066688538
time: 1.5440442562103271
train loss
0.8579917967319488
time: 1.5424456596374512
train loss
0.8542117476463318
time: 1.5433340072631836
train loss
0.8548524022102356
time: 1.5420186519622803
train loss
0.8678853631019592
test loss
0.058111826330423354
inf
/pscratch/sd/g/gzhao27/INR/SOMA/2024-12-10SOMA-inr_w020_ld180.pt
time: 1.546220064163208
train loss
0.870297646522522
time: 1.544090747833252
train loss
0.8849852740764618
time: 1.543452501296997
train loss
0.8907955527305603
time: 1.5427699089050293
train loss
0.8826986908912658
time: 1.5434041023254395
train loss
0.8769637286663056
time: 1.5434892177581787
train loss
0.8708765506744385
time: 1.5425481796264648
train loss
0.86297807097435
time: 1.5450313091278076
train loss
0.8553831994533538
time: 1.5439159870147705
train loss
0.8470498085021972
time: 1.543778896331787
train loss
0.8415058970451355
test loss
0.057915502786636354
inf
/pscratch/sd/g/gzhao27/INR/SOMA/2024-12-10SOMA-inr_w020_ld180.pt
time: 1.541421890258789
train loss
0.8761243224143982
time: 1.5422358512878418
train loss
0.9025682032108306
time: 1.5422313213348389
train loss
0.8748124361038208
time: 1.5408880710601807
train loss
0.8602765202522278
time: 1.543102502822876
train loss
0.8523317635059356
time: 1.540409803390503
train loss
0.8516793489456177
time: 1.5414578914642334
train loss
0.8602241575717926
time: 1.5426890850067139
train loss
0.8510159730911255
time: 1.5399870872497559
train loss
0.8409384965896607
time: 1.5416409969329834
train loss
0.8352790653705597
test loss
0.05724735856056214
inf
/pscratch/sd/g/gzhao27/INR/SOMA/2024-12-10SOMA-inr_w020_ld180.pt
time: 1.5437736511230469
train loss
0.831774628162384
time: 1.5405209064483643
train loss
0.8287114322185516
time: 1.5402014255523682
train loss
0.8243572354316712
time: 1.5416347980499268
train loss
0.8228710711002349
time: 1.54197359085083
train loss
0.822937548160553
time: 1.5528059005737305
train loss
0.8208556354045868
time: 1.5527358055114746
train loss
0.8158488214015961
time: 1.5530424118041992
train loss
0.8132533609867096
time: 1.553887128829956
train loss
0.8173954606056213
time: 1.556523084640503
train loss
0.8223403751850128
test loss
0.057028621435165405
inf
/pscratch/sd/g/gzhao27/INR/SOMA/2024-12-10SOMA-inr_w020_ld180.pt
time: 1.544097900390625
train loss
0.8141256332397461
time: 1.5433332920074463
train loss
0.8122912645339966
time: 1.5496611595153809
train loss
0.8097916424274445
time: 1.5545480251312256
train loss
0.8156842887401581
time: 1.55344557762146
train loss
0.8243430376052856
time: 1.5544393062591553
train loss
0.813541567325592
time: 1.5528109073638916
train loss
0.8387692928314209
time: 1.557060718536377
train loss
0.8435230612754822
time: 1.5537381172180176
train loss
0.8323720693588257
time: 1.5561168193817139
train loss
0.8190174877643586
test loss
0.05694030448794365
inf
/pscratch/sd/g/gzhao27/INR/SOMA/2024-12-10SOMA-inr_w020_ld180.pt
time: 1.540282964706421
train loss
0.8119234502315521
time: 1.5399630069732666
train loss
0.8047882318496704
time: 1.541532278060913
train loss
0.8003701388835907
time: 1.542999029159546
train loss
0.7952450692653656
time: 1.5407629013061523
train loss
0.7935038208961487
time: 1.5402288436889648
train loss
0.7933684468269349
time: 1.5393743515014648
train loss
0.7920996725559235
time: 1.5400047302246094
train loss
0.7891909003257751
time: 1.5424995422363281
train loss
0.8020842909812927
time: 1.5433943271636963
train loss
0.8015875577926636
test loss
0.056793326139450075
inf
/pscratch/sd/g/gzhao27/INR/SOMA/2024-12-10SOMA-inr_w020_ld180.pt
time: 1.5401287078857422
train loss
0.7922538638114929
time: 1.5414869785308838
train loss
0.7890593945980072
time: 1.540153980255127
train loss
0.784116905927658
time: 1.5380618572235107
train loss
0.7803927600383759
time: 1.541825771331787
train loss
0.7792285561561585
time: 1.5409421920776367
train loss
0.7768977046012878
time: 1.5453650951385498
train loss
0.7762118518352509
time: 1.5460915565490723
train loss
0.7771031081676483
time: 1.5519537925720215
train loss
0.7759176254272461
time: 1.5505166053771973
train loss
0.7733599424362183
test loss
0.056117262691259384
inf
/pscratch/sd/g/gzhao27/INR/SOMA/2024-12-10SOMA-inr_w020_ld180.pt
time: 1.5510191917419434
train loss
0.771492999792099
time: 1.5531423091888428
train loss
0.7700706541538238
time: 1.5523860454559326
train loss
0.7689618229866028
time: 1.544710636138916
train loss
0.7678936064243317
time: 1.5412945747375488
train loss
0.767357611656189
time: 1.540860652923584
train loss
0.7657928586006164
time: 1.5402958393096924
train loss
0.7668164312839508
time: 1.54107666015625
train loss
0.7686613202095032
time: 1.5413322448730469
train loss
0.7776308298110962
time: 1.5440967082977295
train loss
0.8018035233020783
test loss
0.05648848041892052
inf
time: 1.5398359298706055
train loss
0.8012662589550018
time: 1.5379018783569336
train loss
0.800447690486908
time: 1.5411596298217773
train loss
0.8157710552215576
time: 1.5397922992706299
train loss
0.83883256316185
time: 1.5435147285461426
train loss
0.8177601397037506
time: 1.5413661003112793
train loss
0.822296941280365
time: 1.5410714149475098
train loss
0.8212290465831756
time: 1.5422797203063965
train loss
0.818202155828476
time: 1.5424273014068604
train loss
0.8267425775527955
time: 1.5434389114379883
train loss
0.8177555203437805
test loss
0.0573215588927269
inf
time: 1.543715000152588
train loss
0.8213976502418519
time: 1.54264497756958
train loss
0.8090409934520721
time: 1.5437707901000977
train loss
0.7919626891613006
time: 1.542323350906372
train loss
0.7869546294212342
time: 1.5453181266784668
train loss
0.7788041770458222
time: 1.5433852672576904
train loss
0.7726120114326477
time: 1.5426499843597412
train loss
0.7703641593456269
time: 1.5423204898834229
train loss
0.7696018755435944
time: 1.5427842140197754
train loss
0.7664824306964875
time: 1.5427954196929932
train loss
0.7649063169956207
test loss
0.056085900962352754
inf
/pscratch/sd/g/gzhao27/INR/SOMA/2024-12-10SOMA-inr_w020_ld180.pt
time: 1.5448176860809326
train loss
0.7642080903053283
time: 1.5540063381195068
train loss
0.7621638774871826
time: 1.553041934967041
train loss
0.7606659412384034
time: 1.5525057315826416
train loss
0.7631391286849976
time: 1.5536117553710938
train loss
0.7653005242347717
time: 1.5532441139221191
train loss
0.7676712214946747
time: 1.5529193878173828
train loss
0.7665956377983093
time: 1.5508873462677002
train loss
0.7642142713069916
time: 1.5517823696136475
train loss
0.7607110977172852
time: 1.5528943538665771
train loss
0.7623879790306092
test loss
0.05609796270728111
inf
time: 1.53985595703125
train loss
0.7665900647640228
time: 1.5431926250457764
train loss
0.7609076380729676
time: 1.5430347919464111
train loss
0.7593961179256439
time: 1.544658899307251
train loss
0.7557768642902374
time: 1.5436396598815918
train loss
0.7534446299076081
time: 1.5434000492095947
train loss
0.7509287297725677
time: 1.540327548980713
train loss
0.7490649163722992
time: 1.5425662994384766
train loss
0.7482738614082336
time: 1.5426437854766846
train loss
0.7473308205604553
time: 1.5437037944793701
train loss
0.7465699732303619
test loss
0.05577826499938965
inf
/pscratch/sd/g/gzhao27/INR/SOMA/2024-12-10SOMA-inr_w020_ld180.pt
time: 1.5488221645355225
train loss
0.7477960824966431
time: 1.5398683547973633
train loss
0.748033857345581
time: 1.5528535842895508
train loss
0.7535060703754425
time: 1.5546483993530273
train loss
0.7782997906208038
time: 1.5522842407226562
train loss
0.8300429046154022
time: 1.5520622730255127
train loss
0.8384418427944184
time: 1.554093837738037
train loss
0.8041516065597534
time: 1.554443120956421
train loss
0.7903801143169403
time: 1.552976369857788
train loss
0.7734197854995728
time: 1.5531632900238037
train loss
0.7633943200111389
test loss
0.05610923022031784
inf
time: 1.5523979663848877
train loss
0.7584292531013489
time: 1.5523862838745117
train loss
0.7564350724220276
time: 1.5510451793670654
train loss
0.7719314098358154
time: 1.554457664489746
train loss
0.772258859872818
time: 1.549198865890503
train loss
0.7712465286254883
time: 1.5503830909729004
train loss
0.7631238579750061
time: 1.5515048503875732
train loss
0.76537584066391
time: 1.5519380569458008
train loss
0.7695578157901763
time: 1.5513243675231934
train loss
0.7651364922523498
time: 1.552586555480957
train loss
0.7582037806510925
test loss
0.05584478750824928
inf
time: 1.5529179573059082
train loss
0.7516493916511535
time: 1.5507800579071045
train loss
0.7485990762710572
time: 1.553116798400879
train loss
0.745654821395874
time: 1.5526318550109863
train loss
0.7437729358673095
time: 1.5516338348388672
train loss
0.7424724996089935
time: 1.5512394905090332
train loss
0.7405569076538085
time: 1.5519154071807861
train loss
0.7398427605628968
time: 1.5509090423583984
train loss
0.7383612394332886
time: 1.551896095275879
train loss
0.7395650565624237
time: 1.5487761497497559
train loss
0.7438335835933685
test loss
0.05564178004860878
inf
/pscratch/sd/g/gzhao27/INR/SOMA/2024-12-10SOMA-inr_w020_ld180.pt
time: 1.5527119636535645
train loss
0.7422125160694122
time: 1.5529680252075195
train loss
0.7407414793968201
time: 1.5520405769348145
train loss
0.7386608183383941
time: 1.5541927814483643
train loss
0.7386834859848023
time: 1.5562047958374023
train loss
0.7433962881565094
time: 1.5494887828826904
train loss
0.7428859353065491
time: 1.5530986785888672
train loss
0.7435614228248596
time: 1.553886890411377
train loss
0.7510250151157379
time: 1.556743860244751
train loss
0.7748762667179108
time: 1.5536153316497803
train loss
0.7888017773628235
test loss
0.05783782750368118
inf
time: 1.553961992263794
train loss
0.7785985171794891
time: 1.5569264888763428
train loss
0.7846038579940796
time: 1.5446348190307617
train loss
0.7971279323101044
time: 1.5427653789520264
train loss
0.7875922560691834
time: 1.5410265922546387
train loss
0.7765644371509552
time: 1.542597770690918
train loss
0.770159101486206
time: 1.5448575019836426
train loss
0.7614133954048157
time: 1.5428063869476318
train loss
0.7499546051025391
time: 1.541919469833374
train loss
0.7518834829330444
time: 1.5433940887451172
train loss
0.7486500024795533
test loss
0.0556816466152668
inf
time: 1.5408151149749756
train loss
0.7450516641139984
time: 1.5432684421539307
train loss
0.7396290898323059
time: 1.5433802604675293
train loss
0.7361786603927613
time: 1.5427591800689697
train loss
0.734581583738327
time: 1.5439794063568115
train loss
0.7326774537563324
time: 1.543492078781128
train loss
0.7325043678283691
time: 1.5431272983551025
train loss
0.7308400928974151
time: 1.5428273677825928
train loss
0.7302304863929748
time: 1.5435144901275635
train loss
0.7308587670326233
time: 1.5538365840911865
train loss
0.7328170299530029
test loss
0.055473297089338305
inf
/pscratch/sd/g/gzhao27/INR/SOMA/2024-12-10SOMA-inr_w020_ld180.pt
time: 1.550910234451294
train loss
0.7354361712932587
time: 1.5428194999694824
train loss
0.7421694874763489
time: 1.5433340072631836
train loss
0.7567187070846557
time: 1.5493271350860596
train loss
0.7474368393421174
time: 1.5440139770507812
train loss
0.7424899756908416
time: 1.5426278114318848
train loss
0.7389141857624054
time: 1.5440237522125244
train loss
0.7329352021217346
time: 1.5426030158996582
train loss
0.7311898648738862
time: 1.5437185764312744
train loss
0.7304097056388855
time: 1.5466313362121582
train loss
0.728189754486084
test loss
0.05519575029611588
inf
/pscratch/sd/g/gzhao27/INR/SOMA/2024-12-10SOMA-inr_w020_ld180.pt
time: 1.5440139770507812
train loss
0.726106733083725
time: 1.5448715686798096
train loss
0.7248522043228149
time: 1.5448870658874512
train loss
0.7238161444664002
time: 1.5542027950286865
train loss
0.723595130443573
time: 1.5509188175201416
train loss
0.7239090263843536
time: 1.5545179843902588
train loss
0.7239679872989655
time: 1.5522701740264893
train loss
0.7238338232040405
time: 1.5458924770355225
train loss
0.7237145245075226
time: 1.5527079105377197
train loss
0.7216980755329132
time: 1.5530352592468262
train loss
0.7207198560237884
test loss
0.055033907294273376
inf
/pscratch/sd/g/gzhao27/INR/SOMA/2024-12-10SOMA-inr_w020_ld180.pt
time: 1.552907943725586
train loss
0.7198699712753296
time: 1.5532517433166504
train loss
0.7194807469844818
time: 1.5539531707763672
train loss
0.7195174634456635
time: 1.552358865737915
train loss
0.7190241396427155
time: 1.5550909042358398
train loss
0.7183478653430939
time: 1.5533452033996582
train loss
0.7175114810466766
time: 1.5532252788543701
train loss
0.7174034476280212
time: 1.5552403926849365
train loss
0.7176872193813324
time: 1.5534083843231201
train loss
0.7179478347301483
time: 1.5456888675689697
train loss
0.7173853158950806
test loss
0.05507042407989502
inf
time: 1.5424244403839111
train loss
0.7174018561840058
time: 1.5470235347747803
train loss
0.7169830858707428
time: 1.5484659671783447
train loss
0.7174886703491211
time: 1.5452358722686768
train loss
0.7168911933898926
time: 1.5433769226074219
train loss
0.7168322741985321
time: 1.5452802181243896
train loss
0.716875433921814
time: 1.5444719791412354
train loss
0.7164468944072724
time: 1.550142526626587
train loss
0.7181442558765412
time: 1.5519979000091553
train loss
0.7177974700927734
time: 1.542086124420166
train loss
0.7182707011699676
test loss
0.05498795583844185
inf
/pscratch/sd/g/gzhao27/INR/SOMA/2024-12-10SOMA-inr_w020_ld180.pt
time: 1.5403687953948975
train loss
0.7170653522014618
time: 1.5447523593902588
train loss
0.7152762293815613
time: 1.54732084274292
train loss
0.7155171692371368
time: 1.5430614948272705
train loss
0.7175431251525879
time: 1.5425751209259033
train loss
0.7295902788639068
time: 1.5415422916412354
train loss
0.7232877910137177
time: 1.5418684482574463
train loss
0.7347918391227722
time: 1.542574167251587
train loss
0.7525646269321442
time: 1.5413296222686768
train loss
0.76779203414917
time: 1.5430254936218262
train loss
0.7848153293132782
test loss
0.05773409456014633
inf
time: 1.5413854122161865
train loss
0.7883500158786774
time: 1.5434646606445312
train loss
0.7907495737075806
time: 1.541731834411621
train loss
0.8175547599792481
time: 1.541532278060913
train loss
0.8182659864425659
time: 1.5408775806427002
train loss
0.7809715449810029
time: 1.542126178741455
train loss
0.7624830782413483
time: 1.555814266204834
train loss
0.7519108355045319
time: 1.5572762489318848
train loss
0.7438145816326142
time: 1.5558264255523682
train loss
0.7357197284698487
time: 1.5575013160705566
train loss
0.7323573470115662
test loss
0.05547569021582603
inf
time: 1.556849718093872
train loss
0.7280581653118133
time: 1.5555386543273926
train loss
0.7252735614776611
time: 1.5477514266967773
train loss
0.7240431547164917
time: 1.5464272499084473
train loss
0.721708333492279
time: 1.552368402481079
train loss
0.7201270639896393
time: 1.5518028736114502
train loss
0.7195603907108307
time: 1.5530624389648438
train loss
0.7190951943397522
time: 1.5547621250152588
train loss
0.71773282289505
time: 1.5519862174987793
train loss
0.7164942443370819
time: 1.5517420768737793
train loss
0.7155284881591797
test loss
0.054984213411808015
inf
/pscratch/sd/g/gzhao27/INR/SOMA/2024-12-10SOMA-inr_w020_ld180.pt
time: 1.5502054691314697
train loss
0.7149064302444458
time: 1.552903413772583
train loss
0.7143129765987396
time: 1.5519845485687256
train loss
0.7142937421798706
time: 1.5513577461242676
train loss
0.7148499250411987
time: 1.5530169010162354
train loss
0.714772242307663
time: 1.55485200881958
train loss
0.727368950843811
time: 1.5530946254730225
train loss
0.7472906053066254
time: 1.5520718097686768
train loss
0.7327264904975891
time: 1.553816556930542
train loss
0.7489217758178711
time: 1.5518343448638916
train loss
0.7517108857631684
test loss
0.0558530293405056
inf
time: 1.5497796535491943
train loss
0.7592129588127137
time: 1.5501384735107422
train loss
0.7695764482021332
time: 1.55263090133667
train loss
0.7670826315879822
time: 1.5509920120239258
train loss
0.7501462042331696
time: 1.5523641109466553
train loss
0.7376979708671569
time: 1.5525522232055664
train loss
0.7290804028511048
time: 1.5529117584228516
train loss
0.7343462765216827
time: 1.5437726974487305
train loss
0.7442569315433503
time: 1.5428929328918457
train loss
0.7424966633319855
time: 1.5414788722991943
train loss
0.7348981618881225
test loss
0.05559697151184082
inf
time: 1.5404739379882812
train loss
0.7247940957546234
time: 1.542090654373169
train loss
0.723578667640686
time: 1.5446879863739014
train loss
0.721199345588684
time: 1.5386097431182861
train loss
0.7201553404331207
time: 1.5420644283294678
train loss
0.7176739990711212
time: 1.5401535034179688
train loss
0.7154873549938202
time: 1.5415027141571045
train loss
0.7144224166870117
time: 1.5420753955841064
train loss
0.7129301071166992
time: 1.5418145656585693
train loss
0.711832481622696
time: 1.540623664855957
train loss
0.7109973967075348
test loss
0.0548531748354435
inf
/pscratch/sd/g/gzhao27/INR/SOMA/2024-12-10SOMA-inr_w020_ld180.pt
time: 1.5467004776000977
train loss
0.7105086624622345
time: 1.549318790435791
train loss
0.7102456092834473
time: 1.5500600337982178
train loss
0.7103802621364593
time: 1.5479977130889893
train loss
0.7105686247348786
time: 1.5430643558502197
train loss
0.7106168925762176
time: 1.5447194576263428
train loss
0.7101166129112244
time: 1.5410680770874023
train loss
0.7108036398887634
time: 1.5438408851623535
train loss
0.7100480377674103
time: 1.5403821468353271
train loss
0.7090796947479248
time: 1.5414178371429443
train loss
0.7088023841381073
test loss
0.05485092774033547
inf
/pscratch/sd/g/gzhao27/INR/SOMA/2024-12-10SOMA-inr_w020_ld180.pt
time: 1.542703628540039
train loss
0.7081158101558686
time: 1.542356014251709
train loss
0.7079430758953095
time: 1.5449957847595215
train loss
0.7092098653316498
time: 1.5416369438171387
train loss
0.7095983922481537
time: 1.5418167114257812
train loss
0.7091480433940888
time: 1.5412602424621582
train loss
0.7081646382808685
time: 1.5411899089813232
train loss
0.707396513223648
time: 1.5440192222595215
train loss
0.7079170048236847
time: 1.5426268577575684
train loss
0.7116580426692962
time: 1.5418763160705566
train loss
0.7113382160663605
test loss
0.05506185367703438
inf
time: 1.5412445068359375
train loss
0.715587991476059
time: 1.5405781269073486
train loss
0.7176207542419434
time: 1.540950059890747
train loss
0.7135773241519928
time: 1.5423297882080078
train loss
0.7112997889518737
time: 1.5434832572937012
train loss
0.7096609950065613
time: 1.5508899688720703
train loss
0.7086612761020661
time: 1.5498149394989014
train loss
0.7086997389793396
time: 1.5518362522125244
train loss
0.7078339219093323
time: 1.5528783798217773
train loss
0.70693598985672
time: 1.5545353889465332
train loss
0.706272292137146
test loss
0.054807338118553164
inf
/pscratch/sd/g/gzhao27/INR/SOMA/2024-12-10SOMA-inr_w020_ld180.pt
time: 1.555387020111084
train loss
0.7061206281185151
time: 1.5551979541778564
train loss
0.7067131638526917
time: 1.542872428894043
train loss
0.7070384621620178
time: 1.5415785312652588
train loss
0.7073704361915588
time: 1.5453605651855469
train loss
0.7080420315265655
time: 1.542208194732666
train loss
0.7065416693687439
time: 1.5424470901489258
train loss
0.7059528052806854
time: 1.5442416667938232
train loss
0.7063904941082001
time: 1.5443391799926758
train loss
0.7055964708328247
time: 1.543900728225708
train loss
0.7047415852546692
test loss
0.05467607229948044
inf
/pscratch/sd/g/gzhao27/INR/SOMA/2024-12-10SOMA-inr_w020_ld180.pt
time: 1.5435752868652344
train loss
0.7042474031448365
time: 1.543013572692871
train loss
0.7042344331741333
time: 1.5463063716888428
train loss
0.7044946551322937
time: 1.5433225631713867
train loss
0.7043451547622681
time: 1.5440056324005127
train loss
0.703703498840332
time: 1.5448658466339111
train loss
0.7037366271018982
time: 1.5404093265533447
train loss
0.7045636951923371
time: 1.543267011642456
train loss
0.7054989457130432
time: 1.5412144660949707
train loss
0.7076083719730377
time: 1.5427131652832031
train loss
0.7121171236038208
test loss
0.05530539974570274
inf
time: 1.5390243530273438
train loss
0.7131559669971466
time: 1.5386052131652832
train loss
0.7119389355182648
time: 1.5383102893829346
train loss
0.7248440742492676
time: 1.54069185256958
train loss
0.7275966346263886
time: 1.5408744812011719
train loss
0.7270564138889313
time: 1.5372862815856934
train loss
0.7426239609718323
time: 1.5429461002349854
train loss
0.7707592785358429
time: 1.5430490970611572
train loss
0.8994856834411621
time: 1.5401089191436768
train loss
0.9021496415138245
time: 1.5396802425384521
train loss
0.8786758244037628
test loss
0.06135827153921127
inf
time: 1.5393781661987305
train loss
0.8361040115356445
time: 1.5403366088867188
train loss
0.8246437668800354
time: 1.5406134128570557
train loss
0.8934906125068665
time: 1.539377212524414
train loss
0.8549931466579437
time: 1.5415563583374023
train loss
0.8168976604938507
time: 1.538560390472412
train loss
0.8013713717460632
time: 1.5401811599731445
train loss
0.7908127427101135
time: 1.5412182807922363
train loss
0.7737529516220093
time: 1.540342092514038
train loss
0.7661562144756318
time: 1.539768934249878
train loss
0.7582833528518677
test loss
0.056085729598999025
inf
time: 1.5401055812835693
train loss
0.7530209243297576
time: 1.5390431880950928
train loss
0.747345232963562
time: 1.5395238399505615
train loss
0.7436731994152069
time: 1.541069507598877
train loss
0.7413362979888916
time: 1.5417265892028809
train loss
0.7406549096107483
time: 1.5400679111480713
train loss
0.737820827960968
time: 1.542038917541504
train loss
0.7358948111534118
time: 1.5405621528625488
train loss
0.7340728759765625
time: 1.5437192916870117
train loss
0.7341024219989777
time: 1.5403766632080078
train loss
0.732239055633545
test loss
0.055334819853305815
inf
time: 1.5402369499206543
train loss
0.73202965259552
time: 1.5406734943389893
train loss
0.7304369449615479
time: 1.542248249053955
train loss
0.7281177401542663
time: 1.5426254272460938
train loss
0.726879459619522
time: 1.5412139892578125
train loss
0.7268404424190521
time: 1.5408272743225098
train loss
0.7254402995109558
time: 1.5423829555511475
train loss
0.7233302652835846
time: 1.5426578521728516
train loss
0.7227201163768768
time: 1.5409047603607178
train loss
0.7229273200035096
time: 1.5422172546386719
train loss
0.7220821022987366
test loss
0.05503416359424591
inf
time: 1.5380325317382812
train loss
0.7214350819587707
time: 1.538327932357788
train loss
0.7192550003528595
time: 1.5384953022003174
train loss
0.7181642949581146
time: 1.5378069877624512
train loss
0.7176806509494782
time: 1.5406816005706787
train loss
0.7221707344055176
time: 1.5411758422851562
train loss
0.761876004934311
time: 1.5407955646514893
train loss
0.774126261472702
time: 1.5389583110809326
train loss
0.757425719499588
time: 1.5390989780426025
train loss
0.7393153488636017
time: 1.5437309741973877
train loss
0.7334554314613342
test loss
0.055607544630765914
inf
time: 1.5407936573028564
train loss
0.7410337269306183
time: 1.5377342700958252
train loss
0.7387745976448059
time: 1.5400030612945557
train loss
0.7442797601222992
time: 1.5393264293670654
train loss
0.7594720959663391
time: 1.5396409034729004
train loss
0.757273143529892
time: 1.539729118347168
train loss
0.8060772240161895
time: 1.538215160369873
train loss
0.8096620798110962
time: 1.5399458408355713
train loss
0.7922260582447052
time: 1.541473627090454
train loss
0.8144439160823822
time: 1.536818027496338
train loss
0.8186117470264435
test loss
0.060304605215787885
inf
time: 1.5393757820129395
train loss
0.8398035705089569
time: 1.5378944873809814
train loss
0.8189967095851898
time: 1.5393338203430176
train loss
0.8049585461616516
time: 1.541032075881958
train loss
0.7873112618923187
time: 1.538999319076538
train loss
0.7743942618370057
time: 1.5407946109771729
train loss
0.7579276084899902
time: 1.5384435653686523
train loss
0.7512459456920624
time: 1.5395698547363281
train loss
0.7469109058380127
time: 1.539991855621338
train loss
0.7401834428310394
time: 1.5387852191925049
train loss
0.7352079153060913
test loss
0.05537905097007752
inf
time: 1.5428073406219482
train loss
0.7326164484024048
time: 1.5401620864868164
train loss
0.7301352977752685
time: 1.5401825904846191
train loss
0.7278523087501526
time: 1.54241943359375
train loss
0.7265853762626648
time: 1.5404860973358154
train loss
0.7255610823631287
time: 1.5421371459960938
train loss
0.7250698864459991
time: 1.5411763191223145
train loss
0.7233380317687989
time: 1.5402286052703857
train loss
0.7212112367153167
time: 1.540480136871338
train loss
0.7198864638805389
time: 1.5414721965789795
train loss
0.7187499523162841
test loss
0.05481438934803009
inf
time: 1.5383660793304443
train loss
0.7178262174129486
time: 1.5409858226776123
train loss
0.7175204455852509
time: 1.540400505065918
train loss
0.7172492861747741
time: 1.5421457290649414
train loss
0.7168721139431
time: 1.5419037342071533
train loss
0.7165931344032288
time: 1.539435863494873
train loss
0.7152545690536499
time: 1.5389018058776855
train loss
0.71390700340271
time: 1.5417189598083496
train loss
0.7129726350307465
time: 1.5419328212738037
train loss
0.7125531792640686
time: 1.541377067565918
train loss
0.7121245920658111
test loss
0.0545876681804657
inf
/pscratch/sd/g/gzhao27/INR/SOMA/2024-12-10SOMA-inr_w020_ld180.pt
time: 1.5391781330108643
train loss
0.7113983869552613
time: 1.546473741531372
train loss
0.7109412670135498
time: 1.5422241687774658
train loss
0.7110653400421143
time: 1.5421054363250732
train loss
0.7109322965145111
time: 1.541672706604004
train loss
0.7095834612846375
time: 1.5404021739959717
train loss
0.7094609200954437
time: 1.541677474975586
train loss
0.7091869294643403
time: 1.5418636798858643
train loss
0.7084120869636535
time: 1.5418040752410889
train loss
0.7078657627105713
time: 1.5416247844696045
train loss
0.7080165863037109
test loss
0.05458927899599075
inf
time: 1.5408639907836914
train loss
0.7079976379871369
time: 1.5426626205444336
train loss
0.7071696519851685
time: 1.5425426959991455
train loss
0.707049423456192
time: 1.5425300598144531
train loss
0.7072740077972413
time: 1.5427370071411133
train loss
0.7073902010917663
time: 1.5436062812805176
train loss
0.7081343948841095
time: 1.5442085266113281
train loss
0.7088180363178254
time: 1.5434987545013428
train loss
0.7108445465564728
time: 1.5437180995941162
train loss
0.7175729155540467
time: 1.5436630249023438
train loss
0.7128467857837677
test loss
0.054724758863449095
inf
time: 1.5429625511169434
train loss
0.7132314085960388
time: 1.5445923805236816
train loss
0.7168077528476715
time: 1.5428123474121094
train loss
0.7207600474357605
time: 1.5450303554534912
train loss
0.7344128251075744
time: 1.5412182807922363
train loss
0.7268740773200989
time: 1.5395071506500244
train loss
0.7227699995040894
time: 1.5421600341796875
train loss
0.7200544893741607
time: 1.5470328330993652
train loss
0.7150284945964813
time: 1.5511860847473145
train loss
0.7102971017360687
time: 1.5501878261566162
train loss
0.7080068767070771
test loss
0.05448746681213379
inf
/pscratch/sd/g/gzhao27/INR/SOMA/2024-12-10SOMA-inr_w020_ld180.pt
time: 1.5504741668701172
train loss
0.707329523563385
time: 1.5511255264282227
train loss
0.7065784394741058
time: 1.5519156455993652
train loss
0.7054788827896118
time: 1.5477404594421387
train loss
0.7044990122318268
time: 1.5447797775268555
train loss
0.7036472380161285
time: 1.548858880996704
train loss
0.7030867815017701
time: 1.5494024753570557
train loss
0.7028581857681274
time: 1.5477278232574463
train loss
0.7025809109210968
time: 1.5515305995941162
train loss
0.7026982784271241
time: 1.5491578578948975
train loss
0.7021485686302185
test loss
0.05433147102594375
inf
/pscratch/sd/g/gzhao27/INR/SOMA/2024-12-10SOMA-inr_w020_ld180.pt
time: 1.5491304397583008
train loss
0.7022212266921997
time: 1.5514705181121826
train loss
0.7016533851623535
time: 1.5409159660339355
train loss
0.701741898059845
time: 1.5387003421783447
train loss
0.7018055617809296
time: 1.5423951148986816
train loss
0.7011711061000824
time: 1.5392532348632812
train loss
0.7016064286231994
time: 1.541294813156128
train loss
0.7017751336097717
time: 1.5366015434265137
train loss
0.7030212581157684
time: 1.5373597145080566
train loss
0.701680701971054
time: 1.5394060611724854
train loss
0.70143923163414
test loss
0.05432657152414322
inf
/pscratch/sd/g/gzhao27/INR/SOMA/2024-12-10SOMA-inr_w020_ld180.pt
time: 1.5380942821502686
train loss
0.7011217534542084
time: 1.5381338596343994
train loss
0.7007328510284424
time: 1.54148268699646
train loss
0.70006622672081
time: 1.538320541381836
train loss
0.7002402961254119
time: 1.5399560928344727
train loss
0.6998933851718903
time: 1.5393586158752441
train loss
0.6996981501579285
time: 1.5397307872772217
train loss
0.6989523112773895
time: 1.5406887531280518
train loss
0.6986698031425476
time: 1.5402209758758545
train loss
0.6992860496044159
time: 1.5408520698547363
train loss
0.6985835313796998
test loss
0.054307613521814346
inf
/pscratch/sd/g/gzhao27/INR/SOMA/2024-12-10SOMA-inr_w020_ld180.pt
time: 1.542506217956543
train loss
0.699490487575531
time: 1.5393612384796143
train loss
0.7004500389099121
time: 1.5405290126800537
train loss
0.7019526064395905
time: 1.5391762256622314
train loss
0.7094288170337677
time: 1.5399610996246338
train loss
0.7238987267017365
time: 1.538161039352417
train loss
0.7347173810005188
time: 1.5395405292510986
train loss
0.7595122337341309
time: 1.540562391281128
train loss
0.7427550494670868
time: 1.5410442352294922
train loss
0.7274663150310516
time: 1.5404281616210938
train loss
0.7223406910896302
test loss
0.05532510504126549
inf
time: 1.5505647659301758
train loss
0.7161997735500336
time: 1.5504589080810547
train loss
0.7108043670654297
time: 1.5511772632598877
train loss
0.7061522662639618
time: 1.550208568572998
train loss
0.7027912497520447
time: 1.5527498722076416
train loss
0.7018349766731262
time: 1.5448081493377686
train loss
0.7011891543865204
time: 1.5417726039886475
train loss
0.7009020745754242
time: 1.541290521621704
train loss
0.7011869609355926
time: 1.5423150062561035
train loss
0.6998130857944489
time: 1.544126033782959
train loss
0.6988830149173737
test loss
0.054334108531475064
inf
time: 1.5419414043426514
train loss
0.6989590883255005
time: 1.5398385524749756
train loss
0.6977291226387023
time: 1.5415074825286865
train loss
0.6976785778999328
time: 1.5421085357666016
train loss
0.6972215950489045
time: 1.5420026779174805
train loss
0.6969394624233246
time: 1.5473082065582275
train loss
0.6973050713539124
time: 1.5533881187438965
train loss
0.6975741684436798
time: 1.5525782108306885
train loss
0.6981382727622986
time: 1.5548079013824463
train loss
0.6986201345920563
time: 1.5530226230621338
train loss
0.6982485532760621
test loss
0.05446435958147049
inf
time: 1.5402495861053467
train loss
0.6980669677257538
time: 1.540457010269165
train loss
0.6966448724269867
time: 1.5420656204223633
train loss
0.6973025977611542
time: 1.544891595840454
train loss
0.6984802842140198
time: 1.5533390045166016
train loss
0.6998426377773285
time: 1.5505847930908203
train loss
0.6996173560619354
time: 1.5543146133422852
train loss
0.6974114060401917
time: 1.5540010929107666
train loss
0.6969723880290986
time: 1.5531837940216064
train loss
0.6981050729751587
time: 1.5527102947235107
train loss
0.6981536388397217
test loss
0.05442514568567276
inf
time: 1.5438086986541748
train loss
0.6977533876895905
time: 1.5436370372772217
train loss
0.6989571154117584
time: 1.5420098304748535
train loss
0.6996353387832641
time: 1.544543743133545
train loss
0.7020489156246186
time: 1.5426785945892334
train loss
0.7097975730895996
time: 1.5417659282684326
train loss
0.7073266863822937
time: 1.541045904159546
train loss
0.7041954636573792
time: 1.5425524711608887
train loss
0.7028630554676056
time: 1.5423030853271484
train loss
0.7035546243190766
time: 1.5508708953857422
train loss
0.7023343563079834
test loss
0.05450900942087174
inf
time: 1.5555696487426758
train loss
0.6999004006385803
time: 1.5511784553527832
train loss
0.6973010957241058
time: 1.5444061756134033
train loss
0.6965114057064057
time: 1.5413053035736084
train loss
0.6954321086406707
time: 1.5417118072509766
train loss
0.6947000563144684
time: 1.542968988418579
train loss
0.6940026938915252
time: 1.553337812423706
train loss
0.693972373008728
time: 1.5453155040740967
train loss
0.6938005089759827
time: 1.539339542388916
train loss
0.6935605108737946
time: 1.540935754776001
train loss
0.6938237845897675
test loss
0.05421293005347252
inf
/pscratch/sd/g/gzhao27/INR/SOMA/2024-12-10SOMA-inr_w020_ld180.pt
time: 1.5394868850708008
train loss
0.694802337884903
time: 1.551626205444336
train loss
0.6940796315670014
time: 1.5536417961120605
train loss
0.6935915648937225
time: 1.5523481369018555
train loss
0.6929149031639099
time: 1.5505778789520264
train loss
0.6925603151321411
time: 1.5495860576629639
train loss
0.691534447669983
time: 1.5441257953643799
train loss
0.6914583206176758
time: 1.5511655807495117
train loss
0.692145150899887
time: 1.553757667541504
train loss
0.6939879298210144
time: 1.5508873462677002
train loss
0.699150276184082
test loss
0.05495271980762482
inf
time: 1.5521903038024902
train loss
0.7098459661006927
time: 1.5519731044769287
train loss
0.7464032530784607
time: 1.5505104064941406
train loss
0.782707929611206
time: 1.5468065738677979
train loss
0.7766134679317475
time: 1.5415782928466797
train loss
0.762478643655777
time: 1.5423619747161865
train loss
0.7672001540660858
time: 1.5390939712524414
train loss
0.817266047000885
time: 1.540759801864624
train loss
0.7989812970161438
time: 1.5514109134674072
train loss
0.7936906754970551
time: 1.5539259910583496
train loss
0.8160108745098114
test loss
0.058639606833457945
inf
time: 1.5514004230499268
train loss
0.8021988868713379
time: 1.5516533851623535
train loss
0.7745946884155274
time: 1.5526809692382812
train loss
0.7496910691261292
time: 1.5518898963928223
train loss
0.7365037679672242
time: 1.5518343448638916
train loss
0.7387422800064087
time: 1.5501947402954102
train loss
0.7325454354286194
time: 1.5527470111846924
train loss
0.7316441178321839
time: 1.550241231918335
train loss
0.7345197379589081
time: 1.5506958961486816
train loss
0.7312391459941864
time: 1.5489387512207031
train loss
0.7226435363292694
test loss
0.05503312423825264
inf
time: 1.5515782833099365
train loss
0.7190422236919403
time: 1.552978515625
train loss
0.715046226978302
time: 1.5510225296020508
train loss
0.7127016603946685
time: 1.5510895252227783
train loss
0.7108210682868957
time: 1.5512456893920898
train loss
0.7094280481338501
time: 1.5496511459350586
train loss
0.7082912921905518
time: 1.5507473945617676
train loss
0.7081121802330017
time: 1.5495963096618652
train loss
0.70977423787117
time: 1.5492889881134033
train loss
0.7085961163043976
time: 1.5527982711791992
train loss
0.7067499160766602
test loss
0.054594676941633224
inf
time: 1.5488665103912354
train loss
0.7048851609230041
time: 1.552844524383545
train loss
0.7038076162338257
time: 1.5499176979064941
train loss
0.7030856311321259
time: 1.547713279724121
train loss
0.7020416498184204
time: 1.5508127212524414
train loss
0.7013034343719482
time: 1.5487282276153564
train loss
0.7002344369888306
time: 1.5499608516693115
train loss
0.6995626270771027
time: 1.5504820346832275
train loss
0.6987465977668762
time: 1.5513927936553955
train loss
0.6986120641231537
time: 1.551731824874878
train loss
0.6981153011322021
test loss
0.05430637821555138
inf
time: 1.54892897605896
train loss
0.6984679102897644
time: 1.5490903854370117
train loss
0.6977468013763428
time: 1.5391919612884521
train loss
0.698130202293396
time: 1.5367786884307861
train loss
0.6987610876560211
time: 1.5366694927215576
train loss
0.6987043797969819
time: 1.5378177165985107
train loss
0.6980138421058655
time: 1.5382351875305176
train loss
0.6970017731189728
time: 1.538881778717041
train loss
0.6973336100578308
time: 1.5382211208343506
train loss
0.6977090656757354
time: 1.5374054908752441
train loss
0.7003075003623962
test loss
0.054552451521158216
inf
time: 1.5368404388427734
train loss
0.6991776883602142
time: 1.5363247394561768
train loss
0.6968684673309327
time: 1.5371487140655518
train loss
0.6950337409973144
time: 1.5387628078460693
train loss
0.6946356892585754
time: 1.5364646911621094
train loss
0.693804657459259
time: 1.5393145084381104
train loss
0.6935682594776154
time: 1.5376756191253662
train loss
0.6940971553325653
time: 1.5400035381317139
train loss
0.6951569795608521
time: 1.5364124774932861
train loss
0.6985623300075531
time: 1.5368001461029053
train loss
0.7057016670703888
test loss
0.05543714091181755
inf
time: 1.5346691608428955
train loss
0.7646474599838257
time: 1.5371918678283691
train loss
0.7768970131874084
time: 1.5404033660888672
train loss
0.7780342876911164
time: 1.537419319152832
train loss
0.787151163816452
time: 1.5376338958740234
train loss
0.8015812039375305
time: 1.5376298427581787
train loss
0.8495422542095185
time: 1.5363647937774658
train loss
0.8321611404418945
time: 1.5374808311462402
train loss
0.8237228989601135
time: 1.536499261856079
train loss
0.8496883332729339
time: 1.5383388996124268
train loss
0.8059524953365326
test loss
0.05874635875225067
inf
time: 1.5369770526885986
train loss
0.858951085805893
time: 1.5349934101104736
train loss
0.8534566581249237
time: 1.5348994731903076
train loss
0.8142790019512176
time: 1.5379223823547363
train loss
0.782293689250946
time: 1.536846399307251
train loss
0.7687457799911499
time: 1.546189785003662
train loss
0.7667026042938232
time: 1.5519967079162598
train loss
0.7571430981159211
time: 1.5485386848449707
train loss
0.7482311964035034
time: 1.538825273513794
train loss
0.7412605106830596
time: 1.5392963886260986
train loss
0.7357857167720795
test loss
0.05543248057365417
inf
time: 1.5358014106750488
train loss
0.7327689468860626
time: 1.5355618000030518
train loss
0.7308586716651917
time: 1.5351893901824951
train loss
0.7297669351100922
time: 1.5378117561340332
train loss
0.7267331957817078
time: 1.5397770404815674
train loss
0.7244775116443634
time: 1.5411326885223389
train loss
0.7224978029727935
time: 1.5411052703857422
train loss
0.7214569389820099
time: 1.5412805080413818
train loss
0.7195307970046997
time: 1.5407376289367676
train loss
0.7180510997772217
time: 1.5438599586486816
train loss
0.7181418836116791
test loss
0.05475939214229584
inf
time: 1.5401127338409424
train loss
0.7236511886119843
time: 1.5415048599243164
train loss
0.7333626270294189
time: 1.538957118988037
train loss
0.7306027889251709
time: 1.541506052017212
train loss
0.7238406717777253
time: 1.5376684665679932
train loss
0.7221218049526215
time: 1.5395011901855469
train loss
0.7172459542751313
time: 1.5432782173156738
train loss
0.7143388211727142
time: 1.54427170753479
train loss
0.7127581477165222
time: 1.5424597263336182
train loss
0.7108498871326446
time: 1.5438745021820068
train loss
0.7096840918064118
test loss
0.05448281392455101
inf
time: 1.5421218872070312
train loss
0.7088890612125397
time: 1.5404677391052246
train loss
0.7086071014404297
time: 1.5419301986694336
train loss
0.7072785854339599
time: 1.542346477508545
train loss
0.7067052185535431
time: 1.540121078491211
train loss
0.7064121842384339
time: 1.5417540073394775
train loss
0.7078203976154327
time: 1.5407586097717285
train loss
0.7086610436439514
time: 1.541435956954956
train loss
0.7118960320949554
time: 1.5410878658294678
train loss
0.7096074938774108
time: 1.5419294834136963
train loss
0.7073641896247864
test loss
0.05434769839048385
inf
time: 1.5430545806884766
train loss
0.7057476103305816
time: 1.5393953323364258
train loss
0.704490351676941
time: 1.5406038761138916
train loss
0.7029323220252991
time: 1.5414257049560547
train loss
0.7022579669952392
time: 1.5426037311553955
train loss
0.701670664548874
time: 1.5403754711151123
train loss
0.7008654713630676
time: 1.5425853729248047
train loss
0.700609827041626
time: 1.5412392616271973
train loss
0.6998127937316895
time: 1.5394256114959717
train loss
0.6999713599681854
time: 1.5407729148864746
train loss
0.7002784192562104
test loss
0.054199278354644775
inf
/pscratch/sd/g/gzhao27/INR/SOMA/2024-12-10SOMA-inr_w020_ld180.pt
time: 1.5421273708343506
train loss
0.6998947262763977
time: 1.542013168334961
train loss
0.7002090036869049
time: 1.551701307296753
train loss
0.7005742967128754
time: 1.5475709438323975
train loss
0.6996614277362824
time: 1.5406434535980225
train loss
0.6994673609733582
time: 1.5424010753631592
train loss
0.6988271057605744
time: 1.5394103527069092
train loss
0.6983178496360779
time: 1.5398890972137451
train loss
0.6973468840122223
time: 1.5402815341949463
train loss
0.6974123537540435
time: 1.5390934944152832
train loss
0.6977121114730835
test loss
0.05424168109893799
inf
time: 1.5501277446746826
train loss
0.6973236560821533
time: 1.540778398513794
train loss
0.6969988524913788
time: 1.542341709136963
train loss
0.6971549689769745
time: 1.5426747798919678
train loss
0.6973326921463012
time: 1.5397663116455078
train loss
0.6972713470458984
time: 1.541585922241211
train loss
0.6976263165473938
time: 1.5415596961975098
train loss
0.7061091482639312
time: 1.5395469665527344
train loss
0.723628842830658
time: 1.540088415145874
train loss
0.7355892300605774
time: 1.54219651222229
train loss
0.7271702885627747
test loss
0.05551624000072479
inf
time: 1.5393974781036377
train loss
0.724665355682373
time: 1.5426356792449951
train loss
0.7306652784347534
time: 1.5407135486602783
train loss
0.7295574903488159
time: 1.5401206016540527
train loss
0.7196491539478302
time: 1.5426075458526611
train loss
0.7215613961219788
time: 1.540294885635376
train loss
0.7145880162715912
time: 1.5413739681243896
train loss
0.7112527966499329
time: 1.5415611267089844
train loss
0.7112139821052551
time: 1.5411441326141357
train loss
0.7081143617630005
time: 1.541513204574585
train loss
0.7051507413387299
test loss
0.05429381728172302
inf
time: 1.5408103466033936
train loss
0.7012784242630005
time: 1.5402119159698486
train loss
0.7004940509796143
time: 1.5436325073242188
train loss
0.698243260383606
time: 1.538468599319458
train loss
0.6959257304668427
time: 1.540174961090088
train loss
0.6956845402717591
time: 1.5399799346923828
train loss
0.6957238197326661
time: 1.5403125286102295
train loss
0.6949562132358551
time: 1.5389745235443115
train loss
0.6972768068313598
time: 1.550140619277954
train loss
0.7036938786506652
time: 1.5515847206115723
train loss
0.699285876750946
test loss
0.05403978005051613
inf
/pscratch/sd/g/gzhao27/INR/SOMA/2024-12-10SOMA-inr_w020_ld180.pt
time: 1.5545337200164795
train loss
0.6966257572174073
time: 1.5500714778900146
train loss
0.6945761144161224
time: 1.55092191696167
train loss
0.6935002028942108
time: 1.5527803897857666
train loss
0.6924357950687409
time: 1.5505123138427734
train loss
0.6917581975460052
time: 1.5509891510009766
train loss
0.6908576607704162
time: 1.5472173690795898
train loss
0.6901503384113312
time: 1.5523674488067627
train loss
0.6901268780231475
time: 1.5533719062805176
train loss
0.6906605005264282
time: 1.5499517917633057
train loss
0.6899454236030579
test loss
0.05388399958610535
inf
/pscratch/sd/g/gzhao27/INR/SOMA/2024-12-10SOMA-inr_w020_ld180.pt
time: 1.5460307598114014
train loss
0.6893486618995667
time: 1.5395426750183105
train loss
0.689076018333435
time: 1.5388410091400146
train loss
0.6890747666358947
time: 1.541370153427124
train loss
0.6885419070720673
time: 1.5418221950531006
train loss
0.6897144198417664
time: 1.5506806373596191
train loss
0.6888121843338013
time: 1.5503616333007812
train loss
0.6882479429244995
time: 1.5499134063720703
train loss
0.6874272048473358
time: 1.5496084690093994
train loss
0.6878951191902161
time: 1.5515282154083252
train loss
0.6892494678497314
test loss
0.053977325558662415
inf
time: 1.5396442413330078
train loss
0.6904114544391632
time: 1.5419037342071533
train loss
0.6901736915111542
time: 1.5392913818359375
train loss
0.6909925937652588
time: 1.5373542308807373
train loss
0.6902797996997834
time: 1.539323329925537
train loss
0.6973602712154389
time: 1.5392792224884033
train loss
0.706953901052475
time: 1.542954444885254
train loss
0.7140309095382691
time: 1.540069341659546
train loss
0.7211755335330963
time: 1.5385282039642334
train loss
0.7217135310173035
time: 1.540252923965454
train loss
0.7553702354431152
test loss
0.05688791126012802
inf
time: 1.538478136062622
train loss
0.7816550076007843
time: 1.5418272018432617
train loss
0.8138166129589081
time: 1.540698766708374
train loss
0.7795275688171387
time: 1.5391039848327637
train loss
0.755849277973175
time: 1.5498230457305908
train loss
0.7284088671207428
time: 1.5511467456817627
train loss
0.7211530268192291
time: 1.5521082878112793
train loss
0.7224216938018799
time: 1.5528361797332764
train loss
0.7234265327453613
time: 1.5502538681030273
train loss
0.728584098815918
time: 1.551058292388916
train loss
0.7370323896408081
test loss
0.0558334618806839
inf
time: 1.5519154071807861
train loss
0.7232630252838135
time: 1.5492894649505615
train loss
0.7110925614833832
time: 1.5353965759277344
train loss
0.7032350301742554
time: 1.535038709640503
train loss
0.6994452476501465
time: 1.5420167446136475
train loss
0.6967850387096405
time: 1.5484623908996582
train loss
0.6950030744075775
time: 1.5477042198181152
train loss
0.6941901504993438
time: 1.5478098392486572
train loss
0.6930114567279816
time: 1.5475826263427734
train loss
0.6920752584934234
time: 1.5482168197631836
train loss
0.6911742806434631
test loss
0.0537839725613594
inf
/pscratch/sd/g/gzhao27/INR/SOMA/2024-12-10SOMA-inr_w020_ld180.pt
time: 1.546809196472168
train loss
0.6909530699253082
time: 1.5485308170318604
train loss
0.6901433944702149
time: 1.5458698272705078
train loss
0.6899362027645111
time: 1.538539171218872
train loss
0.6906255483627319
time: 1.5458385944366455
train loss
0.6915324747562408
time: 1.5496876239776611
train loss
0.6898622691631318
time: 1.549269437789917
train loss
0.6890123426914215
time: 1.5466704368591309
train loss
0.6887777328491211
time: 1.5486974716186523
train loss
0.6882158517837524
time: 1.548290491104126
train loss
0.6878971457481384
test loss
0.05375538915395737
inf
/pscratch/sd/g/gzhao27/INR/SOMA/2024-12-10SOMA-inr_w020_ld180.pt
time: 1.547741413116455
train loss
0.6865787923336029
time: 1.5501518249511719
train loss
0.6864161610603332
time: 1.5507421493530273
train loss
0.6870169401168823
time: 1.5479578971862793
train loss
0.6868305444717407
time: 1.547715187072754
train loss
0.6863179504871368
time: 1.5502073764801025
train loss
0.6854690790176392
time: 1.5479767322540283
train loss
0.6850385427474975
time: 1.5476951599121094
train loss
0.6848172008991241
time: 1.5483100414276123
train loss
0.6855347514152527
time: 1.5385262966156006
train loss
0.6853158295154571
test loss
0.05388986766338348
inf
time: 1.5369741916656494
train loss
0.6854561805725098
time: 1.5380570888519287
train loss
0.6860756039619446
time: 1.5401713848114014
train loss
0.6907868564128876
time: 1.538282871246338
train loss
0.709329491853714
time: 1.5483105182647705
train loss
0.7897018730640412
time: 1.549138069152832
train loss
0.7754948496818542
time: 1.5492522716522217
train loss
0.8053486466407775
time: 1.549309253692627
train loss
0.789037424325943
time: 1.5488708019256592
train loss
0.8243188917636871
time: 1.5487828254699707
train loss
0.8496140718460083
test loss
0.060294356942176816
inf
time: 1.5481786727905273
train loss
0.8442155599594117
time: 1.5515241622924805
train loss
0.815262359380722
time: 1.549872636795044
train loss
0.7806595385074615
time: 1.5497214794158936
train loss
0.7677727341651917
time: 1.549462080001831
train loss
0.7812256693840027
time: 1.5485656261444092
train loss
0.769437974691391
time: 1.5492656230926514
train loss
0.7487867116928101
time: 1.55202317237854
train loss
0.7366860389709473
time: 1.5484986305236816
train loss
0.7315389692783356
time: 1.5534002780914307
train loss
0.7288640737533569
test loss
0.055061529576778415
inf
time: 1.5487494468688965
train loss
0.7242335081100464
time: 1.5459604263305664
train loss
0.71960728764534
time: 1.5496432781219482
train loss
0.7163881301879883
time: 1.5506904125213623
train loss
0.7135647833347321
time: 1.552762508392334
train loss
0.7116124570369721
time: 1.5502283573150635
train loss
0.7095002412796021
time: 1.5489773750305176
train loss
0.708403754234314
time: 1.54827880859375
train loss
0.7072307705879212
time: 1.552250623703003
train loss
0.7096210181713104
time: 1.5521552562713623
train loss
0.7088725447654725
test loss
0.054448137432336806
inf
time: 1.5483858585357666
train loss
0.707136732339859
time: 1.5468063354492188
train loss
0.7060323476791381
time: 1.5483100414276123
train loss
0.7038585424423218
time: 1.5490312576293945
train loss
0.7027938187122345
time: 1.5511419773101807
train loss
0.701478761434555
time: 1.5487661361694336
train loss
0.7000257790088653
time: 1.550321102142334
train loss
0.699896103143692
time: 1.5519471168518066
train loss
0.6995570242404938
time: 1.552696704864502
train loss
0.6982878744602203
time: 1.555849552154541
train loss
0.6971335887908936
test loss
0.05389787778258324
inf
time: 1.5518131256103516
train loss
0.6963062524795532
time: 1.5490999221801758
train loss
0.6966686487197876
time: 1.5505955219268799
train loss
0.6982063472270965
time: 1.5518085956573486
train loss
0.6975143671035766
time: 1.5521571636199951
train loss
0.6960144340991974
time: 1.549968957901001
train loss
0.6951155126094818
time: 1.5481653213500977
train loss
0.69485884308815
time: 1.545781135559082
train loss
0.6942861676216125
time: 1.5479943752288818
train loss
0.6949167370796203
time: 1.5504462718963623
train loss
0.6949766874313354
test loss
0.05385718271136284
inf
time: 1.5498738288879395
train loss
0.694990473985672
time: 1.550978183746338
train loss
0.702485716342926
time: 1.5490987300872803
train loss
0.7124802589416503
time: 1.5477025508880615
train loss
0.7054304003715515
time: 1.5489909648895264
train loss
0.7014310181140899
time: 1.5466997623443604
train loss
0.697740352153778
time: 1.547612190246582
train loss
0.7000493764877319
time: 1.547123670578003
train loss
0.6997786164283752
time: 1.5498385429382324
train loss
0.6966060280799866
time: 1.551746129989624
train loss
0.6946118414402008
test loss
0.05399440973997116
inf
time: 1.5378468036651611
train loss
0.6938904762268067
time: 1.5352816581726074
train loss
0.6919039249420166
time: 1.537003755569458
train loss
0.6906768798828125
time: 1.5340876579284668
train loss
0.6900351047515869
time: 1.5369484424591064
train loss
0.6895938456058502
time: 1.5400350093841553
train loss
0.6898040056228638
time: 1.5389759540557861
train loss
0.6898366570472717
time: 1.5422511100769043
train loss
0.6896560728549957
time: 1.5361912250518799
train loss
0.6896659016609192
time: 1.5392472743988037
train loss
0.689013409614563
test loss
0.053738351166248324
inf
/pscratch/sd/g/gzhao27/INR/SOMA/2024-12-10SOMA-inr_w020_ld180.pt
time: 1.5376036167144775
train loss
0.6887449443340301
time: 1.5376489162445068
train loss
0.689021623134613
time: 1.537238359451294
train loss
0.6887874841690064
time: 1.539442539215088
train loss
0.688480019569397
time: 1.5390779972076416
train loss
0.6881300449371338
time: 1.5415244102478027
train loss
0.6890368461608887
time: 1.5363438129425049
train loss
0.6899902701377869
time: 1.5393118858337402
train loss
0.6891726553440094
time: 1.5397467613220215
train loss
0.6888821601867676
time: 1.5396287441253662
train loss
0.6894591927528382
test loss
0.05388562008738518
inf
time: 1.5409882068634033
train loss
0.6915708541870117
time: 1.5389344692230225
train loss
0.6940472662448883
time: 1.5408358573913574
train loss
0.6976588308811188
time: 1.5369274616241455
train loss
0.7039054334163666
time: 1.5384910106658936
train loss
0.717410272359848
time: 1.539029598236084
train loss
0.7084132552146911
time: 1.5412886142730713
train loss
0.7032684683799744
time: 1.5401222705841064
train loss
0.7023814260959625
time: 1.5420358180999756
train loss
0.7070158302783967
time: 1.5423221588134766
train loss
0.7331442952156066
test loss
0.05575430616736412
inf
time: 1.5400137901306152
train loss
0.7210259199142456
time: 1.5398027896881104
train loss
0.7061244249343872
time: 1.5400795936584473
train loss
0.7159804224967956
time: 1.543412685394287
train loss
0.744272243976593
time: 1.5402781963348389
train loss
0.7642878830432892
time: 1.5401349067687988
train loss
0.7571383774280548
time: 1.5492467880249023
train loss
0.7382279753684997
time: 1.5505268573760986
train loss
0.7284748733043671
time: 1.5522849559783936
train loss
0.7111571252346038
time: 1.5511393547058105
train loss
0.7034996151924133
test loss
0.05420464873313904
inf
time: 1.5392982959747314
train loss
0.7020978152751922
time: 1.5373988151550293
train loss
0.7012455880641937
time: 1.539978265762329
train loss
0.6994943678379059
time: 1.542226791381836
train loss
0.6966608464717865
time: 1.5429232120513916
train loss
0.6932191908359527
time: 1.5408318042755127
train loss
0.6917134761810303
time: 1.540353775024414
train loss
0.690814608335495
time: 1.5427870750427246
train loss
0.689996874332428
time: 1.542248010635376
train loss
0.6902490317821502
time: 1.541459321975708
train loss
0.6901517927646637
test loss
0.05380224287509918
inf
time: 1.5388436317443848
train loss
0.690147054195404
time: 1.5374178886413574
train loss
0.6891723215579987
time: 1.5380656719207764
train loss
0.6886965990066528
time: 1.5367183685302734
train loss
0.687846428155899
time: 1.539088249206543
train loss
0.6871500730514526
time: 1.5363359451293945
train loss
0.687124353647232
time: 1.5376768112182617
train loss
0.6880125105381012
time: 1.5478835105895996
train loss
0.6868802905082703
time: 1.5491273403167725
train loss
0.6860921561717988
time: 1.543910264968872
train loss
0.6858761429786682
test loss
0.05362977609038353
inf
/pscratch/sd/g/gzhao27/INR/SOMA/2024-12-10SOMA-inr_w020_ld180.pt
time: 1.5363516807556152
train loss
0.6858011245727539
time: 1.5390653610229492
train loss
0.6857280790805816
time: 1.5402905941009521
train loss
0.6857544600963592
time: 1.538050889968872
train loss
0.6851820886135102
time: 1.5396778583526611
train loss
0.6851876199245452
time: 1.5389525890350342
train loss
0.6860337078571319
time: 1.550168514251709
train loss
0.6852377533912659
time: 1.5523416996002197
train loss
0.6844250738620759
time: 1.5489931106567383
train loss
0.6841041624546051
time: 1.551079511642456
train loss
0.6838352084159851
test loss
0.053585682064294815
inf
/pscratch/sd/g/gzhao27/INR/SOMA/2024-12-10SOMA-inr_w020_ld180.pt
time: 1.5505740642547607
train loss
0.6839627623558044
time: 1.551816701889038
train loss
0.684056156873703
time: 1.5520045757293701
train loss
0.6839644908905029
time: 1.551452398300171
train loss
0.684765750169754
time: 1.551100254058838
train loss
0.6844042539596558
time: 1.5499567985534668
train loss
0.6835469365119934
time: 1.5521314144134521
train loss
0.6835434198379516
time: 1.551175594329834
train loss
0.6830612540245056
time: 1.5507125854492188
train loss
0.682630044221878
time: 1.5520665645599365
train loss
0.683313113451004
test loss
0.05368399620056152
inf
time: 1.5502727031707764
train loss
0.6840837240219116
time: 1.5509779453277588
train loss
0.683995497226715
time: 1.5527219772338867
train loss
0.6844007790088653
time: 1.5419032573699951
train loss
0.6830615103244781
time: 1.5408661365509033
train loss
0.6825997233390808
time: 1.5411725044250488
train loss
0.6835684716701508
time: 1.5458040237426758
train loss
0.6846308171749115
time: 1.5501923561096191
train loss
0.691651576757431
time: 1.551177740097046
train loss
0.6964685082435608
time: 1.5514371395111084
train loss
0.7041079938411713
test loss
0.054540276527404785
inf
time: 1.552234411239624
train loss
0.7062620401382447
time: 1.549067497253418
train loss
0.7029695212841034
time: 1.5522534847259521
train loss
0.707399046421051
time: 1.5528292655944824
train loss
0.7137554824352265
time: 1.5502276420593262
train loss
0.7214811384677887
time: 1.5459873676300049
train loss
0.7157853484153748
time: 1.5513315200805664
train loss
0.7062314271926879
time: 1.5516550540924072
train loss
0.6984030604362488
time: 1.5533206462860107
train loss
0.6933376550674438
time: 1.5510189533233643
train loss
0.6934586763381958
test loss
0.053781000524759294
inf
time: 1.5417921543121338
train loss
0.689639949798584
time: 1.539581537246704
train loss
0.6870172142982482
time: 1.5422515869140625
train loss
0.6856262564659119
time: 1.5376038551330566
train loss
0.6846373915672302
time: 1.5415990352630615
train loss
0.6846466064453125
time: 1.5398125648498535
train loss
0.6836537957191468
time: 1.535973310470581
train loss
0.6830222725868225
time: 1.5374901294708252
train loss
0.6820455312728881
time: 1.53831148147583
train loss
0.681760835647583
time: 1.5383119583129883
train loss
0.6826879501342773
test loss
0.05365959405899048
inf
time: 1.5397286415100098
train loss
0.6818488359451294
time: 1.5401129722595215
train loss
0.6814680874347687
time: 1.5415143966674805
train loss
0.6806773960590362
time: 1.5381484031677246
train loss
0.6800818800926208
time: 1.5385680198669434
train loss
0.6815219342708587
time: 1.5389139652252197
train loss
0.681230652332306
time: 1.5390665531158447
train loss
0.6811696708202362
time: 1.538954734802246
train loss
0.6796990871429444
time: 1.5390634536743164
train loss
0.6793312907218934
time: 1.542426347732544
train loss
0.680110514163971
test loss
0.0534554049372673
inf
/pscratch/sd/g/gzhao27/INR/SOMA/2024-12-10SOMA-inr_w020_ld180.pt
time: 1.5384197235107422
train loss
0.6803927958011627
time: 1.5383503437042236
train loss
0.6800086379051209
time: 1.5389885902404785
train loss
0.6792951881885528
time: 1.5401971340179443
train loss
0.6800845861434937
time: 1.5401325225830078
train loss
0.6805702149868011
time: 1.5390715599060059
train loss
0.6808955490589141
time: 1.5410089492797852
train loss
0.6805283665657044
time: 1.5401644706726074
train loss
0.6798156857490539
time: 1.539923906326294
train loss
0.6798479616641998
time: 1.5403199195861816
train loss
0.6789220213890076
test loss
0.05353993922472
inf
time: 1.542285442352295
train loss
0.6781215131282806
time: 1.549715518951416
train loss
0.6777341067790985
time: 1.5494918823242188
train loss
0.6782501757144928
time: 1.549692153930664
train loss
0.6793143391609192
time: 1.549494743347168
train loss
0.6809232115745545
time: 1.5524916648864746
train loss
0.6812594890594482
time: 1.548262596130371
train loss
0.6854253351688385
time: 1.5503268241882324
train loss
0.6934654235839843
time: 1.5511834621429443
train loss
0.6960500657558442
time: 1.5509018898010254
train loss
0.7016695022583008
test loss
0.0545692078769207
inf
time: 1.549964189529419
train loss
0.6953545868396759
time: 1.550628900527954
train loss
0.6915252268314361
time: 1.5500280857086182
train loss
0.7075356602668762
time: 1.54890775680542
train loss
0.7158796906471252
time: 1.5488014221191406
train loss
0.7096719861030578
time: 1.5512347221374512
train loss
0.725589495897293
time: 1.5487034320831299
train loss
0.783667242527008
time: 1.550365686416626
train loss
0.7609991312026978
time: 1.5506021976470947
train loss
0.7578003227710723
time: 1.552042007446289
train loss
0.7760556161403656
test loss
0.06029541492462158
inf
time: 1.550550937652588
train loss
0.8032828450202942
time: 1.5517055988311768
train loss
0.7931905269622803
time: 1.5517075061798096
train loss
0.7839222013950348
time: 1.551490306854248
train loss
0.7654908120632171
time: 1.5495083332061768
train loss
0.7801367044448853
time: 1.5535786151885986
train loss
0.7828893303871155
time: 1.5521349906921387
train loss
0.7611386120319367
time: 1.55202054977417
train loss
0.7445558488368988
time: 1.5513055324554443
train loss
0.7364199995994568
time: 1.5529649257659912
train loss
0.7319890916347503
test loss
0.05570582821965218
inf
time: 1.550461769104004
train loss
0.7456458210945129
time: 1.551354169845581
train loss
0.7207041084766388
time: 1.5535457134246826
train loss
0.7122220754623413
time: 1.5526642799377441
train loss
0.7062146782875061
time: 1.5528209209442139
train loss
0.705302608013153
time: 1.5535290241241455
train loss
0.7020395636558533
time: 1.5534553527832031
train loss
0.6979708075523376
time: 1.5516679286956787
train loss
0.6942077100276947
time: 1.5492303371429443
train loss
0.6921204686164856
time: 1.5513253211975098
train loss
0.6915533065795898
test loss
0.053846824914216995
inf
time: 1.5515267848968506
train loss
0.6907427489757538
time: 1.553185224533081
train loss
0.6904433250427247
time: 1.5514476299285889
train loss
0.6886878728866577
time: 1.549872875213623
train loss
0.6879694581031799
time: 1.5428130626678467
train loss
0.687028706073761
time: 1.5402047634124756
train loss
0.6863309442996979
time: 1.5406811237335205
train loss
0.6853705883026123
time: 1.549403429031372
train loss
0.6848300516605377
time: 1.550342321395874
train loss
0.6846746623516082
time: 1.5505094528198242
train loss
0.6844927489757537
test loss
0.053624360263347624
inf
time: 1.5494906902313232
train loss
0.684705501794815
time: 1.5517489910125732
train loss
0.6852843821048736
time: 1.5501527786254883
train loss
0.6851597785949707
time: 1.5488035678863525
train loss
0.6841102361679077
time: 1.5498547554016113
train loss
0.6827602088451385
time: 1.5499639511108398
train loss
0.6817225277423858
time: 1.5495688915252686
train loss
0.6820573270320892
time: 1.5508427619934082
train loss
0.6814645946025848
time: 1.5492632389068604
train loss
0.6814642131328583
time: 1.5490550994873047
train loss
0.6815175116062164
test loss
0.05374211743474007
inf
time: 1.5501518249511719
train loss
0.6818589746952057
time: 1.5503969192504883
train loss
0.6807177722454071
time: 1.5481171607971191
train loss
0.6808488726615906
time: 1.5506596565246582
train loss
0.6803823173046112
time: 1.5509123802185059
train loss
0.6797754168510437
time: 1.549731969833374
train loss
0.6803319573402404
time: 1.5510120391845703
train loss
0.6802549839019776
time: 1.5505356788635254
train loss
0.6801780641078949
time: 1.5535244941711426
train loss
0.6796585142612457
time: 1.5540339946746826
train loss
0.6790987730026246
test loss
0.05346904918551445
inf
time: 1.5505955219268799
train loss
0.6780508458614349
time: 1.5524084568023682
train loss
0.6784259378910065
time: 1.550584316253662
train loss
0.6788083255290985
time: 1.5493724346160889
train loss
0.6793699026107788
time: 1.5409948825836182
train loss
0.6793414235115052
time: 1.538865566253662
train loss
0.6814924776554108
time: 1.5492761135101318
train loss
0.6854877948760987
time: 1.5475420951843262
train loss
0.6911497831344604
time: 1.548844337463379
train loss
0.6933339893817901
time: 1.5435805320739746
train loss
0.694124948978424
test loss
0.05424503311514854
inf
time: 1.5376086235046387
train loss
0.6924920558929444
time: 1.5402817726135254
train loss
0.6858445703983307
time: 1.5401930809020996
train loss
0.6848413348197937
time: 1.538956880569458
train loss
0.6896898031234742
time: 1.5381114482879639
train loss
0.6897976696491241
time: 1.539170265197754
train loss
0.6854760944843292
time: 1.5361053943634033
train loss
0.6815625607967377
time: 1.536637544631958
train loss
0.6799234807491302
time: 1.537153720855713
train loss
0.6783917129039765
time: 1.5405776500701904
train loss
0.6776718318462371
test loss
0.053491733968257904
inf
time: 1.5378329753875732
train loss
0.6779517114162446
time: 1.537229299545288
train loss
0.6776840448379516
time: 1.543524980545044
train loss
0.6772693157196045
time: 1.5407764911651611
train loss
0.6765777468681335
time: 1.5509326457977295
train loss
0.6764136552810669
time: 1.5507392883300781
train loss
0.6769634306430816
time: 1.552609920501709
train loss
0.6763565003871918
time: 1.5516009330749512
train loss
0.6773217678070068
time: 1.552236795425415
train loss
0.6770137846469879
time: 1.5514848232269287
train loss
0.6780051052570343
test loss
0.053539154678583147
inf
time: 1.5521514415740967
train loss
0.6783613324165344
time: 1.552037000656128
train loss
0.6775805473327636
time: 1.5511283874511719
train loss
0.6779925048351287
time: 1.551750659942627
train loss
0.6790133714675903
time: 1.5527856349945068
train loss
0.6783012866973877
time: 1.5516066551208496
train loss
0.6779575765132904
time: 1.5512220859527588
train loss
0.6785638570785523
time: 1.5505459308624268
train loss
0.6768009662628174
time: 1.5508334636688232
train loss
0.6764028310775757
time: 1.5508792400360107
train loss
0.6753465175628662
test loss
0.05350692719221115
inf
time: 1.5501618385314941
train loss
0.6758108854293823
time: 1.550633192062378
train loss
0.6761745095252991
time: 1.5515196323394775
train loss
0.6756975293159485
time: 1.548865795135498
train loss
0.6750443577766418
time: 1.5433542728424072
train loss
0.6756470263004303
time: 1.5382561683654785
train loss
0.6761521399021149
time: 1.5420911312103271
train loss
0.6759655594825744
time: 1.540999174118042
train loss
0.6756336987018585
time: 1.5407533645629883
train loss
0.6764863133430481
time: 1.539332628250122
train loss
0.6754446923732758
test loss
0.05349044129252434
inf
time: 1.5402331352233887
train loss
0.676504397392273
time: 1.5390782356262207
train loss
0.6764220654964447
time: 1.5379533767700195
train loss
0.677859091758728
time: 1.5422379970550537
train loss
0.6855090737342835
time: 1.5412242412567139
train loss
0.6996626019477844
time: 1.5424494743347168
train loss
0.7344113707542419
time: 1.5420479774475098
train loss
0.7618482649326325
time: 1.549318790435791
train loss
0.7428579509258271
time: 1.551590919494629
train loss
0.7174674093723297
time: 1.5456368923187256
train loss
0.7108228385448456
test loss
0.05586149096488953
inf
time: 1.539844036102295
train loss
0.7367120027542114
time: 1.5395524501800537
train loss
0.7369720637798309
time: 1.540372371673584
train loss
0.73362957239151
time: 1.540229082107544
train loss
0.7262423574924469
time: 1.5376505851745605
train loss
0.7162543833255768
time: 1.5380346775054932
train loss
0.7024201512336731
time: 1.5379173755645752
train loss
0.6975254833698272
time: 1.5401113033294678
train loss
0.6916395604610444
time: 1.5394623279571533
train loss
0.6870824992656708
time: 1.5375089645385742
train loss
0.6843501567840576
test loss
0.05366371497511864
inf
time: 1.5456855297088623
train loss
0.6825041234493255
time: 1.548945665359497
train loss
0.6814224898815155
time: 1.5510640144348145
train loss
0.6804834604263306
time: 1.5477290153503418
train loss
0.6803957462310791
time: 1.5506200790405273
train loss
0.6801905333995819
time: 1.551053524017334
train loss
0.6789897620677948
time: 1.551372766494751
train loss
0.678535658121109
time: 1.550614595413208
train loss
0.6791401684284211
time: 1.5497844219207764
train loss
0.6784762501716614
time: 1.5502564907073975
train loss
0.6772339642047882
test loss
0.05357102826237679
inf
time: 1.5497398376464844
train loss
0.6769389152526856
time: 1.5512640476226807
train loss
0.6774186789989471
time: 1.550372838973999
train loss
0.6772611916065217
time: 1.550353765487671
train loss
0.6773410260677337
time: 1.5501611232757568
train loss
0.6769691288471222
time: 1.551095962524414
train loss
0.6763802468776703
time: 1.5450117588043213
train loss
0.6762958228588104
time: 1.5540828704833984
train loss
0.6753190636634827
time: 1.555161714553833
train loss
0.675063282251358
time: 1.5527305603027344
train loss
0.6749341607093811
test loss
0.05345283672213554
inf
/pscratch/sd/g/gzhao27/INR/SOMA/2024-12-10SOMA-inr_w020_ld180.pt
time: 1.5500073432922363
train loss
0.6747334659099579
time: 1.550489902496338
train loss
0.6751730918884278
time: 1.5524952411651611
train loss
0.6752694308757782
time: 1.5538749694824219
train loss
0.6754605412483216
time: 1.5516600608825684
train loss
0.676811957359314
time: 1.5537736415863037
train loss
0.6770578265190125
time: 1.5519390106201172
train loss
0.6764697432518005
time: 1.5422849655151367
train loss
0.6762427389621735
time: 1.5426313877105713
train loss
0.6753252804279327
time: 1.54286527633667
train loss
0.674852043390274
test loss
0.05347755700349808
inf
time: 1.5417323112487793
train loss
0.6759618818759918
time: 1.539891004562378
train loss
0.6762326419353485
time: 1.543677806854248
train loss
0.6752539873123169
time: 1.5400941371917725
train loss
0.6751997351646424
time: 1.540001392364502
train loss
0.675384122133255
time: 1.5412170886993408
train loss
0.6744099140167237
time: 1.542081356048584
train loss
0.6744457721710205
time: 1.5429348945617676
train loss
0.6747462153434753
time: 1.5423917770385742
train loss
0.6744115471839904
time: 1.540877342224121
train loss
0.6746402859687806
test loss
0.05351493209600448
inf
time: 1.538219928741455
train loss
0.6745509922504425
time: 1.5361459255218506
train loss
0.6745304822921753
time: 1.539536952972412
train loss
0.6747441232204437
time: 1.538421630859375
train loss
0.6749538898468017
time: 1.5379056930541992
train loss
0.6740033328533173
time: 1.5377063751220703
train loss
0.6754837930202484
time: 1.5348029136657715
train loss
0.6770332396030426
time: 1.5391147136688232
train loss
0.6830715358257293
time: 1.5376923084259033
train loss
0.6864584684371948
time: 1.53904128074646
train loss
0.6960990905761719
test loss
0.05441146120429039
inf
time: 1.5386261940002441
train loss
0.7048177182674408
time: 1.539128065109253
train loss
0.828241378068924
time: 1.5380606651306152
train loss
0.8368324637413025
time: 1.5379118919372559
train loss
0.7914519071578979
time: 1.5389971733093262
train loss
0.7917516350746154
time: 1.5397922992706299
train loss
0.8010278642177582
time: 1.5382094383239746
train loss
0.7733767867088318
time: 1.5362372398376465
train loss
0.7492459297180176
time: 1.5384554862976074
train loss
0.7349683105945587
time: 1.5399973392486572
train loss
0.7190864980220795
test loss
0.05489547252655029
inf
time: 1.537733554840088
train loss
0.7127924680709838
time: 1.5386664867401123
train loss
0.7054658532142639
time: 1.5371630191802979
train loss
0.7007420480251312
time: 1.5372645854949951
train loss
0.6981811463832855
time: 1.538416862487793
train loss
0.6952488839626312
time: 1.5396416187286377
train loss
0.6932616293430328
time: 1.5391833782196045
train loss
0.6919901847839356
time: 1.5497479438781738
train loss
0.6913506388664246
time: 1.5510272979736328
train loss
0.690509456396103
time: 1.5511586666107178
train loss
0.6899483799934387
test loss
0.053958069533109665
inf
time: 1.5383155345916748
train loss
0.690063190460205
time: 1.5460176467895508
train loss
0.6882256865501404
time: 1.5507206916809082
train loss
0.6886904299259186
time: 1.5504136085510254
train loss
0.6881645321846008
time: 1.5480906963348389
train loss
0.6866833686828613
time: 1.5508875846862793
train loss
0.6875186920166015
time: 1.550999402999878
train loss
0.6859359860420227
time: 1.5519993305206299
train loss
0.6839687705039978
time: 1.5403556823730469
train loss
0.682779198884964
time: 1.5401623249053955
train loss
0.6838130056858063
test loss
0.05382188260555267
inf
time: 1.5401153564453125
train loss
0.682817804813385
time: 1.5384559631347656
train loss
0.6811121165752411
time: 1.5382583141326904
train loss
0.6804015040397644
time: 1.536303997039795
train loss
0.6848841667175293
time: 1.5353238582611084
train loss
0.6907640755176544
time: 1.5375804901123047
train loss
0.6847645759582519
time: 1.5367445945739746
train loss
0.6830742835998536
time: 1.5348632335662842
train loss
0.6816012024879455
time: 1.5372841358184814
train loss
0.6818092405796051
time: 1.538334846496582
train loss
0.6819127261638641
test loss
0.05400272309780121
inf
time: 1.5367157459259033
train loss
0.6860367655754089
time: 1.5384652614593506
train loss
0.6846098959445953
time: 1.5398235321044922
train loss
0.6808849573135376
time: 1.537611722946167
train loss
0.6786295652389527
time: 1.5357370376586914
train loss
0.6772821843624115
time: 1.538818359375
train loss
0.6763270735740662
time: 1.5390725135803223
train loss
0.6766461610794068
time: 1.5383100509643555
train loss
0.6760703206062317
time: 1.5368304252624512
train loss
0.6761800289154053
time: 1.5412704944610596
train loss
0.6757309198379516
test loss
0.05342152342200279
inf
/pscratch/sd/g/gzhao27/INR/SOMA/2024-12-10SOMA-inr_w020_ld180.pt
time: 1.5421936511993408
train loss
0.6752908825874329
time: 1.541214942932129
train loss
0.6754204213619233
time: 1.5396394729614258
train loss
0.6752196550369263
time: 1.5400032997131348
train loss
0.6756938099861145
time: 1.540750503540039
train loss
0.6764567911624908
time: 1.5393993854522705
train loss
0.6775470316410065
time: 1.5397236347198486
train loss
0.6813223600387573
time: 1.53956937789917
train loss
0.6804760217666626
time: 1.5400824546813965
train loss
0.6839625537395477
time: 1.5402002334594727
train loss
0.6884822845458984
test loss
0.054392191022634505
inf
time: 1.5399341583251953
train loss
0.6890106499195099
time: 1.5446832180023193
train loss
0.6867727875709534
time: 1.546154499053955
train loss
0.6908264815807342
time: 1.5414619445800781
train loss
0.6967505812644958
time: 1.537719964981079
train loss
0.6897586405277252
time: 1.5398035049438477
train loss
0.6858103096485137
time: 1.5390751361846924
train loss
0.6822355568408967
time: 1.5415854454040527
train loss
0.6820218622684479
time: 1.5402789115905762
train loss
0.6798828423023224
time: 1.543783187866211
train loss
0.6810471594333649
test loss
0.05400115847587585
inf
time: 1.5408170223236084
train loss
0.6802175045013428
time: 1.540100336074829
train loss
0.6772986948490143
time: 1.5424330234527588
train loss
0.676769208908081
time: 1.5399169921875
train loss
0.6757604598999023
time: 1.5405280590057373
train loss
0.6753786385059357
time: 1.5385174751281738
train loss
0.6749620318412781
time: 1.5388844013214111
train loss
0.6748690664768219
time: 1.542135238647461
train loss
0.6734964966773986
time: 1.5404233932495117
train loss
0.6734488785266877
time: 1.5420715808868408
train loss
0.6740149796009064
test loss
0.05365474298596382
inf
time: 1.5391466617584229
train loss
0.673546415567398
time: 1.5414035320281982
train loss
0.6735613107681274
time: 1.5409090518951416
train loss
0.6744489371776581
time: 1.539783000946045
train loss
0.6738921165466308
time: 1.5403709411621094
train loss
0.6734341740608215
time: 1.5394618511199951
train loss
0.6728718101978302
time: 1.5419459342956543
train loss
0.6747696161270141
time: 1.538318157196045
train loss
0.674535721540451
time: 1.5408761501312256
train loss
0.6739067196846008
time: 1.5446631908416748
train loss
0.6734415292739868
test loss
0.053491956740617755
inf
time: 1.5386242866516113
train loss
0.6733833074569702
time: 1.5385985374450684
train loss
0.6731734573841095
time: 1.5414719581604004
train loss
0.6729434490203857
time: 1.5424392223358154
train loss
0.6729158759117126
time: 1.5413191318511963
train loss
0.6721234977245331
time: 1.5419063568115234
train loss
0.6728945136070251
time: 1.5413765907287598
train loss
0.6744160056114197
time: 1.5391392707824707
train loss
0.6733818709850311
time: 1.5400197505950928
train loss
0.6732533276081085
time: 1.5407474040985107
train loss
0.6726376295089722
test loss
0.0534560039639473
inf
time: 1.5388338565826416
train loss
0.6727162659168243
time: 1.5412063598632812
train loss
0.6738136529922485
time: 1.543125867843628
train loss
0.6760368824005127
time: 1.5422067642211914
train loss
0.6808149099349976
time: 1.5435872077941895
train loss
0.7399673283100128
time: 1.540818691253662
train loss
0.8412097334861756
time: 1.5405011177062988
train loss
0.9568700671195984
time: 1.5431654453277588
train loss
0.8684348702430725
time: 1.541534423828125
train loss
0.8182313561439514
time: 1.5428988933563232
train loss
0.7860216200351715
test loss
0.05983549058437347
inf
time: 1.5418987274169922
train loss
0.7999321639537811
time: 1.5424375534057617
train loss
0.7628952324390411
time: 1.543097972869873
train loss
0.7494767129421234
time: 1.5401887893676758
train loss
0.7341155350208283
time: 1.5432512760162354
train loss
0.7215375006198883
time: 1.541175127029419
train loss
0.7167785465717316
time: 1.5413453578948975
train loss
0.7092370808124542
time: 1.5436012744903564
train loss
0.7066665410995483
time: 1.544137954711914
train loss
0.7031943500041962
time: 1.5442562103271484
train loss
0.6996300101280213
test loss
0.05435789525508881
inf
time: 1.5387823581695557
train loss
0.6974196791648865
time: 1.545090675354004
train loss
0.6959480464458465
time: 1.5422449111938477
train loss
0.6941659569740295
time: 1.5418140888214111
train loss
0.693979823589325
time: 1.5428473949432373
train loss
0.6925311207771301
time: 1.5428056716918945
train loss
0.6922890484333039
time: 1.5470423698425293
train loss
0.6911018073558808
time: 1.5466792583465576
train loss
0.6897157490253448
time: 1.5514755249023438
train loss
0.6879767775535583
time: 1.5443854331970215
train loss
0.6872869193553924
test loss
0.053919970989227295
inf
time: 1.5388314723968506
train loss
0.6863600492477417
time: 1.53816819190979
train loss
0.6855401992797852
time: 1.5399577617645264
train loss
0.6846255779266357
time: 1.540588140487671
train loss
0.6839665234088897
time: 1.5392556190490723
train loss
0.6842418253421784
time: 1.5403883457183838
train loss
0.6848625123500824
time: 1.541410207748413
train loss
0.6846318244934082
time: 1.5398948192596436
train loss
0.6843706369400024
time: 1.539024829864502
train loss
0.6894717574119568
time: 1.5414609909057617
train loss
0.7044548928737641
test loss
0.05466317236423492
inf
time: 1.538942813873291
train loss
0.6967097878456116
time: 1.543269395828247
train loss
0.7018358588218689
time: 1.541733741760254
train loss
0.7071916162967682
time: 1.5397956371307373
train loss
0.710968679189682
time: 1.5417015552520752
train loss
0.7045451462268829
time: 1.5384364128112793
train loss
0.6987826406955719
time: 1.538733959197998
train loss
0.6912992894649506
time: 1.5411815643310547
train loss
0.6866309940814972
time: 1.552626371383667
train loss
0.6831511497497559
time: 1.5528085231781006
train loss
0.6818452835083008
test loss
0.053764866292476655
inf
time: 1.5539307594299316
train loss
0.6802875697612762
time: 1.5503036975860596
train loss
0.6796554088592529
time: 1.5527279376983643
train loss
0.6796893239021301
time: 1.5532870292663574
train loss
0.679474949836731
time: 1.5518805980682373
train loss
0.6787322461605072
time: 1.549168586730957
train loss
0.6786539673805236
time: 1.5520408153533936
train loss
0.678976571559906
time: 1.5499472618103027
train loss
0.6787602782249451
time: 1.5505263805389404
train loss
0.6783189833164215
time: 1.5541608333587646
train loss
0.6776502132415771
test loss
0.05365694165229797
inf
time: 1.55255126953125
train loss
0.6774300992488861
time: 1.552992343902588
train loss
0.6772391140460968
time: 1.5557749271392822
train loss
0.6791769027709961
time: 1.5548455715179443
train loss
0.6801351070404053
time: 1.5508074760437012
train loss
0.6788624167442322
time: 1.5546417236328125
train loss
0.6776955187320709
time: 1.5437836647033691
train loss
0.6767990469932557
time: 1.5505261421203613
train loss
0.6754582822322845
time: 1.5515081882476807
train loss
0.6758931815624237
time: 1.5548088550567627
train loss
0.6763454616069794
test loss
0.05356608480215073
inf
time: 1.5432772636413574
train loss
0.6753802418708801
time: 1.5408074855804443
train loss
0.675396716594696
time: 1.5421092510223389
train loss
0.6775670051574707
time: 1.5407295227050781
train loss
0.6804613947868348
time: 1.5427303314208984
train loss
0.6848114252090454
time: 1.542917013168335
train loss
0.6832145154476166
time: 1.54866623878479
train loss
0.683496630191803
time: 1.5522499084472656
train loss
0.68397416472435
time: 1.5519933700561523
train loss
0.681448346376419
time: 1.5515079498291016
train loss
0.6807703375816345
test loss
0.053885525465011595
inf
time: 1.554417371749878
train loss
0.6808549463748932
time: 1.553560733795166
train loss
0.6813040971755981
time: 1.5517454147338867
train loss
0.6785054624080658
time: 1.543091058731079
train loss
0.6770547807216645
time: 1.5407624244689941
train loss
0.6758686065673828
time: 1.5408954620361328
train loss
0.676899641752243
time: 1.5420095920562744
train loss
0.6789286613464356
time: 1.539557695388794
train loss
0.6783761262893677
time: 1.5409877300262451
train loss
0.6776371896266937
time: 1.540738582611084
train loss
0.6778953969478607
test loss
0.05385497882962227
inf
time: 1.541231393814087
train loss
0.6779887080192566
time: 1.5424542427062988
train loss
0.6758239328861236
time: 1.5414602756500244
train loss
0.6737789273262024
time: 1.5405614376068115
train loss
0.6733197152614594
time: 1.5404281616210938
train loss
0.6732950448989868
time: 1.5412945747375488
train loss
0.6733023881912231
time: 1.5411794185638428
train loss
0.6731585681438446
time: 1.5405044555664062
train loss
0.6723556399345398
time: 1.5438525676727295
train loss
0.6725671947002411
time: 1.5435616970062256
train loss
0.6726013958454132
test loss
0.053428129851818086
inf
time: 1.53749418258667
train loss
0.6737800061702728
time: 1.5436716079711914
train loss
0.6751175642013549
time: 1.5428526401519775
train loss
0.6809881448745727
time: 1.5445225238800049
train loss
0.6893774688243866
time: 1.5452885627746582
train loss
0.6852595448493958
time: 1.5437614917755127
train loss
0.6933732032775879
time: 1.543386459350586
train loss
0.746883887052536
time: 1.5424480438232422
train loss
0.7476997673511505
time: 1.5466585159301758
train loss
0.743513035774231
time: 1.5546185970306396
train loss
0.7550027668476105
test loss
0.05758392810821533
nan
time: 1.5542018413543701
train loss
0.723570829629898
time: 1.552643060684204
train loss
0.7043286204338074
time: 1.553704023361206
train loss
0.6931814253330231
time: 1.5528299808502197
train loss
0.6875537991523742
time: 1.5527868270874023
train loss
0.6841866075992584
time: 1.551736831665039
train loss
0.6841435551643371
time: 1.5511891841888428
train loss
0.6875016450881958
time: 1.5468170642852783
train loss
0.6829033076763154
time: 1.5403120517730713
train loss
0.6815241515636444
time: 1.542581558227539
train loss
0.6802786827087403
test loss
0.05369255691766739
inf
time: 1.54425048828125
train loss
0.6780859231948853
time: 1.5471673011779785
train loss
0.6763959586620331
time: 1.5419039726257324
train loss
0.6758599936962127
time: 1.541837453842163
train loss
0.6743075728416443
time: 1.5410847663879395
train loss
0.673885828256607
time: 1.542510747909546
train loss
0.6736113965511322
time: 1.543700933456421
train loss
0.6740423083305359
time: 1.5507221221923828
train loss
0.67613645195961
time: 1.5419039726257324
train loss
0.6774905145168304
time: 1.5470526218414307
train loss
0.6765085458755493
test loss
0.05364949777722359
inf
time: 1.5459163188934326
train loss
0.6752565205097198
time: 1.5435512065887451
train loss
0.6741730153560639
time: 1.543381690979004
train loss
0.6729251146316528
time: 1.5439269542694092
train loss
0.672579163312912
time: 1.543787956237793
train loss
0.6730684757232666
time: 1.5428533554077148
train loss
0.6733926117420197
time: 1.545607566833496
train loss
0.6727714300155639
time: 1.546891212463379
train loss
0.6720447361469268
time: 1.544586420059204
train loss
0.6723338425159454
time: 1.545445442199707
train loss
0.6734097182750702
test loss
0.05354814007878304
inf
time: 1.544058084487915
train loss
0.674156540632248
time: 1.5520868301391602
train loss
0.6762616038322449
time: 1.5530078411102295
train loss
0.676402747631073
time: 1.5539038181304932
train loss
0.6788366496562958
time: 1.5542168617248535
train loss
0.6812441527843476
time: 1.5546159744262695
train loss
0.6859676599502563
time: 1.555497169494629
train loss
0.6873075187206268
time: 1.5528206825256348
train loss
0.7077364385128021
time: 1.5521700382232666
train loss
0.708792632818222
time: 1.5534603595733643
train loss
0.691964191198349
test loss
0.054247698932886126
inf
time: 1.5528910160064697
train loss
0.6868210434913635
time: 1.554476022720337
train loss
0.6862662374973297
time: 1.5416874885559082
train loss
0.6843514084815979
time: 1.5431864261627197
train loss
0.6811568379402161
time: 1.5438506603240967
train loss
0.6778706908226013
time: 1.5400352478027344
train loss
0.6755965948104858
time: 1.5404109954833984
train loss
0.6744143962860107
time: 1.5400707721710205
train loss
0.6733023941516876
time: 1.538517713546753
train loss
0.6724018394947052
time: 1.5441086292266846
train loss
0.6720403552055358
test loss
0.053288071602582934
inf
/pscratch/sd/g/gzhao27/INR/SOMA/2024-12-10SOMA-inr_w020_ld180.pt
time: 1.5426020622253418
train loss
0.6718551516532898
time: 1.541801929473877
train loss
0.672672325372696
time: 1.549692153930664
train loss
0.6737169802188874
time: 1.5519959926605225
train loss
0.6739899694919587
time: 1.552729845046997
train loss
0.6736265659332276
time: 1.5515165328979492
train loss
0.6733476877212524
time: 1.5407519340515137
train loss
0.6724085152149201
time: 1.543194055557251
train loss
0.6738808155059814
time: 1.5424304008483887
train loss
0.6735983312129974
time: 1.5393083095550537
train loss
0.6745561301708222
test loss
0.05373317673802376
inf
time: 1.5425336360931396
train loss
0.6771261930465698
time: 1.5425584316253662
train loss
0.6750473618507385
time: 1.5407958030700684
train loss
0.6734624922275543
time: 1.540001392364502
train loss
0.6722904443740845
time: 1.539574146270752
train loss
0.6710911214351654
time: 1.538438081741333
train loss
0.6715637385845185
time: 1.5383424758911133
train loss
0.6709899067878723
time: 1.5434989929199219
train loss
0.6723813652992249
time: 1.544344186782837
train loss
0.671307510137558
time: 1.5436456203460693
train loss
0.6705524384975433
test loss
0.053443795442581175
inf
time: 1.5418334007263184
train loss
0.6717347800731659
time: 1.54616117477417
train loss
0.6709633886814117
time: 1.5537028312683105
train loss
0.6703657627105712
time: 1.5534918308258057
train loss
0.670860642194748
time: 1.5534839630126953
train loss
0.6697869837284088
time: 1.545713186264038
train loss
0.6705357611179352
time: 1.5460140705108643
train loss
0.6701591372489929
time: 1.5532023906707764
train loss
0.6697934091091156
time: 1.5554602146148682
train loss
0.6701292932033539
time: 1.5539960861206055
train loss
0.6714877426624298
test loss
0.05347346290946007
inf
time: 1.5451126098632812
train loss
0.6751039385795593
time: 1.5483272075653076
train loss
0.6751499056816102
time: 1.544240951538086
train loss
0.6742623925209046
time: 1.5449919700622559
train loss
0.6733860313892365
time: 1.5448126792907715
train loss
0.6771903753280639
time: 1.5445210933685303
train loss
0.6883876204490662
time: 1.5435211658477783
train loss
0.7129805088043213
time: 1.5439183712005615
train loss
0.7433273017406463
time: 1.5425753593444824
train loss
0.7453363955020904
time: 1.5448799133300781
train loss
0.7285070717334747
test loss
0.05686051920056343
inf
time: 1.544485330581665
train loss
0.7536551356315613
time: 1.5430057048797607
train loss
0.7382416486740112
time: 1.5435748100280762
train loss
0.7227242648601532
time: 1.541365146636963
train loss
0.7702100813388825
time: 1.545226812362671
train loss
0.745815771818161
time: 1.5411617755889893
train loss
0.721500712633133
time: 1.5438048839569092
train loss
0.7083544552326202
time: 1.5435504913330078
train loss
0.712155020236969
time: 1.5422616004943848
train loss
0.7140394926071167
time: 1.5415544509887695
train loss
0.7040521919727325
test loss
0.054789771884679796
inf
time: 1.5431396961212158
train loss
0.6979668021202088
time: 1.5411250591278076
train loss
0.6903942584991455
time: 1.5424718856811523
train loss
0.6856882512569428
time: 1.5421631336212158
train loss
0.682297432422638
time: 1.5433306694030762
train loss
0.679172670841217
time: 1.542971134185791
train loss
0.6778272926807404
time: 1.5420258045196533
train loss
0.6767940402030945
time: 1.5430314540863037
train loss
0.6759126007556915
time: 1.5418245792388916
train loss
0.6751130282878876
time: 1.542253017425537
train loss
0.6766269445419312
test loss
0.05358956754207611
inf
time: 1.5430974960327148
train loss
0.6763137340545654
time: 1.5412282943725586
train loss
0.6763099372386933
time: 1.5414226055145264
train loss
0.675830888748169
time: 1.5429537296295166
train loss
0.6748640954494476
time: 1.5386855602264404
train loss
0.6729048490524292
time: 1.5434784889221191
train loss
0.6727689623832702
time: 1.5391907691955566
train loss
0.6725581347942352
time: 1.5412449836730957
train loss
0.6729206323623658
time: 1.5432724952697754
train loss
0.674397486448288
time: 1.5422708988189697
train loss
0.6745958983898163
test loss
0.05359479412436485
inf
time: 1.5406615734100342
train loss
0.6743555307388306
time: 1.5445168018341064
train loss
0.6732628285884857
time: 1.5443158149719238
train loss
0.672008603811264
time: 1.5441391468048096
train loss
0.6718715846538543
time: 1.5415022373199463
train loss
0.67261603474617
time: 1.5423998832702637
train loss
0.67360417842865
time: 1.5447866916656494
train loss
0.6733544707298279
time: 1.5440747737884521
train loss
0.6718126475811005
time: 1.5403873920440674
train loss
0.6722391545772552
time: 1.5446617603302002
train loss
0.6713269889354706
test loss
0.053364433348178864
inf
time: 1.541898250579834
train loss
0.6719217360019684
time: 1.5403852462768555
train loss
0.672457617521286
time: 1.5413105487823486
train loss
0.672121524810791
time: 1.5435552597045898
train loss
0.672218918800354
time: 1.543940782546997
train loss
0.6723889410495758
time: 1.5426042079925537
train loss
0.6717574834823609
time: 1.5461606979370117
train loss
0.6710318446159362
time: 1.5399816036224365
train loss
0.6723475337028504
time: 1.543184518814087
train loss
0.673056548833847
time: 1.5421228408813477
train loss
0.6714369297027588
test loss
0.053275302052497864
inf
/pscratch/sd/g/gzhao27/INR/SOMA/2024-12-10SOMA-inr_w020_ld180.pt
time: 1.5416910648345947
train loss
0.6707574129104614
time: 1.5406606197357178
train loss
0.6706009387969971
time: 1.5412790775299072
train loss
0.6699552357196807
time: 1.5433194637298584
train loss
0.6695168077945709
time: 1.5434691905975342
train loss
0.6695079684257508
time: 1.543504238128662
train loss
0.6709448754787445
time: 1.542543649673462
train loss
0.6715799272060394
time: 1.542518138885498
train loss
0.6717952907085418
time: 1.5421311855316162
train loss
0.6756777942180634
time: 1.5458977222442627
train loss
0.7084924101829528
test loss
0.05537208244204521
inf
time: 1.5437700748443604
train loss
0.6967935681343078
time: 1.5412330627441406
train loss
0.6905023157596588
time: 1.5396511554718018
train loss
0.7057877242565155
time: 1.540722131729126
train loss
0.724116462469101
time: 1.5429775714874268
train loss
0.7999523520469666
time: 1.5409209728240967
train loss
0.7821073532104492
time: 1.5416650772094727
train loss
0.7737967252731324
time: 1.5404746532440186
train loss
0.7811786830425262
time: 1.538987636566162
train loss
0.796631681919098
time: 1.5412876605987549
train loss
0.7715516149997711
test loss
0.057495057582855225
inf
time: 1.5538246631622314
train loss
0.7542763531208039
time: 1.5529308319091797
train loss
0.736396586894989
time: 1.5492432117462158
train loss
0.7209018468856812
time: 1.5544719696044922
train loss
0.733551949262619
time: 1.545367956161499
train loss
0.7380531966686249
time: 1.543290376663208
train loss
0.7168797314167022
time: 1.542696475982666
train loss
0.7056237816810608
time: 1.541975498199463
train loss
0.7008048117160797
time: 1.5420136451721191
train loss
0.6954436600208282
time: 1.5415630340576172
train loss
0.6900408089160919
test loss
0.05391544923186302
inf
time: 1.5413250923156738
train loss
0.6880722045898438
time: 1.5422487258911133
train loss
0.6854992687702179
time: 1.5414280891418457
train loss
0.6830349802970886
time: 1.5404613018035889
train loss
0.6818115890026093
time: 1.5424482822418213
train loss
0.6817868769168853
time: 1.5434439182281494
train loss
0.6807940185070038
time: 1.5385253429412842
train loss
0.6790071904659272
time: 1.5418269634246826
train loss
0.6780324161052704
time: 1.5427639484405518
train loss
0.6773920297622681
time: 1.542954444885254
train loss
0.6770051538944244
test loss
0.05339550524950028
inf
time: 1.5441911220550537
train loss
0.6778412818908691
time: 1.542020320892334
train loss
0.6782532691955566
time: 1.543196439743042
train loss
0.6774880766868592
time: 1.542750597000122
train loss
0.6765858650207519
time: 1.5425031185150146
train loss
0.6752370595932007
time: 1.5454788208007812
train loss
0.6746751964092255
time: 1.5400073528289795
train loss
0.6737642049789428
time: 1.5403714179992676
train loss
0.67417893409729
time: 1.5414257049560547
train loss
0.6734520316123962
time: 1.543637752532959
train loss
0.6735614478588104
test loss
0.05336533710360527
inf
time: 1.5425474643707275
train loss
0.6745153665542603
time: 1.5423753261566162
train loss
0.6750521957874298
time: 1.5413901805877686
train loss
0.6750740587711335
time: 1.5401690006256104
train loss
0.6738293290138244
time: 1.540928840637207
train loss
0.6739142298698425
time: 1.542733907699585
train loss
0.6742740511894226
time: 1.5401287078857422
train loss
0.6748025834560394
time: 1.5411922931671143
train loss
0.6753126382827759
time: 1.543105125427246
train loss
0.6750540614128113
time: 1.5443577766418457
train loss
0.676599633693695
test loss
0.053531430661678314
inf
time: 1.5507607460021973
train loss
0.6770992755889893
time: 1.5518276691436768
train loss
0.6824781954288482
time: 1.5521016120910645
train loss
0.7074449121952057
time: 1.552818775177002
train loss
0.6993487656116486
time: 1.5528314113616943
train loss
0.6998925626277923
time: 1.5501878261566162
train loss
0.7069730877876281
time: 1.5535461902618408
train loss
0.6918403029441833
time: 1.5499765872955322
train loss
0.6924050748348236
time: 1.5518810749053955
train loss
0.6835080862045289
time: 1.5542850494384766
train loss
0.6774497747421264
test loss
0.05358187779784203
inf
time: 1.5478942394256592
train loss
0.6746631979942321
time: 1.544015645980835
train loss
0.6732646286487579
time: 1.542210578918457
train loss
0.6733322083950043
time: 1.5419166088104248
train loss
0.6726456761360169
time: 1.5403189659118652
train loss
0.6719675183296203
time: 1.5382347106933594
train loss
0.6717280805110931
time: 1.5418250560760498
train loss
0.6710898160934449
time: 1.542919397354126
train loss
0.6709290206432342
time: 1.552870512008667
train loss
0.6714330434799194
time: 1.555206298828125
train loss
0.6721163928508759
test loss
0.05336939916014671
inf
time: 1.5411827564239502
train loss
0.6733139276504516
time: 1.5410101413726807
train loss
0.6719944179058075
time: 1.5425870418548584
train loss
0.6708776116371155
time: 1.5428338050842285
train loss
0.6702571928501129
time: 1.5410842895507812
train loss
0.6696908414363861
time: 1.5401480197906494
train loss
0.6699558615684509
time: 1.541074514389038
train loss
0.6694441139698029
time: 1.5375072956085205
train loss
0.6694562911987305
time: 1.5422327518463135
train loss
0.6699078738689422
time: 1.544935703277588
train loss
0.6704779505729676
test loss
0.0534552812576294
inf
time: 1.540257215499878
train loss
0.671770715713501
time: 1.5446302890777588
train loss
0.6720189571380615
time: 1.5403695106506348
train loss
0.6737667262554169
time: 1.5433135032653809
train loss
0.6731582522392273
time: 1.542616605758667
train loss
0.6704431116580963
time: 1.5405936241149902
train loss
0.6701626479625702
time: 1.541003704071045
train loss
0.6695172607898712
time: 1.5418264865875244
train loss
0.6697357833385468
time: 1.5426106452941895
train loss
0.6691380679607392
time: 1.5416147708892822
train loss
0.6684957683086395
test loss
0.05326492041349411
inf
/pscratch/sd/g/gzhao27/INR/SOMA/2024-12-10SOMA-inr_w020_ld180.pt
time: 1.54441237449646
train loss
0.6685916900634765
time: 1.5427231788635254
train loss
0.6689210116863251
time: 1.5494017601013184
train loss
0.6690112531185151
time: 1.5525109767913818
train loss
0.6686583340168
time: 1.5516650676727295
train loss
0.6716198027133942
time: 1.5506489276885986
train loss
0.676847642660141
time: 1.5513322353363037
train loss
0.6779875993728638
time: 1.5506222248077393
train loss
0.6799402892589569
time: 1.5527067184448242
train loss
0.6878247797489166
time: 1.5502023696899414
train loss
0.7390389859676361
test loss
0.055484525859355927
inf
time: 1.5513079166412354
train loss
0.712928032875061
time: 1.554152488708496
train loss
0.7222932338714599
time: 1.5537974834442139
train loss
0.7057592988014221
time: 1.5507736206054688
train loss
0.6924397647380829
time: 1.5530705451965332
train loss
0.6886889696121216
time: 1.5502800941467285
train loss
0.6808329880237579
time: 1.5504028797149658
train loss
0.6785485565662384
time: 1.552539348602295
train loss
0.6823733806610107
time: 1.5510375499725342
train loss
0.6875718414783478
time: 1.5554120540618896
train loss
0.6800124645233154
test loss
0.053701914846897125
inf
time: 1.548508644104004
train loss
0.6766412734985352
time: 1.5418674945831299
train loss
0.6768760085105896
time: 1.5403094291687012
train loss
0.6759468495845795
time: 1.5413305759429932
train loss
0.673224824666977
time: 1.5421481132507324
train loss
0.6720779180526734
time: 1.5412836074829102
train loss
0.671113520860672
time: 1.5386626720428467
train loss
0.6700959086418152
time: 1.541921615600586
train loss
0.6697795927524567
time: 1.54042649269104
train loss
0.6698949933052063
time: 1.5451905727386475
train loss
0.6696730136871338
test loss
0.05322997942566872
inf
/pscratch/sd/g/gzhao27/INR/SOMA/2024-12-10SOMA-inr_w020_ld180.pt
time: 1.5452518463134766
train loss
0.6693678498268127
time: 1.544628620147705
train loss
0.6691349148750305
time: 1.5430538654327393
train loss
0.6689327239990235
time: 1.5402538776397705
train loss
0.6688547790050506
time: 1.5429563522338867
train loss
0.6692630827426911
time: 1.5440497398376465
train loss
0.6687583506107331
time: 1.5437202453613281
train loss
0.6684127032756806
time: 1.5444693565368652
train loss
0.6689334690570832
time: 1.5431387424468994
train loss
0.6688067436218261
time: 1.5459742546081543
train loss
0.6691107511520386
test loss
0.05324232429265976
inf
time: 1.549267053604126
train loss
0.6695111572742463
time: 1.5510828495025635
train loss
0.6714403927326202
time: 1.5477874279022217
train loss
0.6739226579666138
time: 1.550652027130127
train loss
0.6742570102214813
time: 1.5518059730529785
train loss
0.6721094191074372
time: 1.5528056621551514
train loss
0.6829091668128967
time: 1.5536258220672607
train loss
0.7532068192958832
time: 1.5521836280822754
train loss
0.7732394158840179
time: 1.5535852909088135
train loss
0.7655105829238892
time: 1.5547170639038086
train loss
0.7322782576084137
test loss
0.05597686246037483
inf
time: 1.5548889636993408
train loss
0.7074130713939667
time: 1.5525450706481934
train loss
0.6948264598846435
time: 1.5536727905273438
train loss
0.6887009143829346
time: 1.5524768829345703
train loss
0.6831853985786438
time: 1.5554795265197754
train loss
0.6792010545730591
time: 1.5530085563659668
train loss
0.676792573928833
time: 1.5555334091186523
train loss
0.674910980463028
time: 1.5526747703552246
train loss
0.6734943628311157
time: 1.554591417312622
train loss
0.6727823972702026
time: 1.5533382892608643
train loss
0.6725709676742554
test loss
0.05355822965502739
inf
time: 1.5524122714996338
train loss
0.6735054969787597
time: 1.5525050163269043
train loss
0.6727980077266693
time: 1.5502345561981201
train loss
0.6721174001693726
time: 1.547537088394165
train loss
0.671017324924469
time: 1.5582191944122314
train loss
0.671204286813736
time: 1.5524697303771973
train loss
0.6710327863693237
time: 1.5539088249206543
train loss
0.6715202033519745
time: 1.5525758266448975
train loss
0.6738605380058289
time: 1.554457426071167
train loss
0.6737551987171173
time: 1.5533709526062012
train loss
0.6733672201633454
test loss
0.05353264063596726
inf
time: 1.5562293529510498
train loss
0.6718555152416229
time: 1.5497877597808838
train loss
0.6711743712425232
time: 1.5426175594329834
train loss
0.6708251118659974
time: 1.545417308807373
train loss
0.6718866527080536
time: 1.5436668395996094
train loss
0.6751936316490174
time: 1.5442631244659424
train loss
0.6820428490638732
time: 1.546694278717041
train loss
0.6811831176280976
time: 1.5535633563995361
train loss
0.678132301568985
time: 1.5461020469665527
train loss
0.6782015264034271
time: 1.5443658828735352
train loss
0.6784099102020263
test loss
0.053710786253213884
inf
time: 1.541452407836914
train loss
0.6764448702335357
time: 1.55104398727417
train loss
0.6730172395706177
time: 1.55464768409729
train loss
0.6713064193725586
time: 1.551225185394287
train loss
0.6697636842727661
time: 1.5552198886871338
train loss
0.6686357378959655
time: 1.553192377090454
train loss
0.6685045957565308
time: 1.5520567893981934
train loss
0.6689856886863709
time: 1.5532288551330566
train loss
0.6688265383243561
time: 1.5486969947814941
train loss
0.6685817182064057
time: 1.5461108684539795
train loss
0.6688410639762878
test loss
0.05328924357891083
inf
time: 1.547574758529663
train loss
0.6684401452541351
time: 1.5531394481658936
train loss
0.667911821603775
time: 1.552427053451538
train loss
0.6688068151473999
time: 1.553995132446289
train loss
0.668518704175949
time: 1.5524523258209229
train loss
0.6687590479850769
time: 1.5522077083587646
train loss
0.6694604933261872
time: 1.5550310611724854
train loss
0.6695174098014831
time: 1.5562610626220703
train loss
0.6682563543319702
time: 1.5553174018859863
train loss
0.6677886724472046
time: 1.5559594631195068
train loss
0.668128502368927
test loss
0.05321835801005363
inf
/pscratch/sd/g/gzhao27/INR/SOMA/2024-12-10SOMA-inr_w020_ld180.pt
time: 1.5523786544799805
train loss
0.668977040052414
time: 1.5543901920318604
train loss
0.6689610123634339
time: 1.5531628131866455
train loss
0.6687668979167938
time: 1.5552701950073242
train loss
0.6708445429801941
time: 1.551685094833374
train loss
0.6757686972618103
time: 1.5514159202575684
train loss
0.6969353497028351
time: 1.5557239055633545
train loss
0.7565370798110962
time: 1.5560486316680908
train loss
0.7268966913223267
time: 1.5534024238586426
train loss
0.7487260222434997
time: 1.5570101737976074
train loss
0.8765226066112518
test loss
0.0636965811252594
inf
time: 1.5548858642578125
train loss
0.8033369958400727
time: 1.5393967628479004
train loss
0.7461299061775207
time: 1.5408411026000977
train loss
0.7277628242969513
time: 1.5442039966583252
train loss
0.7117841422557831
time: 1.5411787033081055
train loss
0.6955183386802674
time: 1.5428974628448486
train loss
0.6880662143230438
time: 1.5408387184143066
train loss
0.6835275590419769
time: 1.5527477264404297
train loss
0.6811114847660065
time: 1.5490775108337402
train loss
0.6788641452789307
time: 1.5525588989257812
train loss
0.6767683684825897
test loss
0.05352004319429397
inf
time: 1.553788661956787
train loss
0.6759053587913513
time: 1.5519959926605225
train loss
0.6748545110225678
time: 1.5481290817260742
train loss
0.6743286371231079
time: 1.5415408611297607
train loss
0.6745782971382142
time: 1.5405595302581787
train loss
0.6737419784069061
time: 1.543567180633545
train loss
0.672845721244812
time: 1.5516002178192139
train loss
0.6718852639198303
time: 1.5520057678222656
train loss
0.6726624250411988
time: 1.551164150238037
train loss
0.6738907396793365
time: 1.5494446754455566
train loss
0.6755786061286926
test loss
0.05356427356600761
inf
time: 1.542658805847168
train loss
0.6758327186107635
time: 1.5418894290924072
train loss
0.674014687538147
time: 1.5418505668640137
train loss
0.6735394775867463
time: 1.5417752265930176
train loss
0.6718158006668091
time: 1.5423622131347656
train loss
0.6724271357059479
time: 1.5492260456085205
train loss
0.6711291968822479
time: 1.5516242980957031
train loss
0.6701242923736572
time: 1.5548350811004639
train loss
0.6701593101024628
time: 1.5544555187225342
train loss
0.6697670996189118
time: 1.555706262588501
train loss
0.6695675551891327
test loss
0.05331731364130974
inf
time: 1.5530104637145996
train loss
0.6700432419776916
time: 1.5525476932525635
train loss
0.6698974192142486
time: 1.5509617328643799
train loss
0.6696377217769622
time: 1.5549819469451904
train loss
0.6688950061798096
time: 1.5551567077636719
train loss
0.6687539160251618
time: 1.5544919967651367
train loss
0.6693935871124268
time: 1.5547897815704346
train loss
0.6684642791748047
time: 1.5526127815246582
train loss
0.6683330297470093
time: 1.556922435760498
train loss
0.6679143309593201
time: 1.5533373355865479
train loss
0.6685814023017883
test loss
0.053347235172986986
inf
time: 1.5425283908843994
train loss
0.6683183968067169
time: 1.555302381515503
train loss
0.6692158341407776
time: 1.5526890754699707
train loss
0.6685843288898468
time: 1.55171537399292
train loss
0.670624566078186
time: 1.552628755569458
train loss
0.6801480829715729
time: 1.554579257965088
train loss
0.6830326020717621
time: 1.5525257587432861
train loss
0.6919356465339661
time: 1.551675796508789
train loss
0.717944598197937
time: 1.5543179512023926
train loss
0.7316190123558044
time: 1.5550181865692139
train loss
0.76243097782135
test loss
0.057054603844881056
inf
time: 1.5529627799987793
train loss
0.7416578233242035
time: 1.5553021430969238
train loss
0.7348403334617615
time: 1.5552175045013428
train loss
0.7448387861251831
time: 1.5528199672698975
train loss
0.7528636276721954
time: 1.5533583164215088
train loss
0.7432111620903015
time: 1.5562245845794678
train loss
0.7271176695823669
time: 1.5536320209503174
train loss
0.7084335744380951
time: 1.5531558990478516
train loss
0.6956694781780243
time: 1.5551650524139404
train loss
0.6872563660144806
time: 1.5560948848724365
train loss
0.6829612553119659
test loss
0.053692676872015
inf
time: 1.5552046298980713
train loss
0.6820438385009766
time: 1.5540411472320557
train loss
0.6793181717395782
time: 1.550835371017456
train loss
0.6771151959896088
time: 1.5529043674468994
train loss
0.675667405128479
time: 1.5536003112792969
train loss
0.6748586356639862
time: 1.5535767078399658
train loss
0.6753072082996369
time: 1.5522937774658203
train loss
0.6743877768516541
time: 1.5545706748962402
train loss
0.6733526945114136
time: 1.5536878108978271
train loss
0.6729327142238617
time: 1.5547418594360352
train loss
0.6734309375286103
test loss
0.053463999181985855
inf
time: 1.552724838256836
train loss
0.6733688712120056
time: 1.5533218383789062
train loss
0.6721986413002015
time: 1.5499267578125
train loss
0.6706970930099487
time: 1.5497384071350098
train loss
0.6707040190696716
time: 1.5519752502441406
train loss
0.6711072623729706
time: 1.5514445304870605
train loss
0.6712091147899628
time: 1.55257248878479
train loss
0.6702142834663392
time: 1.5550215244293213
train loss
0.6699898779392243
time: 1.5541553497314453
train loss
0.6699149787425995
time: 1.5545873641967773
train loss
0.6703108608722687
test loss
0.053214363753795624
inf
/pscratch/sd/g/gzhao27/INR/SOMA/2024-12-10SOMA-inr_w020_ld180.pt
time: 1.553185224533081
train loss
0.6704244613647461
time: 1.5558745861053467
train loss
0.6704375326633454
time: 1.5523462295532227
train loss
0.669425231218338
time: 1.5529565811157227
train loss
0.6698343217372894
time: 1.5523457527160645
train loss
0.6699541509151459
time: 1.552008867263794
train loss
0.6698866307735443
time: 1.5528347492218018
train loss
0.6692584335803986
time: 1.552642583847046
train loss
0.6690996050834656
time: 1.5515685081481934
train loss
0.6695427477359772
time: 1.5493521690368652
train loss
0.6692549109458923
test loss
0.05329118445515633
inf
time: 1.542020320892334
train loss
0.6687638342380524
time: 1.5407993793487549
train loss
0.6692183494567872
time: 1.5406253337860107
train loss
0.6693480610847473
time: 1.5384764671325684
train loss
0.6686072647571564
time: 1.5422825813293457
train loss
0.6696332097053528
time: 1.5413818359375
train loss
0.6686957359313965
time: 1.5433189868927002
train loss
0.6681359827518463
time: 1.5428807735443115
train loss
0.6683619260787964
time: 1.5448458194732666
train loss
0.6715347588062286
time: 1.5442054271697998
train loss
0.6721192061901092
test loss
0.05336764007806778
inf
time: 1.5440433025360107
train loss
0.6725021302700043
time: 1.5421583652496338
train loss
0.670808607339859
time: 1.5450456142425537
train loss
0.6704889297485351
time: 1.5428225994110107
train loss
0.6707957565784455
time: 1.5436463356018066
train loss
0.6689433455467224
time: 1.5432088375091553
train loss
0.6682687163352966
time: 1.5445656776428223
train loss
0.6684926092624665
time: 1.544264793395996
train loss
0.6682038545608521
time: 1.5441462993621826
train loss
0.6679836571216583
time: 1.5400867462158203
train loss
0.6669747650623321
test loss
0.0531935915350914
inf
/pscratch/sd/g/gzhao27/INR/SOMA/2024-12-10SOMA-inr_w020_ld180.pt
time: 1.5537092685699463
train loss
0.6672633111476898
time: 1.553734302520752
train loss
0.6684429764747619
time: 1.553952932357788
train loss
0.6677350759506225
time: 1.5521748065948486
train loss
0.6678148210048676
time: 1.5538218021392822
train loss
0.6685188174247741
time: 1.5419065952301025
train loss
0.6684575080871582
time: 1.5411970615386963
train loss
0.6687635362148285
time: 1.5427517890930176
train loss
0.6679478764533997
time: 1.5437209606170654
train loss
0.6694262623786926
time: 1.544140338897705
train loss
0.6712485432624817
test loss
0.05330503135919571
inf
time: 1.5427942276000977
train loss
0.6700625240802764
time: 1.5424847602844238
train loss
0.6745130896568299
time: 1.5439131259918213
train loss
0.6790723085403443
time: 1.5430200099945068
train loss
0.6815370678901672
time: 1.543642282485962
train loss
0.6850658237934113
time: 1.5430634021759033
train loss
0.7045055806636811
time: 1.552396297454834
train loss
0.7045918464660644
time: 1.5455207824707031
train loss
0.6870828628540039
time: 1.543395757675171
train loss
0.677248615026474
time: 1.5435740947723389
train loss
0.6794815361499786
test loss
0.05393530279397964
inf
time: 1.5517406463623047
train loss
0.6858737289905548
time: 1.5500843524932861
train loss
0.6794795095920563
time: 1.5517528057098389
train loss
0.6735719084739685
time: 1.555523157119751
train loss
0.6733043491840363
time: 1.555098295211792
train loss
0.6725763142108917
time: 1.5541048049926758
train loss
0.6705929219722748
time: 1.5520820617675781
train loss
0.6696890830993653
time: 1.554565668106079
train loss
0.6692914724349975
time: 1.554075002670288
train loss
0.6683538794517517
time: 1.5536320209503174
train loss
0.6679864227771759
test loss
0.053282779455184934
nan
time: 1.5547325611114502
train loss
0.6674341857433319
time: 1.5539143085479736
train loss
0.6672775149345398
time: 1.5534286499023438
train loss
0.6675000965595246
time: 1.5557570457458496
train loss
0.6676270067691803
time: 1.5462901592254639
train loss
0.6683542132377625
time: 1.5526487827301025
train loss
0.6674042344093323
time: 1.551565170288086
train loss
0.6679195106029511
time: 1.5445609092712402
train loss
0.6687493920326233
time: 1.541905164718628
train loss
0.6676523983478546
time: 1.54500412940979
train loss
0.6673635840415955
test loss
0.05310416594147682
inf
/pscratch/sd/g/gzhao27/INR/SOMA/2024-12-10SOMA-inr_w020_ld180.pt
time: 1.5459816455841064
train loss
0.6665397167205811
time: 1.5436286926269531
train loss
0.6664448976516724
time: 1.5467357635498047
train loss
0.6679090738296509
time: 1.5542900562286377
train loss
0.6730759501457214
time: 1.5525009632110596
train loss
0.6793055951595306
time: 1.5540664196014404
train loss
0.685992830991745
time: 1.5542984008789062
train loss
0.7056420028209687
time: 1.5553669929504395
train loss
0.704383236169815
time: 1.5515868663787842
train loss
0.7121903896331787
time: 1.5558669567108154
train loss
0.807972252368927
test loss
0.059754601866006854
inf
time: 1.5540335178375244
train loss
0.8225350558757782
time: 1.552586555480957
train loss
0.8288885831832886
time: 1.553102970123291
train loss
0.7842749059200287
time: 1.5547056198120117
train loss
0.777821832895279
time: 1.5535547733306885
train loss
0.7578002870082855
time: 1.5543286800384521
train loss
0.740602970123291
time: 1.553987979888916
train loss
0.7165793895721435
time: 1.5537214279174805
train loss
0.7062623739242554
time: 1.5531511306762695
train loss
0.6981036067008972
time: 1.5546352863311768
train loss
0.6945185840129853
test loss
0.05426167547702789
inf
time: 1.5531749725341797
train loss
0.6901784300804138
time: 1.553290605545044
train loss
0.6869819045066834
time: 1.55265474319458
train loss
0.6846300899982453
time: 1.550851583480835
train loss
0.6833074450492859
time: 1.5426480770111084
train loss
0.6823155462741852
time: 1.541595697402954
train loss
0.6829453647136688
time: 1.5429105758666992
train loss
0.6819675326347351
time: 1.5431182384490967
train loss
0.6803651452064514
time: 1.5506737232208252
train loss
0.6794287919998169
time: 1.5569627285003662
train loss
0.6778634250164032
test loss
0.05378002896904945
inf
time: 1.5434033870697021
train loss
0.6764304935932159
time: 1.5424983501434326
train loss
0.6750624775886536
time: 1.5419337749481201
train loss
0.6750411331653595
time: 1.5451562404632568
train loss
0.6733889639377594
time: 1.5436651706695557
train loss
0.6737262904644012
time: 1.5445671081542969
train loss
0.6761276483535766
time: 1.5461151599884033
train loss
0.6770328104496002
time: 1.5440223217010498
train loss
0.6760875284671783
time: 1.5425949096679688
train loss
0.6746191680431366
time: 1.5439317226409912
train loss
0.6721413135528564
test loss
0.05337767601013184
inf
time: 1.5398573875427246
train loss
0.6712072789669037
time: 1.5402488708496094
train loss
0.6712244331836701
time: 1.5426056385040283
train loss
0.6708863377571106
time: 1.5424036979675293
train loss
0.6704212248325347
time: 1.5411009788513184
train loss
0.6721243321895599
time: 1.5437707901000977
train loss
0.6721424520015716
time: 1.545271396636963
train loss
0.6709140062332153
time: 1.5536818504333496
train loss
0.6712019920349122
time: 1.553642988204956
train loss
0.6697486162185669
time: 1.551506757736206
train loss
0.6694703578948975
test loss
0.05325439348816872
inf
time: 1.5558831691741943
train loss
0.6698148429393769
time: 1.5532536506652832
train loss
0.669680655002594
time: 1.556452751159668
train loss
0.6682952165603637
time: 1.5512032508850098
train loss
0.6680647611618042
time: 1.552711009979248
train loss
0.6685409426689148
time: 1.5546703338623047
train loss
0.6691817879676819
time: 1.5526869297027588
train loss
0.6690434396266938
time: 1.554744005203247
train loss
0.6682785391807556
time: 1.554758071899414
train loss
0.6701074421405793
time: 1.5527784824371338
train loss
0.6710309982299805
test loss
0.053476831316947936
inf
time: 1.5525577068328857
train loss
0.6717120826244354
time: 1.5544848442077637
train loss
0.6723497331142425
time: 1.5537002086639404
train loss
0.6718189418315887
time: 1.5528416633605957
train loss
0.6700487554073333
time: 1.5521070957183838
train loss
0.6689060449600219
time: 1.5512292385101318
train loss
0.6689844727516174
time: 1.5446851253509521
train loss
0.6690411925315857
time: 1.5423471927642822
train loss
0.6685985326766968
time: 1.5422999858856201
train loss
0.667952561378479
time: 1.5461492538452148
train loss
0.6687291085720062
test loss
0.05324447229504585
inf
time: 1.5447309017181396
train loss
0.6689132988452912
time: 1.541940689086914
train loss
0.6701199769973755
time: 1.5387327671051025
train loss
0.6683995664119721
time: 1.545140027999878
train loss
0.667864841222763
time: 1.5407557487487793
train loss
0.6676593780517578
time: 1.5402867794036865
train loss
0.667001211643219
time: 1.5447015762329102
train loss
0.6667745769023895
time: 1.5442302227020264
train loss
0.6678436517715454
time: 1.5420281887054443
train loss
0.6677172839641571
time: 1.5423364639282227
train loss
0.6680225968360901
test loss
0.05325677692890167
inf
time: 1.5421924591064453
train loss
0.6683503270149231
time: 1.542004108428955
train loss
0.6694680571556091
time: 1.5420129299163818
train loss
0.6695733189582824
time: 1.5432806015014648
train loss
0.6696653306484223
time: 1.5418894290924072
train loss
0.6689536213874817
time: 1.5417213439941406
train loss
0.668810898065567
time: 1.5420889854431152
train loss
0.6678160965442658
time: 1.5411145687103271
train loss
0.6679964005947113
time: 1.5415868759155273
train loss
0.6678973078727722
time: 1.5415189266204834
train loss
0.6667870819568634
test loss
0.05313114821910858
inf
time: 1.5400292873382568
train loss
0.667579960823059
time: 1.5396788120269775
train loss
0.6676652789115906
time: 1.5416555404663086
train loss
0.6671893477439881
time: 1.5451600551605225
train loss
0.6672727823257446
time: 1.5417776107788086
train loss
0.6678074181079865
time: 1.5446133613586426
train loss
0.667718893289566
time: 1.54624342918396
train loss
0.66881023645401
time: 1.5435521602630615
train loss
0.6707895815372467
time: 1.543590784072876
train loss
0.671188622713089
time: 1.5450241565704346
train loss
0.6751872658729553
test loss
0.05374816656112671
inf
time: 1.5446455478668213
train loss
0.6735094547271728
time: 1.5432491302490234
train loss
0.6781767308712006
time: 1.5442419052124023
train loss
0.6844212353229523
time: 1.5428776741027832
train loss
0.6897253394126892
time: 1.5434110164642334
train loss
0.724677574634552
time: 1.543102502822876
train loss
0.7411623358726501
time: 1.5434086322784424
train loss
0.779497218132019
time: 1.5415925979614258
train loss
0.7428927540779113
time: 1.5431983470916748
train loss
0.716330748796463
time: 1.5443365573883057
train loss
0.7094075560569764
test loss
0.05539922192692757
inf
time: 1.543501853942871
train loss
0.7131573915481567
time: 1.5421714782714844
train loss
0.7053763389587402
time: 1.5454158782958984
train loss
0.6985336005687713
time: 1.5454621315002441
train loss
0.6911250829696656
time: 1.5456488132476807
train loss
0.6879737198352813
time: 1.545386791229248
train loss
0.6876978158950806
time: 1.5442390441894531
train loss
0.6825642764568329
time: 1.5436222553253174
train loss
0.676398503780365
time: 1.5442934036254883
train loss
0.6738006472587585
time: 1.5432772636413574
train loss
0.6728263616561889
test loss
0.0533578559756279
inf
time: 1.542353630065918
train loss
0.6735701203346253
time: 1.5418097972869873
train loss
0.6726304531097412
time: 1.5400888919830322
train loss
0.6710086107254029
time: 1.5425362586975098
train loss
0.6697235524654388
time: 1.5398499965667725
train loss
0.669556611776352
time: 1.542524814605713
train loss
0.6700422883033752
time: 1.5424418449401855
train loss
0.6694665312767029
time: 1.5404362678527832
train loss
0.6681527435779572
time: 1.5430827140808105
train loss
0.6677297174930572
time: 1.5420200824737549
train loss
0.667415589094162
test loss
0.05322321131825447
inf
time: 1.5437991619110107
train loss
0.667297112941742
time: 1.5411605834960938
train loss
0.6673931777477264
time: 1.5426549911499023
train loss
0.66728435754776
time: 1.5412020683288574
train loss
0.6674717843532563
time: 1.5404984951019287
train loss
0.6678650498390197
time: 1.5415713787078857
train loss
0.6680875718593597
time: 1.545431137084961
train loss
0.6677013754844665
time: 1.5418615341186523
train loss
0.6677767693996429
time: 1.5512092113494873
train loss
0.6681778788566589
time: 1.5469987392425537
train loss
0.6681001245975494
test loss
0.05322360247373581
inf
time: 1.544093132019043
train loss
0.6671776294708252
time: 1.5368866920471191
train loss
0.6666172504425049
time: 1.5420522689819336
train loss
0.6665230870246888
time: 1.5394618511199951
train loss
0.6671598136425019
time: 1.5398871898651123
train loss
0.6668914318084717
time: 1.5402097702026367
train loss
0.6668872535228729
time: 1.5435583591461182
train loss
0.666083824634552
time: 1.5419158935546875
train loss
0.6659560799598694
time: 1.5437521934509277
train loss
0.6665806829929352
time: 1.5442709922790527
train loss
0.6667476832866669
test loss
0.05314504280686379
inf
time: 1.542219638824463
train loss
0.6684203565120697
time: 1.541541337966919
train loss
0.6692485451698303
time: 1.541133165359497
train loss
0.6688634514808655
time: 1.5401172637939453
train loss
0.6687504351139069
time: 1.5398814678192139
train loss
0.6793049216270447
time: 1.5402166843414307
train loss
0.6885700345039367
time: 1.5382146835327148
train loss
0.6885641038417816
time: 1.5416772365570068
train loss
0.6850480258464813
time: 1.5465431213378906
train loss
0.6810160756111145
time: 1.5557563304901123
train loss
0.6738946318626404
test loss
0.053569606691598895
inf
time: 1.555354356765747
train loss
0.6711767077445984
time: 1.5549697875976562
train loss
0.6709490418434143
time: 1.5530638694763184
train loss
0.668788057565689
time: 1.5550944805145264
train loss
0.6679579794406891
time: 1.5550506114959717
train loss
0.6665460109710694
time: 1.5398163795471191
train loss
0.6665189385414123
time: 1.5381102561950684
train loss
0.6664144039154053
time: 1.5416598320007324
train loss
0.6665954947471618
time: 1.5400090217590332
train loss
0.6676034986972809
time: 1.5429837703704834
train loss
0.6671643793582916
test loss
0.053245623409748075
inf
time: 1.5454647541046143
train loss
0.6665828049182891
time: 1.5417680740356445
train loss
0.6667347609996795
time: 1.543438196182251
train loss
0.6662049055099487
time: 1.541623830795288
train loss
0.6665997862815857
time: 1.5517606735229492
train loss
0.666856449842453
time: 1.5502467155456543
train loss
0.6657946646213532
time: 1.5546238422393799
train loss
0.6655806779861451
time: 1.5459661483764648
train loss
0.6663168966770172
time: 1.543372631072998
train loss
0.6669579088687897
time: 1.5419414043426514
train loss
0.6674912333488464
test loss
0.05324618443846703
inf
time: 1.5393176078796387
train loss
0.6673387944698334
time: 1.5431325435638428
train loss
0.6670363664627075
time: 1.542417049407959
train loss
0.6657637596130371
time: 1.5399079322814941
train loss
0.6664950013160705
time: 1.540902853012085
train loss
0.6670932471752167
time: 1.5548956394195557
train loss
0.666605406999588
time: 1.5529491901397705
train loss
0.6675284326076507
time: 1.5552904605865479
train loss
0.6686068058013916
time: 1.5531394481658936
train loss
0.674027007818222
time: 1.5536537170410156
train loss
0.6771616995334625
test loss
0.05371951311826706
inf
time: 1.5532376766204834
train loss
0.6917750597000122
time: 1.5540852546691895
train loss
0.7011825323104859
time: 1.5541348457336426
train loss
0.6969794750213623
time: 1.5524675846099854
train loss
0.7206561863422394
time: 1.5513439178466797
train loss
0.7127192318439484
time: 1.5521702766418457
train loss
0.7274812936782837
time: 1.5545461177825928
train loss
0.7368065476417541
time: 1.5522589683532715
train loss
0.7769826352596283
time: 1.5546610355377197
train loss
0.7425689280033112
time: 1.5533092021942139
train loss
0.725509113073349
test loss
0.05606900826096535
inf
time: 1.5527713298797607
train loss
0.7148914694786072
time: 1.5527548789978027
train loss
0.6976978421211243
time: 1.5514883995056152
train loss
0.6856423437595367
time: 1.552666187286377
train loss
0.6802166521549224
time: 1.5533933639526367
train loss
0.6782122731208802
time: 1.5552573204040527
train loss
0.6761178970336914
time: 1.553149700164795
train loss
0.6746428370475769
time: 1.5474872589111328
train loss
0.6729120552539826
time: 1.5414440631866455
train loss
0.6721736192703247
time: 1.5390701293945312
train loss
0.6707646965980529
test loss
0.0532835029065609
inf
time: 1.543036699295044
train loss
0.6706709444522858
time: 1.5424299240112305
train loss
0.6706503450870513
time: 1.5436608791351318
train loss
0.6706767201423645
time: 1.5406742095947266
train loss
0.6697744250297546
time: 1.5425403118133545
train loss
0.6691653311252594
time: 1.5421385765075684
train loss
0.669992059469223
time: 1.5416088104248047
train loss
0.6704397201538086
time: 1.5408039093017578
train loss
0.6689287662506104
time: 1.541750192642212
train loss
0.6684459507465362
time: 1.5448882579803467
train loss
0.6673081994056702
test loss
0.053173474967479706
inf
time: 1.5419855117797852
train loss
0.6676749289035797
time: 1.541630744934082
train loss
0.6669310808181763
time: 1.542675256729126
train loss
0.6680753827095032
time: 1.5426311492919922
train loss
0.6682989239692688
time: 1.5428822040557861
train loss
0.6670504152774811
time: 1.5434799194335938
train loss
0.6672678768634797
time: 1.542637825012207
train loss
0.6672986268997192
time: 1.5409753322601318
train loss
0.6678454101085662
time: 1.5501558780670166
train loss
0.6680653870105744
time: 1.547147274017334
train loss
0.6667988300323486
test loss
0.05329362452030182
inf
time: 1.5482804775238037
train loss
0.667589682340622
time: 1.5527188777923584
train loss
0.6677647590637207
time: 1.5515613555908203
train loss
0.6687913298606872
time: 1.554837703704834
train loss
0.6674704134464264
time: 1.552774429321289
train loss
0.6672723770141602
time: 1.5552833080291748
train loss
0.6658122420310975
time: 1.5544452667236328
train loss
0.666590827703476
time: 1.5518465042114258
train loss
0.6668815433979034
time: 1.5525226593017578
train loss
0.6663222849369049
time: 1.5542662143707275
train loss
0.6666489660739898
test loss
0.05320591703057289
inf
time: 1.5559821128845215
train loss
0.6672891020774842
time: 1.55141282081604
train loss
0.6676520586013794
time: 1.552966833114624
train loss
0.667605322599411
time: 1.5530085563659668
train loss
0.6668297529220581
time: 1.5560433864593506
train loss
0.666802453994751
time: 1.549631118774414
train loss
0.6661195516586303
time: 1.544630765914917
train loss
0.6681787669658661
time: 1.5527148246765137
train loss
0.669178968667984
time: 1.553302526473999
train loss
0.6697034657001495
time: 1.5544188022613525
train loss
0.668916666507721
test loss
0.05329204201698303
inf
time: 1.5431032180786133
train loss
0.6703475952148438
time: 1.5439746379852295
train loss
0.673730993270874
time: 1.5424211025238037
train loss
0.6724279165267945
time: 1.541839361190796
train loss
0.6694534897804261
time: 1.5417163372039795
train loss
0.668749874830246
time: 1.542740821838379
train loss
0.6683600842952728
time: 1.5538432598114014
train loss
0.6675558149814605
time: 1.5526680946350098
train loss
0.6678098857402801
time: 1.5472526550292969
train loss
0.6699070870876312
time: 1.544811487197876
train loss
0.670940238237381
test loss
0.053351576626300815
inf
time: 1.542604923248291
train loss
0.6751194715499877
time: 1.5417213439941406
train loss
0.697018313407898
time: 1.5414495468139648
train loss
0.7056883037090301
time: 1.5387730598449707
train loss
0.7000045418739319
time: 1.5480005741119385
train loss
0.7309491038322449
time: 1.5436985492706299
train loss
0.7219693183898925
time: 1.542074203491211
train loss
0.7242009162902832
time: 1.540499210357666
train loss
0.762732344865799
time: 1.5428075790405273
train loss
0.7512182712554931
time: 1.538637399673462
train loss
0.7369160950183868
test loss
0.05754414200782776
inf
time: 1.5415668487548828
train loss
0.7404530286788941
time: 1.5419092178344727
train loss
0.7239108562469483
time: 1.539773941040039
train loss
0.7292324304580688
time: 1.542968988418579
train loss
0.7189555406570435
time: 1.5422794818878174
train loss
0.7000035405158996
time: 1.5417659282684326
train loss
0.6899897694587708
time: 1.5422890186309814
train loss
0.6821404159069061
time: 1.5404376983642578
train loss
0.6782024264335632
time: 1.5412607192993164
train loss
0.6750859498977662
time: 1.5406196117401123
train loss
0.6742350816726684
test loss
0.05335632413625717
inf
time: 1.5423660278320312
train loss
0.6736257553100586
time: 1.5404882431030273
train loss
0.6749048054218292
time: 1.5399136543273926
train loss
0.673945814371109
time: 1.5421063899993896
train loss
0.6722773671150207
time: 1.5388803482055664
train loss
0.6715073823928833
time: 1.543114423751831
train loss
0.6701791882514954
time: 1.5414814949035645
train loss
0.6694385468959808
time: 1.5408039093017578
train loss
0.6690866470336914
time: 1.54048752784729
train loss
0.6692669868469239
time: 1.5434813499450684
train loss
0.6699665546417236
test loss
0.053251919150352475
inf
time: 1.5449423789978027
train loss
0.6713155269622803
time: 1.5443711280822754
train loss
0.672685295343399
time: 1.5428061485290527
train loss
0.6708726286888123
time: 1.5435445308685303
train loss
0.6693144500255584
time: 1.5449364185333252
train loss
0.6690405368804931
time: 1.5435717105865479
train loss
0.6689319908618927
time: 1.5401103496551514
train loss
0.6683200061321258
time: 1.5422182083129883
train loss
0.6685362040996552
time: 1.5455241203308105
train loss
0.6674038469791412
time: 1.5421826839447021
train loss
0.6679256439208985
test loss
0.053227956593036654
inf
time: 1.5381686687469482
train loss
0.6677012920379639
time: 1.5428853034973145
train loss
0.6676514446735382
time: 1.544111728668213
train loss
0.6682593286037445
time: 1.5440430641174316
train loss
0.6676080107688904
time: 1.545111894607544
train loss
0.6687355458736419
time: 1.5430760383605957
train loss
0.6688441514968873
time: 1.5496225357055664
train loss
0.670532864332199
time: 1.5439598560333252
train loss
0.671326756477356
time: 1.5424778461456299
train loss
0.6701797842979431
time: 1.5448720455169678
train loss
0.6707310080528259
test loss
0.05334184318780899
inf
time: 1.5435900688171387
train loss
0.6699915707111359
time: 1.5408687591552734
train loss
0.6688282012939453
time: 1.542729377746582
train loss
0.667345118522644
time: 1.5436515808105469
train loss
0.6674329280853272
time: 1.543926477432251
train loss
0.6670627236366272
time: 1.5457420349121094
train loss
0.6660672962665558
time: 1.5457463264465332
train loss
0.6660982191562652
time: 1.5436170101165771
train loss
0.6662566900253296
time: 1.544154405593872
train loss
0.6658072173595428
time: 1.5453517436981201
train loss
0.6664081335067749
test loss
0.05326461344957352
inf
time: 1.5559687614440918
train loss
0.6665691673755646
time: 1.5539090633392334
train loss
0.6671616613864899
time: 1.5536513328552246
train loss
0.6667126715183258
time: 1.5540409088134766
train loss
0.666130656003952
time: 1.5522027015686035
train loss
0.6657990932464599
time: 1.5447914600372314
train loss
0.6668654680252075
time: 1.5483973026275635
train loss
0.6660550177097321
time: 1.541564702987671
train loss
0.6664866805076599
time: 1.5437450408935547
train loss
0.6688258647918701
time: 1.544701099395752
train loss
0.6676187753677368
test loss
0.05336605757474899
inf
time: 1.5426251888275146
train loss
0.6676482200622559
time: 1.5415136814117432
train loss
0.6668328046798706
time: 1.5381317138671875
train loss
0.6660474479198456
time: 1.542020320892334
train loss
0.6663628041744232
time: 1.5415058135986328
train loss
0.6664941132068634
time: 1.5418169498443604
train loss
0.6663994312286377
time: 1.5428762435913086
train loss
0.66574267745018
time: 1.53928804397583
train loss
0.6654215693473816
time: 1.5397193431854248
train loss
0.666211599111557
time: 1.541822910308838
train loss
0.6663808763027191
test loss
0.05311029553413391
inf
time: 1.5423643589019775
train loss
0.6665157020092011
time: 1.5392272472381592
train loss
0.6673107028007508
time: 1.5425081253051758
train loss
0.6679497241973877
time: 1.5432720184326172
train loss
0.6715939223766327
time: 1.542287826538086
train loss
0.6794057071208954
time: 1.544191598892212
train loss
0.7127505838871002
time: 1.5471925735473633
train loss
0.6996683597564697
time: 1.5525462627410889
train loss
0.6833710551261902
time: 1.5529510974884033
train loss
0.6781357884407043
time: 1.5497441291809082
train loss
0.674555116891861
test loss
0.05358770862221718
inf
time: 1.540923833847046
train loss
0.6739041328430175
time: 1.5446503162384033
train loss
0.6728610694408417
time: 1.5424416065216064
train loss
0.6694173634052276
time: 1.5473120212554932
train loss
0.6675899088382721
time: 1.5458390712738037
train loss
0.6669452548027038
time: 1.5473270416259766
train loss
0.6667821645736695
time: 1.5434067249298096
train loss
0.6670927345752716
time: 1.54744553565979
train loss
0.6679075717926025
time: 1.5549042224884033
train loss
0.6674343347549438
time: 1.5553791522979736
train loss
0.666545569896698
test loss
0.0531585268676281
inf
time: 1.5486218929290771
train loss
0.6662293136119842
time: 1.5451524257659912
train loss
0.6663453459739686
time: 1.5508594512939453
train loss
0.6665452718734741
time: 1.5532279014587402
train loss
0.6662910938262939
time: 1.5440142154693604
train loss
0.6665579080581665
time: 1.5515589714050293
train loss
0.6666821479797364
time: 1.5454928874969482
train loss
0.6694793999195099
time: 1.5435714721679688
train loss
0.6675747454166412
time: 1.543522596359253
train loss
0.6668559610843658
time: 1.545557975769043
train loss
0.6665403008460998
test loss
0.05333267599344253
inf
time: 1.5463323593139648
train loss
0.6662809431552887
time: 1.5446152687072754
train loss
0.6674940586090088
time: 1.5438683032989502
train loss
0.6664708375930786
time: 1.5438623428344727
train loss
0.6666086852550507
time: 1.545259714126587
train loss
0.6660992324352264
time: 1.544065237045288
train loss
0.6649238586425781
time: 1.546708345413208
train loss
0.6654240190982819
time: 1.5444576740264893
train loss
0.6661522626876831
time: 1.5437695980072021
train loss
0.6667407274246215
time: 1.5460529327392578
train loss
0.6665866374969482
test loss
0.05315048098564148
inf
time: 1.5452890396118164
train loss
0.6657420754432678
time: 1.545212984085083
train loss
0.665504264831543
time: 1.5446419715881348
train loss
0.6650818169116974
time: 1.5450384616851807
train loss
0.6671448469161987
time: 1.5436673164367676
train loss
0.6662702441215516
time: 1.5447192192077637
train loss
0.6663540542125702
time: 1.5477697849273682
train loss
0.6684476912021637
time: 1.5542917251586914
train loss
0.6690890073776246
time: 1.5546600818634033
train loss
0.6671310484409332
time: 1.5524322986602783
train loss
0.6677818417549133
test loss
0.05356021225452423
inf
time: 1.5465140342712402
train loss
0.6668225884437561
time: 1.544558048248291
train loss
0.666845041513443
time: 1.5443565845489502
train loss
0.666576725244522
time: 1.542654275894165
train loss
0.6664145171642304
time: 1.54649019241333
train loss
0.6672928988933563
time: 1.5441763401031494
train loss
0.6735967457294464
time: 1.5463569164276123
train loss
0.6733898460865021
time: 1.5468099117279053
train loss
0.6761597514152526
time: 1.5450208187103271
train loss
0.6849564909934998
time: 1.5443925857543945
train loss
0.6861390709877014
test loss
0.0544579453766346
inf
time: 1.5442113876342773
train loss
0.7079570770263672
time: 1.543154239654541
train loss
0.7407005131244659
time: 1.5447919368743896
train loss
0.7951451122760773
time: 1.5454387664794922
train loss
0.8093729019165039
time: 1.5466477870941162
train loss
0.7829121887683869
time: 1.5459864139556885
train loss
0.7358873665332795
time: 1.5447139739990234
train loss
0.7104527473449707
time: 1.5426900386810303
train loss
0.6975276291370391
time: 1.545889139175415
train loss
0.6882777810096741
time: 1.5476632118225098
train loss
0.6836172938346863
test loss
0.05374541953206062
inf
time: 1.543724536895752
train loss
0.6816615045070649
time: 1.5414516925811768
train loss
0.6800878047943115
time: 1.5521085262298584
train loss
0.6776878833770752
time: 1.5549468994140625
train loss
0.6743844628334046
time: 1.5491077899932861
train loss
0.6733041048049927
time: 1.5412397384643555
train loss
0.6711279392242432
time: 1.5499272346496582
train loss
0.6704634904861451
time: 1.5515756607055664
train loss
0.6705819487571716
time: 1.554572343826294
train loss
0.6694261789321899
time: 1.5518388748168945
train loss
0.6697646617889405
test loss
0.05337904915213585
inf
time: 1.5510046482086182
train loss
0.6703799307346344
time: 1.547858476638794
train loss
0.6697596788406373
time: 1.554246425628662
train loss
0.6698704779148101
time: 1.545518398284912
train loss
0.6691189467906952
time: 1.5438199043273926
train loss
0.669375878572464
time: 1.5413484573364258
train loss
0.6701561450958252
time: 1.5401527881622314
train loss
0.6701092541217804
time: 1.5419330596923828
train loss
0.6693735539913177
time: 1.543078899383545
train loss
0.6679300844669342
time: 1.544586181640625
train loss
0.6669127941131592
test loss
0.053173544257879256
inf
time: 1.5530431270599365
train loss
0.6668117105960846
time: 1.5507159233093262
train loss
0.6686680912971497
time: 1.5420153141021729
train loss
0.670851719379425
time: 1.5392115116119385
train loss
0.6695520579814911
time: 1.5405964851379395
train loss
0.6680349290370942
time: 1.5423641204833984
train loss
0.6689745664596558
time: 1.5425736904144287
train loss
0.669548237323761
time: 1.5382635593414307
train loss
0.6681591629981994
time: 1.5401549339294434
train loss
0.6670207440853119
time: 1.543247938156128
train loss
0.6664768695831299
test loss
0.05331817343831062
inf
time: 1.541825532913208
train loss
0.666805899143219
time: 1.5391099452972412
train loss
0.6664554178714752
time: 1.5403039455413818
train loss
0.6676255464553833
time: 1.5393242835998535
train loss
0.6676223874092102
time: 1.5388402938842773
train loss
0.6682776272296905
time: 1.541292667388916
train loss
0.6675571739673615
time: 1.5424423217773438
train loss
0.6685260474681854
time: 1.5458009243011475
train loss
0.6677892923355102
time: 1.5373857021331787
train loss
0.669318151473999
time: 1.543104887008667
train loss
0.6761108338832855
test loss
0.054147550463676454
inf
time: 1.5430269241333008
train loss
0.6799735069274903
time: 1.542081356048584
train loss
0.6853757321834564
time: 1.5427064895629883
train loss
0.7051900386810303
time: 1.540170431137085
train loss
0.7038411259651184
time: 1.5484800338745117
train loss
0.6872195422649383
time: 1.5453038215637207
train loss
0.6781071662902832
time: 1.5547175407409668
train loss
0.6745068967342377
time: 1.5529744625091553
train loss
0.6723200619220734
time: 1.5520999431610107
train loss
0.6690844714641571
time: 1.5526418685913086
train loss
0.666955691576004
test loss
0.05312702655792236
nan
time: 1.539963722229004
train loss
0.6663061380386353
time: 1.5411162376403809
train loss
0.6656722664833069
time: 1.5398283004760742
train loss
0.6657002747058869
time: 1.5384407043457031
train loss
0.6670835852622986
time: 1.5392494201660156
train loss
0.6661573827266694
time: 1.5423049926757812
train loss
0.6650809347629547
time: 1.5362541675567627
train loss
0.6648554146289826
time: 1.5415832996368408
train loss
0.6653286755084992
time: 1.5425939559936523
train loss
0.6672762036323547
time: 1.5454413890838623
train loss
0.6665117979049683
test loss
0.053120562434196474
inf
time: 1.540039300918579
train loss
0.6656916260719299
time: 1.5409128665924072
train loss
0.6649811804294586
time: 1.5387029647827148
train loss
0.6653642416000366
time: 1.5434794425964355
train loss
0.6643808066844941
time: 1.5410139560699463
train loss
0.6655932784080505
time: 1.5436253547668457
train loss
0.6658153176307678
time: 1.5416488647460938
train loss
0.6658836305141449
time: 1.5413484573364258
train loss
0.6663087606430054
time: 1.5403358936309814
train loss
0.6667263209819794
time: 1.541712999343872
train loss
0.6661838531494141
test loss
0.05343528166413307
inf
time: 1.5425341129302979
train loss
0.6662025153636932
time: 1.5450356006622314
train loss
0.6655966103076935
time: 1.543809175491333
train loss
0.6669708728790283
time: 1.5405018329620361
train loss
0.6688242256641388
time: 1.5463404655456543
train loss
0.6682220935821533
time: 1.5405991077423096
train loss
0.6679426252841949
time: 1.5417776107788086
train loss
0.6663996160030365
time: 1.5369443893432617
train loss
0.6671089828014374
time: 1.540126085281372
train loss
0.6684123039245605
time: 1.5417261123657227
train loss
0.6688701689243317
test loss
0.0535299114882946
inf
time: 1.5418791770935059
train loss
0.6742645502090454
time: 1.5409176349639893
train loss
0.6694271028041839
time: 1.5441877841949463
train loss
0.6696899712085724
time: 1.5414879322052002
train loss
0.671389901638031
time: 1.5404880046844482
train loss
0.6793639838695527
time: 1.538257360458374
train loss
0.6812834203243255
time: 1.5387797355651855
train loss
0.6822466433048249
time: 1.542968511581421
train loss
0.6835281610488891
time: 1.5405864715576172
train loss
0.6766769349575043
time: 1.5458166599273682
train loss
0.671294105052948
test loss
0.05348946005105972
inf
time: 1.544044017791748
train loss
0.6697152853012085
time: 1.5422892570495605
train loss
0.6681156814098358
time: 1.5458362102508545
train loss
0.6666032373905182
time: 1.5402770042419434
train loss
0.6649084031581879
time: 1.5392775535583496
train loss
0.6650223791599273
time: 1.541092872619629
train loss
0.6647365868091584
time: 1.5389392375946045
train loss
0.6653357803821563
time: 1.5413496494293213
train loss
0.6649572253227234
time: 1.542273998260498
train loss
0.6644234240055085
time: 1.540778398513794
train loss
0.664332240819931
test loss
0.05304681733250618
inf
/pscratch/sd/g/gzhao27/INR/SOMA/2024-12-10SOMA-inr_w020_ld180.pt
time: 1.540757417678833
train loss
0.6644733309745788
time: 1.5432071685791016
train loss
0.6638135194778443
time: 1.545952320098877
train loss
0.6655881583690644
time: 1.5525479316711426
train loss
0.6648780286312104
time: 1.5534741878509521
train loss
0.6651613235473632
time: 1.5523452758789062
train loss
0.6659659266471862
time: 1.5521354675292969
train loss
0.6667508602142334
time: 1.5450072288513184
train loss
0.6666042089462281
time: 1.5414042472839355
train loss
0.6673235416412353
time: 1.5431733131408691
train loss
0.6701218366622925
test loss
0.05343577042222023
inf
time: 1.5457189083099365
train loss
0.6698737800121307
time: 1.5458357334136963
train loss
0.6718810796737671
time: 1.54429030418396
train loss
0.6715464949607849
time: 1.5411982536315918
train loss
0.67811399102211
time: 1.5433835983276367
train loss
0.6854166209697723
time: 1.5402312278747559
train loss
0.6930118680000306
time: 1.5413475036621094
train loss
0.7229633927345276
time: 1.5391979217529297
train loss
0.716246348619461
time: 1.541447401046753
train loss
0.7261219561100006
time: 1.5438437461853027
train loss
0.707485032081604
test loss
0.05454917401075363
inf
time: 1.541454792022705
train loss
0.6917741298675537
time: 1.538006067276001
train loss
0.6944404780864716
time: 1.545534610748291
train loss
0.7005530059337616
time: 1.5432019233703613
train loss
0.703253173828125
time: 1.5412535667419434
train loss
0.690965723991394
time: 1.5453767776489258
train loss
0.6804241359233856
time: 1.539402961730957
train loss
0.6788540840148926
time: 1.5430676937103271
train loss
0.6739595055580139
time: 1.5406863689422607
train loss
0.6706860899925232
time: 1.5459954738616943
train loss
0.6698814392089844
test loss
0.05338568761944771
inf
time: 1.542405605316162
train loss
0.6691932618618012
time: 1.5436782836914062
train loss
0.6678337574005127
time: 1.5445225238800049
train loss
0.6675398230552674
time: 1.540924310684204
train loss
0.6668695211410522
time: 1.5411455631256104
train loss
0.666000372171402
time: 1.5413167476654053
train loss
0.6661198079586029
time: 1.5433168411254883
train loss
0.6665274322032928
time: 1.5416216850280762
train loss
0.6661032676696778
time: 1.5438969135284424
train loss
0.6660817325115204
time: 1.5442414283752441
train loss
0.6655551195144653
test loss
0.053168369084596635
inf
time: 1.5444056987762451
train loss
0.6657734870910644
time: 1.543713092803955
train loss
0.6654261231422425
time: 1.552401065826416
train loss
0.6658247888088227
time: 1.5446803569793701
train loss
0.6663668096065521
time: 1.5445315837860107
train loss
0.6664480924606323
time: 1.543379306793213
train loss
0.6656658113002777
time: 1.5452709197998047
train loss
0.6654438376426697
time: 1.5437133312225342
train loss
0.6655564248561859
time: 1.543114423751831
train loss
0.6652351200580597
time: 1.5432493686676025
train loss
0.6654522895812989
test loss
0.05315927267074585
inf
time: 1.542445182800293
train loss
0.6645809352397919
time: 1.5450208187103271
train loss
0.6638899445533752
time: 1.5417280197143555
train loss
0.6633461892604828
time: 1.5419514179229736
train loss
0.6631659626960754
time: 1.539433479309082
train loss
0.6642901659011841
time: 1.5436325073242188
train loss
0.6652735054492951
time: 1.545600414276123
train loss
0.6656756699085236
time: 1.5435521602630615
train loss
0.6660890400409698
time: 1.5460574626922607
train loss
0.668658298254013
time: 1.5459709167480469
train loss
0.6859529554843903
test loss
0.05504681840538979
inf
time: 1.5437359809875488
train loss
0.6917234241962433
time: 1.542435884475708
train loss
0.6940823853015899
time: 1.5412814617156982
train loss
0.6894778370857239
time: 1.5451297760009766
train loss
0.6800513744354248
time: 1.546215295791626
train loss
0.6811354279518127
time: 1.5482041835784912
train loss
0.6786962151527405
time: 1.5547568798065186
train loss
0.6756990015506744
time: 1.5484042167663574
train loss
0.6713325440883636
time: 1.5522935390472412
train loss
0.6682182133197785
time: 1.5563230514526367
train loss
0.6665697634220124
test loss
0.05344766229391098
inf
time: 1.5531666278839111
train loss
0.6663718163967133
time: 1.5563287734985352
train loss
0.6663793385028839
time: 1.5515658855438232
train loss
0.6657473564147949
time: 1.5418107509613037
train loss
0.6653610646724701
time: 2.3313984870910645
train loss
0.6642841219902038
time: 1.8619904518127441
train loss
0.6644098103046417
time: 1.5602681636810303
train loss
0.6649189114570617
time: 1.7241127490997314
train loss
0.6651677012443542
time: 1.5612916946411133
train loss
0.6662140250205993
time: 1.5572502613067627
train loss
0.6681568801403046
test loss
0.053258948028087616
inf
time: 1.5869295597076416
train loss
0.6677632451057434
time: 1.546678066253662
train loss
0.6681359231472015
time: 1.5554537773132324
train loss
0.6684270441532135
time: 4.456987142562866
train loss
0.6709360241889953
time: 8.555418968200684
train loss
0.6679160237312317
time: 3.774796962738037
train loss
0.6718731760978699
time: 1.5492279529571533
train loss
0.6823778688907624
time: 1.5556907653808594
train loss
0.6925164878368377
time: 1.5636003017425537
train loss
0.6960070490837097
time: 1.5611858367919922
train loss
0.684273487329483
test loss
0.05408134683966637
inf
time: 1.5546646118164062
train loss
0.6784326612949372
time: 1.5566520690917969
train loss
0.6718155264854431
time: 1.5596277713775635
train loss
0.6678093552589417
time: 1.5614569187164307
train loss
0.6677284896373749
time: 1.5611400604248047
train loss
0.6657510578632355
time: 1.5593245029449463
train loss
0.666209203004837
time: 1.5596051216125488
train loss
0.6657313048839569
time: 1.5611357688903809
train loss
0.6647970914840698
time: 1.5576457977294922
train loss
0.6640498340129852
time: 1.5597121715545654
train loss
0.6634230017662048
test loss
0.053087639063596724
inf
time: 1.5534074306488037
train loss
0.6638529121875762
time: 1.5463712215423584
train loss
0.663971996307373
time: 1.5483787059783936
train loss
0.665839433670044
time: 1.544701337814331
train loss
0.6665922701358795
time: 1.547696828842163
train loss
0.6651601493358612
time: 1.546539545059204
train loss
0.6639545321464538
time: 1.5450479984283447
train loss
0.6647675275802613
time: 1.5435938835144043
train loss
0.664757376909256
time: 1.5462141036987305
train loss
0.6654148101806641
time: 1.550804615020752
train loss
0.6647606313228607
test loss
0.053377041965723036
inf
time: 1.5448598861694336
train loss
0.6655042588710784
time: 1.544463872909546
train loss
0.6667447984218597
time: 1.5446622371673584
train loss
0.666295337677002
time: 1.5466382503509521
train loss
0.6651446282863617
time: 1.5440242290496826
train loss
0.6648697078227996
time: 1.5477685928344727
train loss
0.6649002730846405
time: 1.5488522052764893
train loss
0.6658394753932952
time: 1.5486998558044434
train loss
0.6661131978034973
time: 1.5456278324127197
train loss
0.6638769447803498
time: 1.5505588054656982
train loss
0.6634215950965882
test loss
0.05297274366021156
inf
/pscratch/sd/g/gzhao27/INR/SOMA/2024-12-10SOMA-inr_w020_ld180.pt
time: 1.55171537399292
train loss
0.6634669184684754
time: 1.5462422370910645
train loss
0.663774162530899
time: 1.551424503326416
train loss
0.6636087656021118
time: 1.5432662963867188
train loss
0.6644365668296814
time: 1.544835090637207
train loss
0.6650736093521118
time: 1.549084186553955
train loss
0.6680772066116333
time: 1.5505166053771973
train loss
0.6672111988067627
time: 1.5507385730743408
train loss
0.6663892805576325
time: 1.5523998737335205
train loss
0.6665439426898956
time: 1.5431146621704102
train loss
0.6689488291740417
test loss
0.053338573127985
inf
time: 1.542654275894165
train loss
0.672189599275589
time: 1.5436391830444336
train loss
0.671370804309845
time: 1.5504446029663086
train loss
0.6728704273700714
time: 1.54325270652771
train loss
0.6729216635227203
time: 1.5421993732452393
train loss
0.70588139295578
time: 1.5400784015655518
train loss
0.7040832042694092
time: 1.5399701595306396
train loss
0.7004347026348114
time: 1.5419261455535889
train loss
0.6895882546901703
time: 1.5479891300201416
train loss
0.6924302220344544
time: 1.5556602478027344
train loss
0.7000721156597137
test loss
0.055293703079223634
inf
time: 1.5562191009521484
train loss
0.6985430598258973
time: 1.5543346405029297
train loss
0.6832645654678344
time: 1.5541222095489502
train loss
0.6747761249542237
time: 1.5566532611846924
train loss
0.6721788585186005
time: 1.5549519062042236
train loss
0.6701729238033295
time: 1.5562806129455566
train loss
0.6686310529708862
time: 1.5557262897491455
train loss
0.6670707523822784
time: 1.5537240505218506
train loss
0.6660070657730103
time: 1.5545318126678467
train loss
0.6651573896408081
time: 1.5562222003936768
train loss
0.6655396282672882
test loss
0.05318305864930153
inf
time: 1.5540587902069092
train loss
0.6667235851287842
time: 1.5556793212890625
train loss
0.6652203857898712
time: 1.554757833480835
train loss
0.6650381505489349
time: 1.5549092292785645
train loss
0.664616322517395
time: 1.5559923648834229
train loss
0.6653055727481842
time: 1.5547287464141846
train loss
0.6642760574817658
time: 1.552586317062378
train loss
0.6651816010475159
time: 1.5525178909301758
train loss
0.6684192955493927
time: 1.5534083843231201
train loss
0.6699066400527954
time: 1.5545763969421387
train loss
0.668770432472229
test loss
0.0533279113471508
inf
time: 1.5540776252746582
train loss
0.66814204454422
time: 1.556973934173584
train loss
0.6667645812034607
time: 1.5579297542572021
train loss
0.665407371520996
time: 1.5546925067901611
train loss
0.6639722406864166
time: 1.5526096820831299
train loss
0.6640243113040925
time: 1.5465500354766846
train loss
0.664571213722229
time: 1.5440759658813477
train loss
0.6647420346736908
time: 1.5431139469146729
train loss
0.6649050533771514
time: 1.5436289310455322
train loss
0.6640430688858032
time: 1.545851469039917
train loss
0.6643346846103668
test loss
0.053205735981464386
inf
time: 1.5454492568969727
train loss
0.6654656887054443
time: 1.5555751323699951
train loss
0.6658073008060456
time: 1.5517406463623047
train loss
0.6659410715103149
time: 1.5516743659973145
train loss
0.6663968086242675
time: 1.5533745288848877
train loss
0.6678807616233826
time: 1.5535426139831543
train loss
0.669487327337265
time: 1.5555944442749023
train loss
0.6719575464725495
time: 1.5426571369171143
train loss
0.6942962050437927
time: 1.5403058528900146
train loss
0.6978063702583313
time: 1.5450618267059326
train loss
0.703773844242096
test loss
0.05583660751581192
inf
time: 1.5443775653839111
train loss
0.710908317565918
time: 1.543205976486206
train loss
0.7152078330516816
time: 1.5425140857696533
train loss
0.7266557037830352
time: 1.5456554889678955
train loss
0.7127577722072601
time: 1.5423119068145752
train loss
0.6955201625823975
time: 1.5426981449127197
train loss
0.68613001704216
time: 1.5432579517364502
train loss
0.6865287780761719
time: 1.5426700115203857
train loss
0.6844881117343903
time: 1.5426702499389648
train loss
0.6804732799530029
time: 1.5426948070526123
train loss
0.6750295639038086
test loss
0.053406932204961774
inf
time: 1.5438883304595947
train loss
0.6727948546409607
time: 1.5418322086334229
train loss
0.6733835577964783
time: 1.5431013107299805
train loss
0.6704704165458679
time: 1.5429701805114746
train loss
0.6678815484046936
time: 1.5449440479278564
train loss
0.6672018468379974
time: 1.5455853939056396
train loss
0.6652954339981079
time: 1.543860673904419
train loss
0.6654714345932007
time: 1.5404210090637207
train loss
0.6659210443496704
time: 1.5397613048553467
train loss
0.6651760995388031
time: 1.545877456665039
train loss
0.665103155374527
test loss
0.05320431217551232
inf
time: 1.5429980754852295
train loss
0.665815007686615
time: 1.5446934700012207
train loss
0.6658597707748413
time: 1.542830228805542
train loss
0.6658232271671295
time: 1.542860984802246
train loss
0.6652513682842255
time: 1.541839838027954
train loss
0.6662001669406891
time: 1.544574499130249
train loss
0.665935480594635
time: 1.5434529781341553
train loss
0.6653450191020965
time: 1.5423500537872314
train loss
0.6652422189712525
time: 1.5432264804840088
train loss
0.6653721392154693
time: 1.5439352989196777
train loss
0.6643320798873902
test loss
0.05303976014256477
inf
time: 1.5435595512390137
train loss
0.6638423681259156
time: 1.5458769798278809
train loss
0.6634414851665497
time: 1.5418245792388916
train loss
0.6645538151264191
time: 1.5436158180236816
train loss
0.6644369542598725
time: 1.5451750755310059
train loss
0.6633564949035644
time: 1.5433025360107422
train loss
0.6635658085346222
time: 1.5448634624481201
train loss
0.6631677687168122
time: 1.5402781963348389
train loss
0.6637429416179657
time: 1.5475029945373535
train loss
0.6650986433029175
time: 1.5542051792144775
train loss
0.6648697435855866
test loss
0.05309375002980232
inf
time: 1.5446765422821045
train loss
0.6648607373237609
time: 1.541161060333252
train loss
0.664819985628128
time: 1.5456900596618652
train loss
0.6686764240264893
time: 1.548522710800171
train loss
0.6735497713088989
time: 1.553783893585205
train loss
0.6840442836284637
time: 1.5531017780303955
train loss
0.6927108466625214
time: 1.5526525974273682
train loss
0.6928346335887909
time: 1.555957317352295
train loss
0.6805890262126922
time: 1.554959774017334
train loss
0.6782731473445892
time: 1.5440540313720703
train loss
0.680299174785614
test loss
0.05395599454641342
inf
time: 1.5400922298431396
train loss
0.675850111246109
time: 1.5405755043029785
train loss
0.6701305031776428
time: 1.5451340675354004
train loss
0.6674550294876098
time: 1.5437166690826416
train loss
0.6651475548744201
time: 1.540332317352295
train loss
0.6649896442890167
time: 1.541212558746338
train loss
0.6645417809486389
time: 1.5427565574645996
train loss
0.6672551989555359
time: 1.5420961380004883
train loss
0.6671602129936218
time: 1.5420787334442139
train loss
0.6659151256084442
time: 1.5435118675231934
train loss
0.6665023922920227
test loss
0.05310811623930931
inf
time: 1.5423219203948975
train loss
0.6660072028636932
time: 1.5425305366516113
train loss
0.6653233826160431
time: 1.5434672832489014
train loss
0.6650860846042633
time: 1.5505833625793457
train loss
0.6642375826835633
time: 1.5515689849853516
train loss
0.6642138183116912
time: 1.552947998046875
train loss
0.6638462543487549
time: 1.5559349060058594
train loss
0.6636261522769928
time: 1.5521936416625977
train loss
0.6644455373287201
time: 1.5548505783081055
train loss
0.6658638775348663
time: 1.5528736114501953
train loss
0.6660268902778625
test loss
0.0531435526907444
inf
time: 1.5564584732055664
train loss
0.665226548910141
time: 1.5522031784057617
train loss
0.6647734224796296
time: 1.5506477355957031
train loss
0.6648075580596924
time: 1.5542137622833252
train loss
0.6650406718254089
time: 1.5556023120880127
train loss
0.6661264777183533
time: 1.5545406341552734
train loss
0.6671239614486695
time: 1.5508136749267578
train loss
0.6723298132419586
time: 1.5514402389526367
train loss
0.672104275226593
time: 1.5431013107299805
train loss
0.6707046270370484
time: 1.5458669662475586
train loss
0.6724759638309479
test loss
0.053436662256717685
inf
time: 1.5454661846160889
train loss
0.6774572849273681
time: 1.5432612895965576
train loss
0.6896960198879242
time: 1.5452921390533447
train loss
0.6870102703571319
time: 1.541783332824707
train loss
0.6812764942646027
time: 1.5445833206176758
train loss
0.6814022660255432
time: 1.5429677963256836
train loss
0.6852380931377411
time: 1.5453410148620605
train loss
0.6930980026721955
time: 1.543367624282837
train loss
0.6843101620674134
time: 1.5437729358673096
train loss
0.6852572858333588
time: 1.5471408367156982
train loss
0.6779717922210693
test loss
0.05361219197511673
inf
time: 1.542414903640747
train loss
0.6744301438331604
time: 1.5525007247924805
train loss
0.6728147685527801
time: 1.5553760528564453
train loss
0.6700876474380493
time: 1.5562207698822021
train loss
0.6668059289455414
time: 1.5545029640197754
train loss
0.6651607871055603
time: 1.555619478225708
train loss
0.6644760012626648
time: 1.5557446479797363
train loss
0.6639361500740051
time: 1.5444772243499756
train loss
0.6635552823543549
time: 1.5452113151550293
train loss
0.6638330459594727
time: 1.548417091369629
train loss
0.6633600056171417
test loss
0.0533148005604744
inf
time: 1.5470404624938965
train loss
0.6648696720600128
time: 1.5441467761993408
train loss
0.6642611742019653
time: 1.543989658355713
train loss
0.6633697569370269
time: 1.5465424060821533
train loss
0.6637569010257721
time: 1.5430171489715576
train loss
0.6644093692302704
time: 1.5443103313446045
train loss
0.6648418605327606
time: 1.5435380935668945
train loss
0.6650281488895416
time: 1.54374098777771
train loss
0.6657057940959931
time: 1.544055461883545
train loss
0.6656316220760345
time: 1.5438666343688965
train loss
0.6684387028217316
test loss
0.05327858403325081
inf
time: 1.5443532466888428
train loss
0.6664543628692627
time: 1.543304681777954
train loss
0.6726020812988281
time: 1.5416347980499268
train loss
0.6753775775432587
time: 1.543123722076416
train loss
0.677946275472641
time: 1.5434575080871582
train loss
0.681464946269989
time: 1.5412676334381104
train loss
0.6974727094173432
time: 1.5421056747436523
train loss
0.6918777108192444
time: 1.5423285961151123
train loss
0.6964559137821198
time: 1.5403456687927246
train loss
0.7171310186386108
time: 1.543576717376709
train loss
0.7028495013713837
test loss
0.054855359345674516
inf
time: 1.5410056114196777
train loss
0.6922768115997314
time: 1.5423142910003662
train loss
0.6815360188484192
time: 1.5429401397705078
train loss
0.6756166100502015
time: 1.5423657894134521
train loss
0.6707827091217041
time: 1.54244065284729
train loss
0.6693116247653961
time: 1.5431554317474365
train loss
0.6668859541416168
time: 1.5409960746765137
train loss
0.6661332964897155
time: 1.5436105728149414
train loss
0.6656814515590668
time: 1.5480358600616455
train loss
0.6659844636917114
time: 1.5423986911773682
train loss
0.6657165706157684
test loss
0.05317799896001816
inf
time: 1.5477821826934814
train loss
0.664985078573227
time: 1.5510051250457764
train loss
0.6661103308200836
time: 1.549950122833252
train loss
0.6648541629314423
time: 1.5461015701293945
train loss
0.6652348160743713
time: 1.54351806640625
train loss
0.6645034670829773
time: 1.5433640480041504
train loss
0.6634153902530671
time: 1.5421462059020996
train loss
0.6636220037937164
time: 1.5432298183441162
train loss
0.6635008335113526
time: 1.5453648567199707
train loss
0.6646442413330078
time: 1.5432701110839844
train loss
0.6643017351627349
test loss
0.053079431504011156
inf
time: 1.5483407974243164
train loss
0.665307366847992
time: 1.544032335281372
train loss
0.6667851746082306
time: 1.5432610511779785
train loss
0.6671849071979523
time: 1.5408239364624023
train loss
0.6660322964191436
time: 1.5417163372039795
train loss
0.6662066340446472
time: 1.5410919189453125
train loss
0.6665897727012634
time: 1.5456037521362305
train loss
0.6658193707466126
time: 1.5416691303253174
train loss
0.6662841439247131
time: 1.5461058616638184
train loss
0.6787202954292297
time: 1.5450570583343506
train loss
0.6881746351718903
test loss
0.055230623483657836
inf
time: 1.5457658767700195
train loss
0.6902572393417359
time: 1.5455000400543213
train loss
0.6997213363647461
time: 1.54571533203125
train loss
0.7161398768424988
time: 1.543555498123169
train loss
0.7029332399368287
time: 1.5446522235870361
train loss
0.6930426776409149
time: 1.5419037342071533
train loss
0.711648291349411
time: 1.542318344116211
train loss
0.6991368949413299
time: 1.5452814102172852
train loss
0.6832208216190339
time: 1.5452182292938232
train loss
0.6760415971279145
time: 1.5481982231140137
train loss
0.6718433499336243
test loss
0.05342697501182556
inf
time: 1.5423896312713623
train loss
0.6685547411441803
time: 1.5420773029327393
train loss
0.6679858028888702
time: 1.542407512664795
train loss
0.6669607996940613
time: 1.543027400970459
train loss
0.66609987616539
time: 1.5423204898834229
train loss
0.6658491432666779
time: 1.5455443859100342
train loss
0.6655201852321625
time: 1.544926404953003
train loss
0.6661373496055603
time: 1.5446724891662598
train loss
0.6655922174453736
time: 1.5450689792633057
train loss
0.6644621968269349
time: 1.5433919429779053
train loss
0.6644334137439728
test loss
0.05318517535924912
inf
time: 1.5444319248199463
train loss
0.6644277095794677
time: 1.5440866947174072
train loss
0.6640231907367706
time: 1.543553352355957
train loss
0.6639629602432251
time: 1.5422837734222412
train loss
0.6646198093891144
time: 1.5413589477539062
train loss
0.6647899746894836
time: 1.541905403137207
train loss
0.6643137693405151
time: 1.5426301956176758
train loss
0.6651498377323151
time: 1.5472838878631592
train loss
0.666786003112793
time: 1.5435376167297363
train loss
0.667392885684967
time: 1.5438807010650635
train loss
0.6667396247386932
test loss
0.053128688037395476
inf
time: 1.541193962097168
train loss
0.6672004282474517
time: 1.5422673225402832
train loss
0.6657545328140259
time: 1.542785882949829
train loss
0.6655942738056183
time: 1.5434961318969727
train loss
0.6644573926925659
time: 1.5436532497406006
train loss
0.6632644712924958
time: 1.5464367866516113
train loss
0.6648784935474396
time: 1.5425212383270264
train loss
0.664698737859726
time: 1.543086051940918
train loss
0.6634362280368805
time: 1.544501543045044
train loss
0.6635608315467835
time: 1.5442235469818115
train loss
0.6626319408416748
test loss
0.052959436923265456
inf
/pscratch/sd/g/gzhao27/INR/SOMA/2024-12-10SOMA-inr_w020_ld180.pt
time: 1.5537245273590088
train loss
0.6627928614616394
time: 1.5435314178466797
train loss
0.6627357840538025
time: 1.543518304824829
train loss
0.6623821020126343
time: 1.5435781478881836
train loss
0.6628634214401246
time: 1.5430305004119873
train loss
0.6644581019878387
time: 1.5437898635864258
train loss
0.6656336128711701
time: 1.5461843013763428
train loss
0.6651433050632477
time: 1.5407180786132812
train loss
0.6664778053760528
time: 1.5440700054168701
train loss
0.6696547925472259
time: 1.5427875518798828
train loss
0.6690996527671814
test loss
0.0534051351249218
inf
time: 1.5461227893829346
train loss
0.6686441421508789
time: 1.54628324508667
train loss
0.6673547267913819
time: 1.5455796718597412
train loss
0.6648715555667877
time: 1.5436086654663086
train loss
0.6650265872478485
time: 1.54355788230896
train loss
0.6653126358985901
time: 1.5459566116333008
train loss
0.6654798686504364
time: 1.543083667755127
train loss
0.6649654328823089
time: 1.5438344478607178
train loss
0.6658918738365174
time: 1.5414583683013916
train loss
0.6666252613067627
time: 1.5448148250579834
train loss
0.6662310004234314
test loss
0.05333363115787506
inf
time: 1.5433344841003418
train loss
0.6646448075771332
time: 1.5430810451507568
train loss
0.6651281595230103
time: 1.5437285900115967
train loss
0.6742761850357055
time: 1.542670726776123
train loss
0.6765374064445495
time: 1.5452101230621338
train loss
0.6715327382087708
time: 1.5468072891235352
train loss
0.6868275582790375
time: 1.545483112335205
train loss
0.690974372625351
time: 1.5477776527404785
train loss
0.7021918654441833
time: 1.5438594818115234
train loss
0.7159486770629883
time: 1.544588327407837
train loss
0.7700848817825318
test loss
0.05953870117664337
inf
time: 1.541727066040039
train loss
0.7722905814647675
time: 1.5416862964630127
train loss
0.7820563852787018
time: 1.5439074039459229
train loss
0.7666053354740143
time: 1.542593240737915
train loss
0.8276166200637818
time: 1.5441126823425293
train loss
0.7993723332881928
time: 1.5431947708129883
train loss
0.7607939302921295
time: 1.5450925827026367
train loss
0.7567942678928375
time: 1.5442099571228027
train loss
0.7338991463184357
time: 1.545966386795044
train loss
0.724758404493332
time: 1.5419604778289795
train loss
0.708404666185379
test loss
0.05483101606369019
inf
time: 1.5426256656646729
train loss
0.6997105836868286
time: 1.5459847450256348
train loss
0.6924618184566498
time: 1.5449328422546387
train loss
0.6876405835151672
time: 1.5416371822357178
train loss
0.6845464825630188
time: 1.5443382263183594
train loss
0.6823724508285522
time: 1.5433883666992188
train loss
0.6835373878479004
time: 1.542971134185791
train loss
0.6839143335819244
time: 1.54343843460083
train loss
0.6810545146465301
time: 1.5456633567810059
train loss
0.6823970437049866
time: 1.5402913093566895
train loss
0.6795187711715698
test loss
0.05363049358129501
inf
time: 1.5402517318725586
train loss
0.676095986366272
time: 1.542280912399292
train loss
0.6750930309295654
time: 1.5419526100158691
train loss
0.6728608429431915
time: 1.5432744026184082
train loss
0.672077351808548
time: 1.5409061908721924
train loss
0.6712337970733643
time: 1.5426981449127197
train loss
0.6703092634677887
time: 1.5447077751159668
train loss
0.6700050115585328
time: 1.545145034790039
train loss
0.6699321150779725
time: 1.5437755584716797
train loss
0.6693175911903382
time: 1.5465216636657715
train loss
0.6691766440868377
test loss
0.05319074988365173
inf
time: 1.5434026718139648
train loss
0.6677972555160523
time: 1.543971300125122
train loss
0.6678702056407928
time: 1.548964500427246
train loss
0.6681981384754181
time: 1.5444297790527344
train loss
0.667275893688202
time: 1.5439012050628662
train loss
0.6672051012516022
time: 1.545987606048584
train loss
0.6680635988712311
time: 1.5413241386413574
train loss
0.6686063647270203
time: 1.5416209697723389
train loss
0.6678789138793946
time: 1.5410068035125732
train loss
0.6679123282432556
time: 1.5470247268676758
train loss
0.6684139370918274
test loss
0.05314135476946831
inf
time: 1.5443966388702393
train loss
0.6677109897136688
time: 1.5456161499023438
train loss
0.6660746157169342
time: 1.545154094696045
train loss
0.6655367195606232
time: 1.5438942909240723
train loss
0.665488737821579
time: 1.5435423851013184
train loss
0.6652547538280487
time: 1.5422768592834473
train loss
0.6669368386268616
time: 1.544189453125
train loss
0.6666029989719391
time: 1.5423893928527832
train loss
0.6662108361721039
time: 1.54581618309021
train loss
0.6670298159122467
time: 1.54518461227417
train loss
0.6658712208271027
test loss
0.05307829082012176
inf
time: 1.5418176651000977
train loss
0.665165263414383
time: 1.5448923110961914
train loss
0.6647377490997315
time: 1.543398380279541
train loss
0.6654162585735321
time: 1.5424370765686035
train loss
0.6652955412864685
time: 1.5439012050628662
train loss
0.664985066652298
time: 1.5442817211151123
train loss
0.6655740320682526
time: 1.5522825717926025
train loss
0.6666709423065186
time: 1.5523157119750977
train loss
0.6659807920455932
time: 1.5542500019073486
train loss
0.6663140058517456
time: 1.5541300773620605
train loss
0.6658258438110352
test loss
0.05310943350195885
inf
time: 1.5541996955871582
train loss
0.664629465341568
time: 1.5536565780639648
train loss
0.6640819251537323
time: 1.5523600578308105
train loss
0.6643856704235077
time: 1.554245948791504
train loss
0.6645305633544922
time: 1.554624080657959
train loss
0.6657246589660645
time: 1.5536162853240967
train loss
0.6650764405727386
time: 1.5542256832122803
train loss
0.6658267021179199
time: 1.5525908470153809
train loss
0.6657219111919404
time: 1.5510599613189697
train loss
0.6688208281993866
time: 1.5544326305389404
train loss
0.670249629020691
test loss
0.053378576785326
inf
time: 1.5548667907714844
train loss
0.667952299118042
time: 1.5537362098693848
train loss
0.6659926354885102
time: 1.5525717735290527
train loss
0.6643001973628998
time: 1.5527551174163818
train loss
0.6633712649345398
time: 1.5556983947753906
train loss
0.6631901919841766
time: 1.5488395690917969
train loss
0.664258998632431
time: 1.5427534580230713
train loss
0.6638896703720093
time: 1.543208122253418
train loss
0.6639970481395722
time: 1.5452170372009277
train loss
0.6639078974723815
time: 1.5432376861572266
train loss
0.6635898530483246
test loss
0.0530085489153862
inf
time: 1.5478250980377197
train loss
0.6639713048934937
time: 1.5445549488067627
train loss
0.6679700672626495
time: 1.5449461936950684
train loss
0.6686368703842163
time: 1.545797348022461
train loss
0.6708552360534668
time: 1.5443317890167236
train loss
0.6759831786155701
time: 1.540421962738037
train loss
0.6731344282627105
time: 1.5435712337493896
train loss
0.6739428043365479
time: 1.5412273406982422
train loss
0.6727681815624237
time: 1.5419707298278809
train loss
0.6752387404441833
time: 1.5423274040222168
train loss
0.6828164756298065
test loss
0.054776085913181304
inf
time: 1.5447547435760498
train loss
0.6971492111682892
time: 1.5433259010314941
train loss
0.6853687345981598
time: 1.5437567234039307
train loss
0.6749080359935761
time: 1.5434370040893555
train loss
0.6727507948875427
time: 1.545926809310913
train loss
0.670151686668396
time: 1.5457665920257568
train loss
0.6676067113876343
time: 1.5467514991760254
train loss
0.6657703757286072
time: 1.5467243194580078
train loss
0.6648219943046569
time: 1.5447719097137451
train loss
0.6646978378295898
time: 1.5550084114074707
train loss
0.6633592486381531
test loss
0.05317898467183113
inf
time: 1.5537962913513184
train loss
0.6633245706558227
time: 1.5549976825714111
train loss
0.6631013512611389
time: 1.5541274547576904
train loss
0.6626644253730773
time: 1.5554835796356201
train loss
0.663386482000351
time: 1.545945405960083
train loss
0.6638370633125306
time: 1.5465333461761475
train loss
0.6632258057594299
time: 1.5461578369140625
train loss
0.6629476726055146
time: 1.5493037700653076
train loss
0.6628419578075408
time: 1.5481326580047607
train loss
0.6627371668815613
time: 1.5463452339172363
train loss
0.6632317185401917
test loss
0.05301158130168915
inf
time: 1.5470819473266602
train loss
0.6633597075939178
time: 1.542388677597046
train loss
0.6637118577957153
time: 1.5434389114379883
train loss
0.6633969664573669
time: 1.5423805713653564
train loss
0.6627551645040513
time: 1.5416514873504639
train loss
0.6633796334266663
time: 1.5435783863067627
train loss
0.664984005689621
time: 1.5470385551452637
train loss
0.6672046065330506
time: 1.5438117980957031
train loss
0.6687771201133728
time: 1.5457594394683838
train loss
0.6743498802185058
time: 1.5469536781311035
train loss
0.6875720024108887
test loss
0.05453686639666557
inf
time: 1.5457613468170166
train loss
0.6950971603393554
time: 1.5458884239196777
train loss
0.6927607834339142
time: 1.5430562496185303
train loss
0.6957707583904267
time: 1.5420057773590088
train loss
0.6856965601444245
time: 1.5435004234313965
train loss
0.6789225041866302
time: 1.542248010635376
train loss
0.6787839770317078
time: 1.542144775390625
train loss
0.6747182846069336
time: 1.5437710285186768
train loss
0.6802877426147461
time: 1.544071912765503
train loss
0.676367175579071
time: 1.544494390487671
train loss
0.6725913763046265
test loss
0.05357403755187988
inf
time: 1.544224739074707
train loss
0.6695694744586944
time: 1.5447657108306885
train loss
0.6669143319129944
time: 1.5442745685577393
train loss
0.6650558948516846
time: 1.5425958633422852
train loss
0.6643643736839294
time: 1.5433638095855713
train loss
0.6635313808918
time: 1.5452618598937988
train loss
0.6638550400733948
time: 1.543407678604126
train loss
0.6636357009410858
time: 1.5417768955230713
train loss
0.6637364685535431
time: 1.5411608219146729
train loss
0.6630482494831085
time: 1.547642469406128
train loss
0.6631376564502716
test loss
0.05300893858075142
inf
time: 1.5410423278808594
train loss
0.6662198543548584
time: 1.5408844947814941
train loss
0.6662500381469727
time: 1.5442280769348145
train loss
0.6658113121986389
time: 1.542738676071167
train loss
0.6646785199642181
time: 1.545142650604248
train loss
0.6639602541923523
time: 1.5439863204956055
train loss
0.6639287948608399
time: 1.541905164718628
train loss
0.663790512084961
time: 1.552506685256958
train loss
0.6631755590438843
time: 1.5537402629852295
train loss
0.6633209407329559
time: 1.5540564060211182
train loss
0.6627453684806823
test loss
0.053014765679836276
inf
time: 1.555018663406372
train loss
0.6631305932998657
time: 1.5549421310424805
train loss
0.663084089756012
time: 1.5521249771118164
train loss
0.6628023445606231
time: 1.555128574371338
train loss
0.6625682771205902
time: 1.5518596172332764
train loss
0.6630293548107147
time: 1.5420353412628174
train loss
0.6624621689319611
time: 1.5435986518859863
train loss
0.6630202889442444
time: 1.5422744750976562
train loss
0.6623950660228729
time: 1.542675495147705
train loss
0.6630421817302704
time: 1.5474858283996582
train loss
0.6647708356380463
test loss
0.053113189339637754
inf
time: 1.5447204113006592
train loss
0.6652090728282929
time: 1.555204153060913
train loss
0.6662136197090149
time: 1.5557866096496582
train loss
0.6670852422714233
time: 1.5557012557983398
train loss
0.6701811373233795
time: 1.5541388988494873
train loss
0.6743509232997894
time: 1.5565123558044434
train loss
0.6786523342132569
time: 1.556713581085205
train loss
0.6834926843643189
time: 1.553614854812622
train loss
0.6817844927310943
time: 1.5551562309265137
train loss
0.6819825172424316
time: 1.553168773651123
train loss
0.7018425345420838
test loss
0.0561631977558136
inf
time: 1.5449795722961426
train loss
0.6968784153461456
time: 1.5446066856384277
train loss
0.6882011413574218
time: 1.5429580211639404
train loss
0.6956147193908692
time: 1.5482556819915771
train loss
0.6835778057575226
time: 1.5435218811035156
train loss
0.6763684749603271
time: 1.547692060470581
train loss
0.6778562307357788
time: 1.5470466613769531
train loss
0.6782088696956634
time: 1.5468881130218506
train loss
0.6708986639976502
time: 1.5467195510864258
train loss
0.6678089261054992
time: 1.5475728511810303
train loss
0.6657683253288269
test loss
0.05310237929224968
inf
time: 1.5461790561676025
train loss
0.6644612431526185
time: 1.5457653999328613
train loss
0.6655475735664368
time: 1.5463793277740479
train loss
0.6658295691013336
time: 1.5511682033538818
train loss
0.6662288904190063
time: 1.5546483993530273
train loss
0.6644310414791107
time: 1.5548744201660156
train loss
0.6642487466335296
time: 1.5559844970703125
train loss
0.6637142598628998
time: 1.5551602840423584
train loss
0.663049292564392
time: 1.5546932220458984
train loss
0.6627044320106507
time: 1.5558993816375732
train loss
0.6628719508647919
test loss
0.05300656631588936
inf
time: 1.5523223876953125
train loss
0.6640498876571655
time: 1.555027723312378
train loss
0.6639853239059448
time: 1.5532910823822021
train loss
0.6641027748584747
time: 1.5539829730987549
train loss
0.6636887073516846
time: 1.5524303913116455
train loss
0.6635818958282471
time: 1.554041862487793
train loss
0.6631921470165253
time: 1.552015781402588
train loss
0.663359409570694
time: 1.5556468963623047
train loss
0.6641151487827301
time: 1.5527918338775635
train loss
0.663629025220871
time: 1.552821159362793
train loss
0.6644923448562622
test loss
0.053045022487640384
inf
time: 1.5492167472839355
train loss
0.66417276263237
time: 1.5446767807006836
train loss
0.6649942338466645
time: 1.5423943996429443
train loss
0.6658571839332581
time: 1.5427513122558594
train loss
0.6677533209323883
time: 1.5419132709503174
train loss
0.6754633247852325
time: 1.544522762298584
train loss
0.672245466709137
time: 1.5418531894683838
train loss
0.6925337314605713
time: 1.5429067611694336
train loss
0.718818873167038
time: 1.5436339378356934
train loss
0.760734248161316
time: 1.5419678688049316
train loss
0.810798317193985
test loss
0.06035434901714325
inf
time: 1.540311336517334
train loss
0.7749458372592926
time: 1.5419542789459229
train loss
0.8141189277172088
time: 1.543074607849121
train loss
0.808563482761383
time: 1.5440690517425537
train loss
0.7754237830638886
time: 1.5424249172210693
train loss
0.7517175614833832
time: 1.5460901260375977
train loss
0.7280725777149201
time: 1.5414824485778809
train loss
0.7142594814300537
time: 1.5444974899291992
train loss
0.7008198618888855
time: 1.5456361770629883
train loss
0.6923503518104553
time: 1.5427956581115723
train loss
0.6866398930549622
test loss
0.053907209634780885
inf
time: 1.5415244102478027
train loss
0.6817760646343232
time: 1.5439536571502686
train loss
0.6801925837993622
time: 1.5455305576324463
train loss
0.6771156251430511
time: 1.5403234958648682
train loss
0.675053346157074
time: 1.5430967807769775
train loss
0.6744148671627045
time: 1.5425329208374023
train loss
0.6726018905639648
time: 1.5421574115753174
train loss
0.6711487233638763
time: 1.542067527770996
train loss
0.6713232874870301
time: 1.5454895496368408
train loss
0.6723103523254395
time: 1.5431675910949707
train loss
0.671200054883957
test loss
0.05326980054378509
inf
time: 1.5501785278320312
train loss
0.669816517829895
time: 1.5421607494354248
train loss
0.6691056549549103
time: 1.541508436203003
train loss
0.668153178691864
time: 1.5452353954315186
train loss
0.6674257159233093
time: 1.545849084854126
train loss
0.6673727750778198
time: 1.5452473163604736
train loss
0.667258757352829
time: 1.5412020683288574
train loss
0.6669171512126922
time: 1.5431509017944336
train loss
0.6676218152046204
time: 1.545093059539795
train loss
0.6678086221218109
time: 1.5502986907958984
train loss
0.6676766395568847
test loss
0.053064274787902835
inf
time: 1.5430421829223633
train loss
0.6666464030742645
time: 1.5521893501281738
train loss
0.6668358385562897
time: 1.5522208213806152
train loss
0.6657585620880127
time: 1.5556211471557617
train loss
0.6654985308647156
time: 1.5516765117645264
train loss
0.6644837498664856
time: 1.553704023361206
train loss
0.6648109138011933
time: 1.5523626804351807
train loss
0.6651592314243316
time: 1.5448880195617676
train loss
0.6652720510959625
time: 1.5424473285675049
train loss
0.6663287997245788
time: 1.5432844161987305
train loss
0.6655481994152069
test loss
0.053117059916257856
inf
time: 1.5456233024597168
train loss
0.6648390829563141
time: 1.5447802543640137
train loss
0.6663602590560913
time: 1.5492808818817139
train loss
0.6673696994781494
time: 1.5533151626586914
train loss
0.6673638105392456
time: 1.5516631603240967
train loss
0.666558301448822
time: 1.5499234199523926
train loss
0.665556526184082
time: 1.5518665313720703
train loss
0.6642388105392456
time: 1.5522420406341553
train loss
0.6651452243328094
time: 1.5435047149658203
train loss
0.6644204258918762
time: 1.5418789386749268
train loss
0.6641851246356965
test loss
0.05296553075313568
inf
time: 1.5561583042144775
train loss
0.6636669874191284
time: 1.5488286018371582
train loss
0.6639437675476074
time: 1.5403800010681152
train loss
0.664495724439621
time: 1.552704095840454
train loss
0.6650459945201874
time: 1.5525014400482178
train loss
0.6635313808918
time: 1.5540134906768799
train loss
0.6631449878215789
time: 1.5500245094299316
train loss
0.6642924070358276
time: 1.5526790618896484
train loss
0.6659364998340607
time: 1.555311679840088
train loss
0.667158430814743
time: 1.5536384582519531
train loss
0.6659907817840576
test loss
0.05308520719408989
inf
time: 1.5491063594818115
train loss
0.6649018049240112
time: 1.5437684059143066
train loss
0.6643354654312134
time: 1.5436787605285645
train loss
0.6641632914543152
time: 1.5446605682373047
train loss
0.6634605646133422
time: 1.543656587600708
train loss
0.6648053526878357
time: 1.5427110195159912
train loss
0.6649926483631134
time: 1.5422742366790771
train loss
0.6653450787067413
time: 1.5434353351593018
train loss
0.6644420742988586
time: 1.5437707901000977
train loss
0.6634540259838104
time: 1.5408055782318115
train loss
0.6641789674758911
test loss
0.05315743163228035
inf
time: 1.5398578643798828
train loss
0.6642662227153778
time: 1.53743577003479
train loss
0.6633877158164978
time: 1.54030179977417
train loss
0.6642526984214783
time: 1.5386216640472412
train loss
0.6661673009395599
time: 1.5406243801116943
train loss
0.6649428606033325
time: 1.5421216487884521
train loss
0.6633219957351685
time: 1.5383732318878174
train loss
0.6629320919513703
time: 1.544198989868164
train loss
0.6623134195804596
time: 1.543041706085205
train loss
0.6655324876308442
time: 1.5442824363708496
train loss
0.6710217535495758
test loss
0.05367353409528732
inf
time: 1.5429036617279053
train loss
0.6703513562679291
time: 1.5452818870544434
train loss
0.6677717864513397
time: 1.541900873184204
train loss
0.6660790622234345
time: 1.5422818660736084
train loss
0.6643098592758179
time: 1.5439305305480957
train loss
0.6629993319511414
time: 1.5441815853118896
train loss
0.6635896146297455
time: 1.5424165725708008
train loss
0.6631540417671203
time: 1.5425441265106201
train loss
0.6627259016036987
time: 1.5442945957183838
train loss
0.6640155851840973
time: 1.5447413921356201
train loss
0.6648779273033142
test loss
0.05336040556430817
inf
time: 1.540003776550293
train loss
0.6656855940818787
time: 1.5426790714263916
train loss
0.6678580164909362
time: 1.5416975021362305
train loss
0.6743690192699432
time: 1.5402672290802002
train loss
0.6847174346446991
time: 1.5408251285552979
train loss
0.6777095675468445
time: 1.5397672653198242
train loss
0.6824686765670777
time: 1.5400080680847168
train loss
0.6832851886749267
time: 1.5392892360687256
train loss
0.6804382026195526
time: 1.54146146774292
train loss
0.682297307252884
time: 1.5434179306030273
train loss
0.673699152469635
test loss
0.05348006635904312
inf
time: 1.5441241264343262
train loss
0.6704394698143006
time: 1.5439794063568115
train loss
0.6727083802223206
time: 1.542450189590454
train loss
0.6692977964878082
time: 1.5431735515594482
train loss
0.667392760515213
time: 1.5428016185760498
train loss
0.665568608045578
time: 1.5468194484710693
train loss
0.6648908495903015
time: 1.5516438484191895
train loss
0.6636195659637452
time: 1.5514411926269531
train loss
0.6630748033523559
time: 1.5529921054840088
train loss
0.6630700528621674
time: 1.5517661571502686
train loss
0.6636127531528473
test loss
0.052999920397996905
nan
time: 1.5509188175201416
train loss
0.6626433253288269
time: 1.5550644397735596
train loss
0.6627105116844177
time: 1.552598476409912
train loss
0.6625146448612214
time: 1.552238941192627
train loss
0.6622836112976074
time: 1.5549719333648682
train loss
0.6634529829025269
time: 1.5557670593261719
train loss
0.6627763271331787
time: 1.5477025508880615
train loss
0.6624342024326324
time: 1.54359769821167
train loss
0.6633117616176605
time: 1.541473150253296
train loss
0.66321502327919
time: 1.5444831848144531
train loss
0.6642313063144684
test loss
0.05302227139472961
inf
time: 1.5425958633422852
train loss
0.6633159995079041
time: 1.5409979820251465
train loss
0.6639982044696808
time: 1.543565034866333
train loss
0.6670181274414062
time: 1.5422329902648926
train loss
0.6674541532993317
time: 1.5406513214111328
train loss
0.6673378884792328
time: 1.5439355373382568
train loss
0.6711945831775665
time: 1.5391950607299805
train loss
0.6735533177852631
time: 1.5425312519073486
train loss
0.6716310024261475
time: 1.5416126251220703
train loss
0.6680276453495025
time: 1.548649787902832
train loss
0.6680531859397888
test loss
0.05327727198600769
inf
time: 1.5526697635650635
train loss
0.6711807250976562
time: 1.5524940490722656
train loss
0.6702215194702148
time: 1.5525262355804443
train loss
0.6709979593753814
time: 1.5552961826324463
train loss
0.6733305811882019
time: 1.5518889427185059
train loss
0.6739589452743531
time: 1.5519530773162842
train loss
0.6685657382011414
time: 1.5525877475738525
train loss
0.6656762480735778
time: 1.5539250373840332
train loss
0.6652031183242798
time: 1.5554018020629883
train loss
0.6656012892723083
time: 1.5539486408233643
train loss
0.6643386602401733
test loss
0.05311358422040939
inf
time: 1.5548481941223145
train loss
0.6635015308856964
time: 1.5532007217407227
train loss
0.6630587637424469
time: 1.5533742904663086
train loss
0.6631304860115051
time: 1.55391263961792
train loss
0.66356942653656
time: 1.5556986331939697
train loss
0.6632073044776916
time: 1.5544872283935547
train loss
0.6637002229690552
time: 1.5537984371185303
train loss
0.6633990168571472
time: 1.5544424057006836
train loss
0.6630691528320313
time: 1.5538852214813232
train loss
0.6631593644618988
time: 1.5557539463043213
train loss
0.6647273540496826
test loss
0.053092089295387265
inf
time: 1.552797794342041
train loss
0.6631753385066986
time: 1.5549418926239014
train loss
0.6625391811132431
time: 1.553598403930664
train loss
0.6632195830345153
time: 1.5545578002929688
train loss
0.6641554713249207
time: 1.5513145923614502
train loss
0.6627882242202758
time: 1.5538132190704346
train loss
0.6627530634403229
time: 1.5544917583465576
train loss
0.6665781259536743
time: 1.5558109283447266
train loss
0.6658745288848877
time: 1.5531411170959473
train loss
0.6681960344314575
time: 1.553337812423706
train loss
0.6739898383617401
test loss
0.053774169832468036
inf
time: 1.552802562713623
train loss
0.6755360722541809
time: 1.5519764423370361
train loss
0.6777125835418701
time: 1.5525457859039307
train loss
0.680035400390625
time: 1.5555853843688965
train loss
0.7160279035568238
time: 1.556304931640625
train loss
0.7341628074645996
time: 1.5533111095428467
train loss
0.7347326755523682
time: 1.553856611251831
train loss
0.7284953415393829
time: 1.553079605102539
train loss
0.7106947124004364
time: 1.5518953800201416
train loss
0.7036372423171997
time: 1.552306890487671
train loss
0.6855282306671142
test loss
0.05378306657075882
inf
time: 1.5538339614868164
train loss
0.6924590408802033
time: 1.5539567470550537
train loss
0.7145099401473999
time: 1.5547869205474854
train loss
0.6983588337898254
time: 1.5544764995574951
train loss
0.6827357292175293
time: 1.554089069366455
train loss
0.6784842073917389
time: 1.5574719905853271
train loss
0.6767678499221802
time: 1.5535478591918945
train loss
0.6748911142349243
time: 1.551544427871704
train loss
0.6696785271167756
time: 1.55165696144104
train loss
0.6671983063220978
time: 1.5539939403533936
train loss
0.6662528872489929
test loss
0.053049827367067336
inf
time: 1.5534942150115967
train loss
0.6652725994586944
time: 1.550018072128296
train loss
0.664484703540802
time: 1.5532968044281006
train loss
0.6652867674827576
time: 1.5530006885528564
train loss
0.6679381489753723
time: 1.5543558597564697
train loss
0.6694735527038574
time: 1.5549027919769287
train loss
0.6677842795848846
time: 1.5532920360565186
train loss
0.6670685052871704
time: 1.5543875694274902
train loss
0.6659053444862366
time: 1.5536072254180908
train loss
0.6650431215763092
time: 1.5553934574127197
train loss
0.6644018471240998
test loss
0.0530722439289093
inf
time: 1.5548961162567139
train loss
0.6639699518680573
time: 1.5538322925567627
train loss
0.6639477908611298
time: 1.5539250373840332
train loss
0.6635510504245759
time: 1.5516667366027832
train loss
0.6631842195987702
time: 1.5538814067840576
train loss
0.6632099270820617
time: 1.5541090965270996
train loss
0.6644018769264222
time: 1.555938482284546
train loss
0.6629489541053772
time: 1.5544183254241943
train loss
0.6633657038211822
time: 1.5516352653503418
train loss
0.6637618720531464
time: 1.5546364784240723
train loss
0.6642511188983917
test loss
0.05298549309372902
inf
time: 1.5553534030914307
train loss
0.6638436734676361
time: 1.5537829399108887
train loss
0.6638796329498291
time: 1.5537173748016357
train loss
0.6633072614669799
time: 1.5536611080169678
train loss
0.6624312818050384
time: 1.553055763244629
train loss
0.6626376569271087
time: 1.554551362991333
train loss
0.6632997870445252
time: 1.5520315170288086
train loss
0.6669770121574402
time: 1.5505635738372803
train loss
0.6685576617717743
time: 1.5522642135620117
train loss
0.6725747585296631
time: 1.5530378818511963
train loss
0.6713946163654327
test loss
0.05349670052528381
inf
time: 1.5552983283996582
train loss
0.6727335691452027
time: 1.5542149543762207
train loss
0.6721219897270203
time: 1.5537800788879395
train loss
0.6681482195854187
time: 1.5528934001922607
train loss
0.6660390615463256
time: 1.5518810749053955
train loss
0.664670753479004
time: 1.5524060726165771
train loss
0.6634991884231567
time: 1.5533854961395264
train loss
0.6631271600723266
time: 1.5541260242462158
train loss
0.6629675626754761
time: 1.5569660663604736
train loss
0.6616888225078583
time: 1.5529820919036865
train loss
0.6619308292865753
test loss
0.052802161872386934
inf
/pscratch/sd/g/gzhao27/INR/SOMA/2024-12-10SOMA-inr_w020_ld180.pt
time: 1.5429716110229492
train loss
0.6625183582305908
time: 1.5435960292816162
train loss
0.6633815944194794
time: 1.552234172821045
train loss
0.6641296446323395
time: 1.5517067909240723
train loss
0.6635035037994385
time: 1.5531408786773682
train loss
0.6633428871631623
time: 1.5533859729766846
train loss
0.6635947406291962
time: 1.5545811653137207
train loss
0.6655206680297852
time: 1.5526082515716553
train loss
0.6655312478542328
time: 1.5535950660705566
train loss
0.6648653268814086
time: 1.5539486408233643
train loss
0.6642134249210357
test loss
0.053066599369049075
inf
time: 1.5548646450042725
train loss
0.6644742250442505
time: 1.5530014038085938
train loss
0.6637297391891479
time: 1.5526127815246582
train loss
0.6623288512229919
time: 1.551591157913208
train loss
0.662307721376419
time: 1.5540039539337158
train loss
0.6625918686389923
time: 1.5535528659820557
train loss
0.6617163419723511
time: 1.5535321235656738
train loss
0.6627412915229798
time: 1.5524625778198242
train loss
0.6627106428146362
time: 1.5526232719421387
train loss
0.661707878112793
time: 1.555034875869751
train loss
0.6622350990772248
test loss
0.053082242608070374
inf
time: 1.5543489456176758
train loss
0.66246337890625
time: 1.5530493259429932
train loss
0.6627035081386566
time: 1.5559372901916504
train loss
0.6620302021503448
time: 1.5496797561645508
train loss
0.6620360136032104
time: 1.553579330444336
train loss
0.6633174538612365
time: 1.5559024810791016
train loss
0.6638332307338715
time: 1.5530915260314941
train loss
0.6622536242008209
time: 1.554426908493042
train loss
0.6643534302711487
time: 1.5545737743377686
train loss
0.6653782784938812
time: 1.5523855686187744
train loss
0.6657568395137787
test loss
0.053417079895734784
inf
time: 1.553593635559082
train loss
0.6680707335472107
time: 1.5525877475738525
train loss
0.6724165797233581
time: 1.551239252090454
train loss
0.6812388122081756
time: 1.552673578262329
train loss
0.7066951334476471
time: 1.5517160892486572
train loss
0.7537212908267975
time: 1.5522375106811523
train loss
0.7870322823524475
time: 1.5549769401550293
train loss
0.8060063421726227
time: 1.553030252456665
train loss
0.8474503576755523
time: 1.5540950298309326
train loss
0.7971429228782654
time: 1.5568604469299316
train loss
0.7623711168766022
test loss
0.056835304200649264
inf
time: 1.5507607460021973
train loss
0.7334140777587891
time: 1.555208683013916
train loss
0.7231972634792327
time: 1.5531470775604248
train loss
0.7096639215946198
time: 1.5538699626922607
train loss
0.6982646107673645
time: 1.5539777278900146
train loss
0.6917480587959289
time: 1.5537452697753906
train loss
0.6869151830673218
time: 1.5555109977722168
train loss
0.6837805449962616
time: 1.5550618171691895
train loss
0.6805250465869903
time: 1.550935983657837
train loss
0.6782978057861329
time: 1.5558695793151855
train loss
0.6783217191696167
test loss
0.053774745762348176
inf
time: 1.55159330368042
train loss
0.6780076384544372
time: 1.5533108711242676
train loss
0.675457888841629
time: 1.554109811782837
train loss
0.6738470792770386
time: 1.5520853996276855
train loss
0.6730048537254334
time: 1.5532522201538086
train loss
0.673554003238678
time: 1.5548148155212402
train loss
0.6730405509471893
time: 1.5531096458435059
train loss
0.6714390873908996
time: 1.5534934997558594
train loss
0.6713984727859497
time: 1.5541775226593018
train loss
0.670723295211792
time: 1.5549712181091309
train loss
0.6697767913341522
test loss
0.05319704934954643
inf
time: 1.5553500652313232
train loss
0.6688610017299652
time: 1.5532982349395752
train loss
0.6683190584182739
time: 1.5553739070892334
train loss
0.6671634614467621
time: 1.5569241046905518
train loss
0.667311018705368
time: 1.5556304454803467
train loss
0.66698659658432
time: 1.5576202869415283
train loss
0.6668490648269654
time: 1.5542662143707275
train loss
0.6665065944194793
time: 1.5564682483673096
train loss
0.6689519584178925
time: 1.5558278560638428
train loss
0.667643791437149
time: 1.555901288986206
train loss
0.6668298482894898
test loss
0.05321779027581215
inf
time: 1.5538628101348877
train loss
0.6684679090976715
time: 1.5542383193969727
train loss
0.6696552991867065
time: 1.5446128845214844
train loss
0.6720318973064423
time: 1.545738697052002
train loss
0.6728596448898315
time: 1.5468127727508545
train loss
0.6713898837566376
time: 1.5429577827453613
train loss
0.678986543416977
time: 1.5445003509521484
train loss
0.6914125800132751
time: 1.5412731170654297
train loss
0.6808373630046844
time: 1.5432727336883545
train loss
0.6722229301929474
time: 1.5435328483581543
train loss
0.6686968445777893
test loss
0.0532762348651886
inf
time: 1.5439190864562988
train loss
0.673354572057724
time: 1.5423078536987305
train loss
0.672573846578598
time: 1.5430965423583984
train loss
0.669012600183487
time: 1.5428073406219482
train loss
0.6669288754463196
time: 1.5429730415344238
train loss
0.6669072210788727
time: 1.5392169952392578
train loss
0.6681121230125427
time: 1.5417461395263672
train loss
0.6667750775814056
time: 1.541811227798462
train loss
0.6648909628391266
time: 1.5419237613677979
train loss
0.6643695890903473
time: 1.551112174987793
train loss
0.664263117313385
test loss
0.0530263401567936
inf
time: 1.551048994064331
train loss
0.6641333281993866
time: 1.554452896118164
train loss
0.663847666978836
time: 1.5532948970794678
train loss
0.6645633101463317
time: 1.5555572509765625
train loss
0.6649046242237091
time: 1.5480051040649414
train loss
0.6674517452716827
time: 1.546867847442627
train loss
0.6657918930053711
time: 1.5441598892211914
train loss
0.6662646770477295
time: 1.5479907989501953
train loss
0.6663209140300751
time: 1.5443615913391113
train loss
0.664500504732132
time: 1.5469863414764404
train loss
0.6639382898807525
test loss
0.053118040412664415
inf
time: 1.5467009544372559
train loss
0.6631561279296875
time: 1.5486462116241455
train loss
0.6625192344188691
time: 1.545177698135376
train loss
0.6640471279621124
time: 1.5461840629577637
train loss
0.6665257513523102
time: 1.5421652793884277
train loss
0.6648189127445221
time: 1.5425715446472168
train loss
0.6654952347278595
time: 1.544271469116211
train loss
0.6647080481052399
time: 1.5405247211456299
train loss
0.6648787260055542
time: 1.5416390895843506
train loss
0.6665300726890564
time: 1.5428731441497803
train loss
0.6638092160224914
test loss
0.053005951642990115
inf
time: 1.5435094833374023
train loss
0.6637701272964478
time: 1.5423221588134766
train loss
0.6642727017402649
time: 1.5414454936981201
train loss
0.664243894815445
time: 1.5436549186706543
train loss
0.6665128231048584
time: 1.541579246520996
train loss
0.6689846932888031
time: 1.5440669059753418
train loss
0.6688705086708069
time: 1.5440361499786377
train loss
0.6697089910507202
time: 1.546722650527954
train loss
0.6737812340259552
time: 1.538715124130249
train loss
0.6901581823825836
time: 1.539597749710083
train loss
0.7011974096298218
test loss
0.056492219865322116
inf
time: 1.5396201610565186
train loss
0.7199588418006897
time: 1.5412201881408691
train loss
0.7341426908969879
time: 1.5420467853546143
train loss
0.7318234503269195
time: 1.5405948162078857
train loss
0.7127910792827606
time: 1.5393526554107666
train loss
0.7052246630191803
time: 1.5415170192718506
train loss
0.691336578130722
time: 1.5413689613342285
train loss
0.6839886546134949
time: 1.5435941219329834
train loss
0.6830366730690003
time: 1.5403492450714111
train loss
0.6752423107624054
time: 1.5453312397003174
train loss
0.6722801804542542
test loss
0.05339806526899338
inf
time: 1.5420141220092773
train loss
0.6806124806404114
time: 1.5436642169952393
train loss
0.6873597860336303
time: 1.5423469543457031
train loss
0.6777167081832886
time: 1.5420653820037842
train loss
0.6724559485912323
time: 1.5451555252075195
train loss
0.6682772278785706
time: 1.5438289642333984
train loss
0.6664345681667327
time: 1.5558180809020996
train loss
0.665715754032135
time: 1.5534441471099854
train loss
0.6651903748512268
time: 1.5547840595245361
train loss
0.6645703852176666
time: 1.5548343658447266
train loss
0.6648572504520416
test loss
0.05299137309193611
inf
time: 1.5532197952270508
train loss
0.6666849315166473
time: 1.5545084476470947
train loss
0.6661122858524322
time: 1.5556745529174805
train loss
0.6666396677494049
time: 1.5556058883666992
train loss
0.6653144240379334
time: 1.5538718700408936
train loss
0.6646854639053345
time: 1.5454914569854736
train loss
0.6635294556617737
time: 1.547090768814087
train loss
0.6631914556026459
time: 1.5446398258209229
train loss
0.6635501921176911
time: 1.5450639724731445
train loss
0.6628082752227783
time: 1.5519664287567139
train loss
0.6629600107669831
test loss
0.05285260528326034
inf
time: 1.5567295551300049
train loss
0.662743228673935
time: 1.5534698963165283
train loss
0.6636252582073212
time: 1.55360746383667
train loss
0.6639192938804627
time: 1.5520827770233154
train loss
0.6639912247657775
time: 1.5529375076293945
train loss
0.6648095667362213
time: 1.555725336074829
train loss
0.6642791032791138
time: 1.5567855834960938
train loss
0.6637446343898773
time: 1.5522124767303467
train loss
0.6633183479309082
time: 1.5524775981903076
train loss
0.6624544978141784
time: 1.554558277130127
train loss
0.6629457473754883
test loss
0.0530503049492836
inf
time: 1.5520775318145752
train loss
0.6632389485836029
time: 1.5520031452178955
train loss
0.6628230214118958
time: 1.5521743297576904
train loss
0.6623413920402527
time: 1.5520169734954834
train loss
0.664121413230896
time: 1.5540294647216797
train loss
0.6665759801864624
time: 1.551335096359253
train loss
0.6719505786895752
time: 1.5493359565734863
train loss
0.6694399178028106
time: 1.5544731616973877
train loss
0.667316073179245
time: 1.5533974170684814
train loss
0.6656503677368164
time: 1.5562524795532227
train loss
0.6635892927646637
test loss
0.05310227796435356
inf
time: 1.550464391708374
train loss
0.663684856891632
time: 1.5418307781219482
train loss
0.6637112498283386
time: 1.541492223739624
train loss
0.6638004720211029
time: 1.5417182445526123
train loss
0.6640168905258179
time: 1.5423243045806885
train loss
0.6653673529624939
time: 1.5416679382324219
train loss
0.6652315974235534
time: 1.5441234111785889
train loss
0.6643152296543121
time: 1.544797658920288
train loss
0.6638255298137665
time: 1.5435271263122559
train loss
0.6628869891166687
time: 1.5429816246032715
train loss
0.6631659090518951
test loss
0.05301786437630653
inf
time: 1.5439047813415527
train loss
0.6627717554569245
time: 1.5431156158447266
train loss
0.6618257224559784
time: 1.5444817543029785
train loss
0.6628670275211335
time: 1.5415751934051514
train loss
0.6635592877864838
time: 1.542029619216919
train loss
0.663837069272995
time: 1.5425729751586914
train loss
0.667016726732254
time: 1.542297124862671
train loss
0.6899704337120056
time: 1.5431246757507324
train loss
0.6910130500793457
time: 1.5442290306091309
train loss
0.6910475730895996
time: 1.5415425300598145
train loss
0.7133178293704987
test loss
0.056224355846643446
inf
time: 1.5427799224853516
train loss
0.7021106779575348
time: 1.5406196117401123
train loss
0.6968135297298431
time: 1.5419790744781494
train loss
0.6964174151420593
time: 1.5418124198913574
train loss
0.6783621847629547
time: 1.5425975322723389
train loss
0.6750352382659912
time: 1.5436532497406006
train loss
0.6713546395301819
time: 1.546196460723877
train loss
0.669240164756775
time: 1.5483453273773193
train loss
0.6679892420768738
time: 1.5477566719055176
train loss
0.6654151320457459
time: 1.5475842952728271
train loss
0.6657689809799194
test loss
0.053208323568105696
inf
time: 1.554999589920044
train loss
0.6638531148433685
time: 1.558786392211914
train loss
0.6641736507415772
time: 1.5538842678070068
train loss
0.6631111443042755
time: 1.5518183708190918
train loss
0.6634493172168732
time: 1.5493943691253662
train loss
0.6635822474956512
time: 1.5522866249084473
train loss
0.6626233160495758
time: 1.5453858375549316
train loss
0.662899500131607
time: 1.5445067882537842
train loss
0.6625980734825134
time: 1.5468084812164307
train loss
0.6632259070873261
time: 1.5471398830413818
train loss
0.6634391367435455
test loss
0.05291102007031441
inf
time: 1.5419061183929443
train loss
0.6630394637584687
time: 1.5475528240203857
train loss
0.663518488407135
time: 1.5441665649414062
train loss
0.6630918264389039
time: 1.5457711219787598
train loss
0.6647015452384949
time: 1.545487642288208
train loss
0.6698643267154694
time: 1.5435798168182373
train loss
0.6682989716529846
time: 1.5457963943481445
train loss
0.667215234041214
time: 1.5438075065612793
train loss
0.6668743014335632
time: 1.5460107326507568
train loss
0.6674842894077301
time: 1.5449507236480713
train loss
0.6656613767147064
test loss
0.053315123170614244
inf
time: 1.5449869632720947
train loss
0.6649954497814179
time: 1.5459485054016113
train loss
0.6637671709060669
time: 1.5432841777801514
train loss
0.6653469860553741
time: 1.5472772121429443
train loss
0.6646320462226868
time: 1.5422844886779785
train loss
0.6639838337898254
time: 1.5467753410339355
train loss
0.6681075751781463
time: 1.5441110134124756
train loss
0.6752933621406555
time: 1.5472512245178223
train loss
0.6753021657466889
time: 1.5416157245635986
train loss
0.6724281549453736
time: 1.5456392765045166
train loss
0.6724005341529846
test loss
0.05332867950201035
inf
time: 1.5441899299621582
train loss
0.6705429255962372
time: 1.5468909740447998
train loss
0.6703725039958954
time: 1.5465915203094482
train loss
0.6681908190250396
time: 1.5438339710235596
train loss
0.6664443910121918
time: 1.5450947284698486
train loss
0.6669126629829407
time: 1.547217607498169
train loss
0.665684723854065
time: 1.5443525314331055
train loss
0.6639032304286957
time: 1.5455560684204102
train loss
0.6625979959964752
time: 1.5446455478668213
train loss
0.6631166875362396
time: 1.553471326828003
train loss
0.6632407784461976
test loss
0.05302378758788109
inf
time: 1.5444591045379639
train loss
0.6629992723464966
time: 1.5438551902770996
train loss
0.6629457771778107
time: 1.5401279926300049
train loss
0.663534688949585
time: 1.5436997413635254
train loss
0.664897108078003
time: 1.54453706741333
train loss
0.6651860535144806
time: 1.5454344749450684
train loss
0.6647129774093627
time: 1.5412659645080566
train loss
0.6638457477092743
time: 1.5441818237304688
train loss
0.6635563850402832
time: 1.5409164428710938
train loss
0.6632096171379089
time: 1.541039228439331
train loss
0.6625876665115357
test loss
0.05289061218500137
inf
time: 1.5411670207977295
train loss
0.6623590171337128
time: 1.5434703826904297
train loss
0.6635775566101074
time: 1.5405323505401611
train loss
0.6635055065155029
time: 1.5417046546936035
train loss
0.6637710452079773
time: 1.5416309833526611
train loss
0.6648280560970307
time: 1.5383882522583008
train loss
0.6651999235153199
time: 1.5426685810089111
train loss
0.6656909048557281
time: 1.540830373764038
train loss
0.6688236594200134
time: 1.5418701171875
train loss
0.667286479473114
time: 1.5448908805847168
train loss
0.6650336623191834
test loss
0.05311528667807579
inf
time: 1.5415928363800049
train loss
0.6651652932167054
time: 1.5425219535827637
train loss
0.6678137063980103
time: 1.5455164909362793
train loss
0.6786654472351075
time: 1.5418012142181396
train loss
0.7115388810634613
time: 1.5449745655059814
train loss
0.7103924095630646
time: 1.5400855541229248
train loss
0.753893005847931
time: 1.5431029796600342
train loss
0.7332391560077667
time: 1.5418579578399658
train loss
0.7232414543628692
time: 1.5441415309906006
train loss
0.7163857281208038
time: 1.5432229042053223
train loss
0.7069613933563232
test loss
0.055128561705350874
inf
time: 1.5422537326812744
train loss
0.7001658201217651
time: 1.5402894020080566
train loss
0.6856146633625031
time: 1.5406968593597412
train loss
0.6803452968597412
time: 1.540822982788086
train loss
0.6749934732913971
time: 1.5392146110534668
train loss
0.6716762125492096
time: 1.5411884784698486
train loss
0.6689107954502106
time: 1.5427472591400146
train loss
0.6672049045562745
time: 1.5416624546051025
train loss
0.6658279776573182
time: 1.5435914993286133
train loss
0.6654053032398224
time: 1.5423007011413574
train loss
0.6655055463314057
test loss
0.05306322947144508
inf
time: 1.540492296218872
train loss
0.6648961007595062
time: 1.5418891906738281
train loss
0.6646993279457092
time: 1.543609619140625
train loss
0.6646759927272796
time: 1.5392448902130127
train loss
0.6660038650035858
time: 1.5411078929901123
train loss
0.6663824498653412
time: 1.541285753250122
train loss
0.6657872796058655
time: 1.5423972606658936
train loss
0.6655144989490509
time: 1.5410175323486328
train loss
0.6658419728279114
time: 1.5414862632751465
train loss
0.6656668066978455
time: 1.541546106338501
train loss
0.6648494362831116
test loss
0.053065940737724304
inf
time: 1.539628267288208
train loss
0.6630973875522613
time: 1.5419631004333496
train loss
0.6632725179195404
time: 1.5430223941802979
train loss
0.6626296103000641
time: 1.5427122116088867
train loss
0.6628707587718964
time: 1.5420489311218262
train loss
0.6622792720794678
time: 1.541792869567871
train loss
0.6627085149288178
time: 1.540276288986206
train loss
0.6632468283176423
time: 1.5433170795440674
train loss
0.6640047252178192
time: 1.5453991889953613
train loss
0.6642746686935425
time: 1.542982578277588
train loss
0.6626126289367675
test loss
0.052946808934211734
inf
time: 1.542229413986206
train loss
0.6636019349098206
time: 1.5405361652374268
train loss
0.6634838938713074
time: 1.5407953262329102
train loss
0.6644534111022949
time: 1.541715145111084
train loss
0.6652352392673493
time: 1.541816234588623
train loss
0.6656040132045746
time: 1.539269208908081
train loss
0.6690187513828277
time: 1.5415527820587158
train loss
0.6761999428272247
time: 1.5389583110809326
train loss
0.6815142750740051
time: 1.5379972457885742
train loss
0.6767332315444946
time: 1.5430467128753662
train loss
0.6790853500366211
test loss
0.053856074810028076
inf
time: 1.5381696224212646
train loss
0.6736962914466857
time: 1.5390129089355469
train loss
0.6702929139137268
time: 1.5409786701202393
train loss
0.6682644605636596
time: 1.5377576351165771
train loss
0.6662342429161072
time: 1.5397191047668457
train loss
0.6658976376056671
time: 1.5402109622955322
train loss
0.6642916262149811
time: 1.5399627685546875
train loss
0.6632606625556946
time: 1.5381062030792236
train loss
0.662720799446106
time: 1.5417914390563965
train loss
0.6631735026836395
time: 1.5417771339416504
train loss
0.6652413904666901
test loss
0.053004341572523116
inf
time: 1.5386223793029785
train loss
0.6649061024188996
time: 1.5385215282440186
train loss
0.6646659135818481
time: 1.542546033859253
train loss
0.6645715296268463
time: 1.5422396659851074
train loss
0.6634275436401367
time: 1.5403168201446533
train loss
0.6619598984718322
time: 1.5420446395874023
train loss
0.6623076915740966
time: 1.5398433208465576
train loss
0.6617128551006317
time: 1.5408172607421875
train loss
0.6612951278686523
time: 1.5398340225219727
train loss
0.6630331695079803
time: 1.5398571491241455
train loss
0.6636047959327698
test loss
0.053042279183864595
inf
time: 1.540112018585205
train loss
0.6635439991950989
time: 1.5403883457183838
train loss
0.6623014807701111
time: 1.5404479503631592
train loss
0.6629146695137024
time: 1.5396358966827393
train loss
0.6631899476051331
time: 1.5391688346862793
train loss
0.6660973370075226
time: 1.5419976711273193
train loss
0.6671446681022644
time: 1.5388972759246826
train loss
0.6669235825538635
time: 1.5409934520721436
train loss
0.6641700804233551
time: 1.5405809879302979
train loss
0.6639379024505615
time: 1.542494773864746
train loss
0.6628497958183288
test loss
0.05304516851902008
inf
time: 1.5412518978118896
train loss
0.6622137010097504
time: 1.5391135215759277
train loss
0.6618360280990601
time: 1.5400283336639404
train loss
0.6622406721115113
time: 1.5393588542938232
train loss
0.6644963562488556
time: 1.539440631866455
train loss
0.6642542243003845
time: 1.5392730236053467
train loss
0.6638551712036133
time: 1.5404200553894043
train loss
0.664187353849411
time: 1.540797233581543
train loss
0.6635133028030396
time: 1.5411298274993896
train loss
0.6647812902927399
time: 1.543734073638916
train loss
0.6645275950431824
test loss
0.053064053505659105
inf
time: 1.5529725551605225
train loss
0.6663101077079773
time: 1.552901029586792
train loss
0.6691678881645202
time: 1.5512080192565918
train loss
0.6760361194610596
time: 1.551374912261963
train loss
0.6791294991970063
time: 1.5521726608276367
train loss
0.6846737325191498
time: 1.552438497543335
train loss
0.6866247653961182
time: 1.550638198852539
train loss
0.6988682448863983
time: 1.5516464710235596
train loss
0.6971378803253174
time: 1.5507147312164307
train loss
0.6808621108531951
time: 1.5432677268981934
train loss
0.674103581905365
test loss
0.053525716066360474
inf
time: 1.5395255088806152
train loss
0.6720594167709351
time: 1.538994312286377
train loss
0.6684973537921906
time: 1.540823221206665
train loss
0.6676219165325165
time: 1.5416431427001953
train loss
0.665725177526474
time: 1.542311191558838
train loss
0.6633650064468384
time: 1.5409095287322998
train loss
0.6634381890296936
time: 1.5439343452453613
train loss
0.6633697509765625
time: 1.5394840240478516
train loss
0.6632737994194031
time: 1.538776159286499
train loss
0.6630819797515869
time: 1.5393481254577637
train loss
0.6634525716304779
test loss
0.053082254528999326
inf
time: 1.54164457321167
train loss
0.663897967338562
time: 1.540834665298462
train loss
0.6625479698181153
time: 1.5396249294281006
train loss
0.6619782149791718
time: 1.537989616394043
train loss
0.6624762177467346
time: 1.5412421226501465
train loss
0.6620111584663391
time: 1.543710708618164
train loss
0.6622418701648712
time: 1.5430104732513428
train loss
0.6626667559146882
time: 1.5421490669250488
train loss
0.6619307518005371
time: 1.5408434867858887
train loss
0.6626718163490295
time: 1.542982578277588
train loss
0.6628972828388214
test loss
0.052990040928125384
inf
time: 1.5414822101593018
train loss
0.6626527369022369
time: 1.5405468940734863
train loss
0.6626736521720886
time: 1.5405442714691162
train loss
0.6636590361595154
time: 1.5421984195709229
train loss
0.6647366046905517
time: 1.5411598682403564
train loss
0.6659139931201935
time: 1.5410706996917725
train loss
0.6721381366252899
time: 1.5445384979248047
train loss
0.6716905772686005
time: 1.5389797687530518
train loss
0.6686187505722045
time: 1.5415282249450684
train loss
0.6657856106758118
time: 1.5419132709503174
train loss
0.6720298528671265
test loss
0.05372103825211525
inf
time: 1.5437049865722656
train loss
0.6754257678985596
time: 1.5405802726745605
train loss
0.6813980340957642
time: 1.541992425918579
train loss
0.6734474003314972
time: 1.5416052341461182
train loss
0.6786993265151977
time: 1.5398013591766357
train loss
0.718983656167984
time: 1.5381271839141846
train loss
0.691010981798172
time: 1.5435032844543457
train loss
0.6765227913856506
time: 1.542182207107544
train loss
0.6748838067054749
time: 1.5386343002319336
train loss
0.6691465437412262
time: 1.541177749633789
train loss
0.6664878189563751
test loss
0.052956460416316985
inf
time: 1.543212652206421
train loss
0.6650543928146362
time: 1.5436375141143799
train loss
0.6647639453411103
time: 1.5427618026733398
train loss
0.6650768756866455
time: 1.5424461364746094
train loss
0.6650150954723358
time: 1.541196346282959
train loss
0.6637467265129089
time: 1.5419135093688965
train loss
0.6641180157661438
time: 1.5440948009490967
train loss
0.6634234130382538
time: 1.541839599609375
train loss
0.6636118769645691
time: 1.5429072380065918
train loss
0.6625328540802002
time: 1.5437192916870117
train loss
0.6624838829040527
test loss
0.05288606286048889
inf
time: 1.5437238216400146
train loss
0.6626514792442322
time: 1.5415680408477783
train loss
0.6624940395355224
time: 1.5437157154083252
train loss
0.6624997019767761
time: 1.5438525676727295
train loss
0.6617881953716278
time: 1.5425090789794922
train loss
0.6625351428985595
time: 1.5433337688446045
train loss
0.6648420751094818
time: 1.5439093112945557
train loss
0.6690318882465363
time: 1.541477918624878
train loss
0.671469384431839
time: 1.5446813106536865
train loss
0.6691799402236939
time: 1.5462429523468018
train loss
0.6762795686721802
test loss
0.05378822088241577
inf
time: 1.5464303493499756
train loss
0.6904718220233917
time: 1.5439414978027344
train loss
0.6842980146408081
time: 1.552875280380249
train loss
0.7041880488395691
time: 1.5424692630767822
train loss
0.8035105764865875
time: 1.5433003902435303
train loss
0.8089201331138611
time: 1.5461127758026123
train loss
0.784013694524765
time: 1.5548326969146729
train loss
0.7381182849407196
time: 1.5520620346069336
train loss
0.7107602715492248
time: 1.5491018295288086
train loss
0.6984286189079285
time: 1.5443432331085205
train loss
0.691415673494339
test loss
0.054608579725027084
inf
time: 1.5420050621032715
train loss
0.6895711064338684
time: 1.5456726551055908
train loss
0.6816904127597809
time: 1.5434112548828125
train loss
0.6766867101192474
time: 1.5441176891326904
train loss
0.6739872872829438
time: 1.547494888305664
train loss
0.6731014430522919
time: 1.5472939014434814
train loss
0.6727932453155517
time: 1.544736385345459
train loss
0.6729121327400207
time: 1.5453932285308838
train loss
0.6701887011528015
time: 1.544480323791504
train loss
0.6678804993629456
time: 1.5458216667175293
train loss
0.6673206865787507
test loss
0.05311282202601433
inf
time: 1.5460333824157715
train loss
0.6660987079143524
time: 1.546701192855835
train loss
0.6660478055477143
time: 1.5446367263793945
train loss
0.669062876701355
time: 1.5461862087249756
train loss
0.6739510774612427
time: 1.5431358814239502
train loss
0.6706937253475189
time: 1.5453393459320068
train loss
0.6697969198226928
time: 1.5457231998443604
train loss
0.6696738541126251
time: 1.5450799465179443
train loss
0.6672358751296997
time: 1.545658826828003
train loss
0.6665412843227386
time: 1.5465364456176758
train loss
0.6659525454044342
test loss
0.05304202139377594
inf
time: 1.5479927062988281
train loss
0.6647429823875427
time: 1.54783034324646
train loss
0.6644902408123017
time: 1.5452322959899902
train loss
0.6637888729572297
time: 1.544856071472168
train loss
0.6631707608699798
time: 1.5452120304107666
train loss
0.6624993503093719
time: 1.5456526279449463
train loss
0.662830513715744
time: 1.5436396598815918
train loss
0.6633017361164093
time: 1.5478038787841797
train loss
0.6634255349636078
time: 1.5446724891662598
train loss
0.6642319142818451
time: 1.5457077026367188
train loss
0.6634513735771179
test loss
0.052897599339485166
inf
time: 1.5458168983459473
train loss
0.6630077481269836
time: 1.5450048446655273
train loss
0.6631604135036469
time: 1.5447909832000732
train loss
0.6632379114627838
time: 1.5435245037078857
train loss
0.6640958309173584
time: 1.5446970462799072
train loss
0.6625699996948242
time: 1.5451688766479492
train loss
0.6627698957920074
time: 1.542957067489624
train loss
0.6639316082000732
time: 1.5431890487670898
train loss
0.6643065690994263
time: 1.547567367553711
train loss
0.66368767619133
time: 1.5472595691680908
train loss
0.6633652448654175
test loss
0.05306604653596878
inf
time: 1.5468127727508545
train loss
0.663313627243042
time: 1.5467982292175293
train loss
0.6636378467082977
time: 1.5471546649932861
train loss
0.6635185360908509
time: 1.5453147888183594
train loss
0.664047247171402
time: 1.5447375774383545
train loss
0.6659346997737885
time: 1.5437994003295898
train loss
0.6697815656661987
time: 1.5451266765594482
train loss
0.6888753592967987
time: 1.547752857208252
train loss
0.7314044594764709
time: 1.547398328781128
train loss
0.7305498003959656
time: 1.5485389232635498
train loss
0.7463317453861237
test loss
0.0639509305357933
inf
time: 1.544757604598999
train loss
0.8644293904304504
time: 1.5459461212158203
train loss
0.8156477510929108
time: 1.5446405410766602
train loss
0.810195016860962
time: 1.5462112426757812
train loss
0.817217880487442
time: 1.5452537536621094
train loss
0.7769425451755524
time: 1.5443987846374512
train loss
0.7558474361896514
time: 1.5455639362335205
train loss
0.7358809173107147
time: 1.5442419052124023
train loss
0.7174898624420166
time: 1.5428493022918701
train loss
0.7063282251358032
time: 1.544687032699585
train loss
0.7008117735385895
test loss
0.05437455475330353
inf
time: 1.5436995029449463
train loss
0.695895004272461
time: 1.5421202182769775
train loss
0.6920116543769836
time: 1.5421383380889893
train loss
0.6886811971664428
time: 1.5422730445861816
train loss
0.690165388584137
time: 1.5432929992675781
train loss
0.6880540668964386
time: 1.5439443588256836
train loss
0.6850349068641662
time: 1.5435361862182617
train loss
0.681971526145935
time: 1.5452327728271484
train loss
0.6806432187557221
time: 1.5433990955352783
train loss
0.6787443161010742
time: 1.541168212890625
train loss
0.6793601810932159
test loss
0.053552459180355075
inf
time: 1.543363094329834
train loss
0.6794681549072266
time: 1.5423815250396729
train loss
0.6787082433700562
time: 1.5439143180847168
train loss
0.6769839704036713
time: 1.5440425872802734
train loss
0.6762591302394867
time: 1.5442311763763428
train loss
0.6752645254135132
time: 1.5449810028076172
train loss
0.6731753945350647
time: 1.5467557907104492
train loss
0.6718870282173157
time: 1.5443601608276367
train loss
0.6724621713161468
time: 1.5439558029174805
train loss
0.6723474383354187
time: 1.543116569519043
train loss
0.6702308714389801
test loss
0.05311389565467835
inf
time: 1.5409040451049805
train loss
0.6686437904834748
time: 1.5407090187072754
train loss
0.6679741084575653
time: 1.5447285175323486
train loss
0.6677415072917938
time: 1.5444846153259277
train loss
0.6678106248378753
time: 1.543409824371338
train loss
0.6690595507621765
time: 1.541637659072876
train loss
0.6723463416099549
time: 1.5411503314971924
train loss
0.6743835151195526
time: 1.54301118850708
train loss
0.6774975240230561
time: 1.5396111011505127
train loss
0.6769262373447418
time: 1.5422849655151367
train loss
0.6714312255382537
test loss
0.053319187462329866
inf
time: 1.543816089630127
train loss
0.6690156757831573
time: 1.5441672801971436
train loss
0.6676470577716828
time: 1.544112205505371
train loss
0.6667855083942413
time: 1.5422558784484863
train loss
0.6662060797214509
time: 1.5449042320251465
train loss
0.6665785908699036
time: 1.5409369468688965
train loss
0.6654264390468597
time: 1.5435593128204346
train loss
0.6643176317214966
time: 1.5420308113098145
train loss
0.6650335967540741
time: 1.5441043376922607
train loss
0.6656117022037507
time: 1.5432422161102295
train loss
0.6653051614761353
test loss
0.053045546263456346
inf
time: 1.5442914962768555
train loss
0.6646303713321686
time: 1.5426697731018066
train loss
0.6654825210571289
time: 1.5411133766174316
train loss
0.6645270705223083
time: 1.5434646606445312
train loss
0.6645319521427154
time: 1.5446527004241943
train loss
0.6640090465545654
time: 1.5450530052185059
train loss
0.6644622206687927
time: 1.5421152114868164
train loss
0.665572464466095
time: 1.5458033084869385
train loss
0.6661787271499634
time: 1.5433082580566406
train loss
0.6662031412124634
time: 1.5458142757415771
train loss
0.6660149037837982
test loss
0.05300887376070022
inf
time: 1.5449512004852295
train loss
0.6638961374759674
time: 1.543607473373413
train loss
0.6632590413093566
time: 1.543243169784546
train loss
0.6630936861038208
time: 1.5460619926452637
train loss
0.6635006070137024
time: 1.5440630912780762
train loss
0.6645728170871734
time: 1.543977975845337
train loss
0.6657172381877899
time: 1.5434401035308838
train loss
0.6651068747043609
time: 1.5437169075012207
train loss
0.6645734071731567
time: 1.5461828708648682
train loss
0.6649023532867432
time: 1.5457031726837158
train loss
0.6648272156715394
test loss
0.0531115435063839
inf
time: 1.5436687469482422
train loss
0.6645002126693725
time: 1.543982982635498
train loss
0.6640549778938294
time: 1.5438501834869385
train loss
0.6638975203037262
time: 1.5425043106079102
train loss
0.6652101933956146
time: 1.5445265769958496
train loss
0.6652091979980469
time: 1.5517666339874268
train loss
0.6672582983970642
time: 1.5548040866851807
train loss
0.6659158349037171
time: 1.5531322956085205
train loss
0.6645760059356689
time: 1.5521655082702637
train loss
0.6635830044746399
time: 1.5536589622497559
train loss
0.6637022972106934
test loss
0.052929046005010603
inf
time: 1.5527451038360596
train loss
0.6645036041736603
time: 1.5553877353668213
train loss
0.6632472574710846
time: 1.5531129837036133
train loss
0.6637036740779877
time: 1.5521180629730225
train loss
0.6628799974918366
time: 1.5576841831207275
train loss
0.6624601244926452
time: 1.5558693408966064
train loss
0.6627472341060638
time: 1.5481479167938232
train loss
0.664164400100708
time: 1.5475432872772217
train loss
0.6637949764728546
time: 1.5509147644042969
train loss
0.6639536321163177
time: 1.554499626159668
train loss
0.662931251525879
test loss
0.05282797068357468
inf
time: 1.5531113147735596
train loss
0.662448275089264
time: 1.5535557270050049
train loss
0.6631864368915558
time: 1.5535812377929688
train loss
0.6634260416030884
time: 1.5536293983459473
train loss
0.6626086175441742
time: 1.551496982574463
train loss
0.6624967217445373
time: 1.5534658432006836
train loss
0.6619391918182373
time: 1.5548226833343506
train loss
0.6621567785739899
time: 1.5526883602142334
train loss
0.6620253622531891
time: 1.5536346435546875
train loss
0.6614477753639221
time: 1.5540578365325928
train loss
0.6617791891098023
test loss
0.05304988846182823
inf
time: 1.5545053482055664
train loss
0.6634248733520508
time: 1.553041934967041
train loss
0.6634968638420105
time: 1.5527722835540771
train loss
0.6668779730796814
time: 1.5525925159454346
train loss
0.6707269430160523
time: 1.5546047687530518
train loss
0.6689339876174927
time: 1.553513765335083
train loss
0.6689769208431244
time: 1.5517501831054688
train loss
0.6673155069351197
time: 1.5551152229309082
train loss
0.6652887046337128
time: 1.5550341606140137
train loss
0.6659700989723205
time: 1.552675485610962
train loss
0.6683518648147583
test loss
0.05321280658245087
inf
time: 1.5461931228637695
train loss
0.668747729063034
time: 1.5447566509246826
train loss
0.666039252281189
time: 1.5453782081604004
train loss
0.6642598927021026
time: 1.5440359115600586
train loss
0.664108258485794
time: 1.5458002090454102
train loss
0.6654429018497467
time: 1.5530569553375244
train loss
0.6654466390609741
time: 1.5563273429870605
train loss
0.6790899991989136
time: 1.5534284114837646
train loss
0.6747127950191498
time: 1.553504228591919
train loss
0.6783985793590546
time: 1.55391263961792
train loss
0.6867007315158844
test loss
0.05457633659243584
inf
time: 1.5541396141052246
train loss
0.6863943338394165
time: 1.5509130954742432
train loss
0.6780831456184387
time: 1.5543811321258545
train loss
0.6697678685188293
time: 1.5541415214538574
train loss
0.6656010925769806
time: 1.5515210628509521
train loss
0.6644674360752105
time: 1.554060935974121
train loss
0.6639010488986969
time: 1.553079605102539
train loss
0.6623104929924011
time: 1.554964542388916
train loss
0.6626319229602814
time: 1.554309368133545
train loss
0.6628414809703826
time: 1.556363582611084
train loss
0.6633735835552216
test loss
0.05318454429507256
inf
time: 1.5439603328704834
train loss
0.6631069719791413
time: 1.54597806930542
train loss
0.6626379072666169
time: 1.5446641445159912
train loss
0.6624782860279084
time: 1.546750545501709
train loss
0.661618310213089
time: 1.5466017723083496
train loss
0.6623475253582001
time: 1.5474255084991455
train loss
0.6638598084449768
time: 1.5396664142608643
train loss
0.6636800110340119
time: 1.5429108142852783
train loss
0.6639889359474183
time: 1.543959379196167
train loss
0.6649660646915436
time: 1.5439386367797852
train loss
0.6644886255264282
test loss
0.0532526820898056
inf
time: 1.5445866584777832
train loss
0.6633136212825775
time: 1.5404367446899414
train loss
0.6622042775154113
time: 1.5428192615509033
train loss
0.6614374041557312
time: 1.5430817604064941
train loss
0.6624241650104523
time: 1.5419092178344727
train loss
0.6617320001125335
time: 1.543849229812622
train loss
0.6612271845340729
time: 1.540982961654663
train loss
0.6623913586139679
time: 1.541438341140747
train loss
0.6619079649448395
time: 1.5456326007843018
train loss
0.6626241207122803
time: 1.5428192615509033
train loss
0.6632621169090271
test loss
0.05321766138076782
inf
time: 1.5479099750518799
train loss
0.6641710221767425
time: 1.5412297248840332
train loss
0.6664352476596832
time: 1.544865369796753
train loss
0.6719534754753113
time: 1.5449416637420654
train loss
0.6737388134002685
time: 1.54852294921875
train loss
0.6735068678855896
time: 1.545651912689209
train loss
0.6699858963489532
time: 1.5439980030059814
train loss
0.6709159195423127
time: 1.5445806980133057
train loss
0.6705969274044037
time: 1.546044111251831
train loss
0.6673981428146363
time: 1.5456149578094482
train loss
0.6661422550678253
test loss
0.05310624837875366
inf
time: 1.5446794033050537
train loss
0.6651372194290162
time: 1.5446643829345703
train loss
0.6641022503376007
time: 1.5433070659637451
train loss
0.6661300480365753
time: 1.543750286102295
train loss
0.6660768210887908
time: 1.5461978912353516
train loss
0.6635366559028626
time: 1.545924425125122
train loss
0.6625814318656922
time: 1.5456879138946533
train loss
0.6630618870258331
time: 1.543630838394165
train loss
0.662407499551773
time: 1.5449559688568115
train loss
0.6623584032058716
time: 1.545454502105713
train loss
0.6611030101776123
test loss
0.0527529738843441
inf
/pscratch/sd/g/gzhao27/INR/SOMA/2024-12-10SOMA-inr_w020_ld180.pt
time: 1.54472017288208
train loss
0.6603399813175201
time: 1.5426247119903564
train loss
0.6607205867767334
time: 1.5439116954803467
train loss
0.662237411737442
time: 1.5452771186828613
train loss
0.6628684103488922
time: 1.5468881130218506
train loss
0.6634671092033386
time: 1.545640230178833
train loss
0.6659253120422364
time: 1.5444424152374268
train loss
0.6637718081474304
time: 1.5459706783294678
train loss
0.6629674077033997
time: 1.55387282371521
train loss
0.6625558435916901
time: 1.5526032447814941
train loss
0.6623438775539399
test loss
0.05305540412664413
inf
time: 1.5497727394104004
train loss
0.6635788381099701
time: 1.5530810356140137
train loss
0.6627558588981628
time: 1.5503735542297363
train loss
0.6640183508396149
time: 1.545379400253296
train loss
0.665331882238388
time: 1.5544657707214355
train loss
0.6644290566444397
time: 1.5522329807281494
train loss
0.6644162595272064
time: 1.5504188537597656
train loss
0.669708651304245
time: 1.5451724529266357
train loss
0.6764900863170624
time: 1.5449724197387695
train loss
0.6850642681121826
time: 1.5442686080932617
train loss
0.6982039451599121
test loss
0.05488390177488327
inf
time: 1.545111894607544
train loss
0.6903607845306396
time: 1.544891595840454
train loss
0.6868667483329773
time: 1.5443809032440186
train loss
0.6819263458251953
time: 1.5466132164001465
train loss
0.6738872826099396
time: 1.544893503189087
train loss
0.6682645320892334
time: 1.5465235710144043
train loss
0.6660938501358032
time: 1.546410083770752
train loss
0.6641637980937958
time: 1.5427887439727783
train loss
0.6625444412231445
time: 1.5441839694976807
train loss
0.6619417548179627
time: 1.5463685989379883
train loss
0.6614830553531647
test loss
0.05291776806116104
inf
time: 1.5469954013824463
train loss
0.6620309770107269
time: 1.5472400188446045
train loss
0.6620443105697632
time: 1.5446586608886719
train loss
0.6630449891090393
time: 1.544224739074707
train loss
0.6635831534862519
time: 1.5474259853363037
train loss
0.6629481375217438
time: 1.5444180965423584
train loss
0.6633208870887757
time: 1.54459810256958
train loss
0.6625629663467407
time: 1.54490327835083
train loss
0.6625918447971344
time: 1.5447649955749512
train loss
0.6619763433933258
time: 1.5474956035614014
train loss
0.6645470023155212
test loss
0.05293411388993263
inf
time: 1.544057846069336
train loss
0.6644350945949554
time: 1.5448472499847412
train loss
0.6676247000694275
time: 1.5439341068267822
train loss
0.6670485317707062
time: 1.5430381298065186
train loss
0.6669829249382019
time: 1.5426127910614014
train loss
0.665929090976715
time: 1.5446770191192627
train loss
0.6659050166606904
time: 1.5451936721801758
train loss
0.6837594449520111
time: 1.5450005531311035
train loss
0.7147736191749573
time: 1.548233985900879
train loss
0.7331568241119385
time: 1.5547964572906494
train loss
0.7475906431674957
test loss
0.057177253812551496
inf
time: 1.5523767471313477
train loss
0.730803370475769
time: 1.5503435134887695
train loss
0.7370678782463074
time: 1.5531492233276367
train loss
0.7128233909606934
time: 1.5539534091949463
train loss
0.6918060898780822
time: 1.5530171394348145
train loss
0.681194519996643
time: 1.551980972290039
train loss
0.6749150812625885
time: 1.5537328720092773
train loss
0.6726834595203399
time: 1.5498604774475098
train loss
0.6709505081176758
time: 1.5557115077972412
train loss
0.6687167823314667
time: 1.5542759895324707
train loss
0.6670906364917755
test loss
0.05312522947788238
inf
time: 1.5543999671936035
train loss
0.6660977900028229
time: 1.555119276046753
train loss
0.6654100239276886
time: 1.5541050434112549
train loss
0.6645958423614502
time: 1.5569279193878174
train loss
0.664737194776535
time: 1.5540661811828613
train loss
0.6649932086467742
time: 1.5412373542785645
train loss
0.6659772515296936
time: 1.544997215270996
train loss
0.6657916486263276
time: 1.5436820983886719
train loss
0.6638067185878753
time: 1.5437452793121338
train loss
0.662814736366272
time: 1.550016164779663
train loss
0.6626681983470917
test loss
0.05301138684153557
inf
time: 1.5536725521087646
train loss
0.6638086795806885
time: 1.5529208183288574
train loss
0.6639837265014649
time: 1.554375171661377
train loss
0.6638232946395874
time: 1.5540316104888916
train loss
0.6648763418197632
time: 1.5568490028381348
train loss
0.6642009317874908
time: 1.5551927089691162
train loss
0.6629738211631775
time: 1.5488650798797607
train loss
0.6616796255111694
time: 1.5443720817565918
train loss
0.6617712140083313
time: 1.5432538986206055
train loss
0.6628798484802246
time: 1.5446875095367432
train loss
0.6632230877876282
test loss
0.05293564647436142
inf
time: 1.543503761291504
train loss
0.6638262808322907
time: 1.5439045429229736
train loss
0.6642784118652344
time: 1.5440106391906738
train loss
0.6642533838748932
time: 1.5465967655181885
train loss
0.6632679998874664
time: 1.5447635650634766
train loss
0.6625096797943115
time: 1.5450968742370605
train loss
0.6632956504821778
time: 1.5453968048095703
train loss
0.6633865833282471
time: 1.5451626777648926
train loss
0.6635837078094482
time: 1.5456061363220215
train loss
0.6628263592720032
time: 1.5454397201538086
train loss
0.6623264372348785
test loss
0.05291984602808952
inf
time: 1.5458669662475586
train loss
0.6628346860408783
time: 1.5522394180297852
train loss
0.6632866144180298
time: 1.543525218963623
train loss
0.6635419666767121
time: 1.5440218448638916
train loss
0.6636569797992706
time: 1.5431435108184814
train loss
0.6633405268192292
time: 1.5447931289672852
train loss
0.6616791248321533
time: 1.5399882793426514
train loss
0.6619035303592682
time: 1.5424447059631348
train loss
0.6618816256523132
time: 1.5446200370788574
train loss
0.6622023642063141
time: 1.5425593852996826
train loss
0.6619747877120972
test loss
0.05284187495708466
inf
time: 1.5416884422302246
train loss
0.6617010295391083
time: 1.543248176574707
train loss
0.6615651309490204
time: 1.5418577194213867
train loss
0.6621600389480591
time: 1.5520973205566406
train loss
0.6626816689968109
time: 1.549910545349121
train loss
0.6632286131381988
time: 1.555093765258789
train loss
0.6623509347438812
time: 1.5518534183502197
train loss
0.6633741736412049
time: 1.555065393447876
train loss
0.6662700831890106
time: 1.553511619567871
train loss
0.6680831730365753
test loss
0.0533055916428566
inf
finish
wandb: - 0.014 MB of 0.014 MB uploadedwandb: \ 0.027 MB of 0.253 MB uploadedwandb: 
wandb: Run history:
wandb:  test_loss ▅▃▂▂▃▂▂▂▂▂▃▁▂▂▁▃▁█▁▁▁▁▁▂▂▃▁▁▁▁▁▁▁▁▁▂▂▁▁▁
wandb: train_loss █▅▃▂▃▂▂▂▃▂▃▁▂▁▁▂▁▇▁▁▁▁▁▁▂▂▁▁▁▁▁▁▁▁▁▁▂▁▁▁
wandb: 
wandb: Run summary:
wandb:    results_dir /pscratch/sd/g/gzhao...
wandb:      test_loss 0.05331
wandb:  test_rel_loss inf
wandb:     train_loss 0.66808
wandb: train_rel_loss inf
wandb: 
wandb: 🚀 View run SOMA-inr_w020_ld180 at: https://wandb.ai/bnl-lemon/w0search/runs/spkvd2fx
wandb: ⭐️ View project at: https://wandb.ai/bnl-lemon/w0search
wandb: Synced 6 W&B file(s), 0 media file(s), 0 artifact file(s) and 0 other file(s)
wandb: Find logs at: /pscratch/sd/g/gzhao27/INR/coral/wandb/wandb/run-20241210_170533-spkvd2fx/logs
wandb: WARNING The new W&B backend becomes opt-out in version 0.18.0; try it out with `wandb.require("core")`! See https://wandb.me/wandb-core for more information.
