
CondaError: Run 'conda init' before 'conda activate'

/pscratch/sd/g/gzhao27/INR/SOMA/coralsoma/inr.py:39: UserWarning: 
The version_base parameter is not specified.
Please specify a compatability version level, or None.
Will assume defaults for version 1.1
  @hydra.main(config_path="../config/", config_name="siren.yaml")
/pscratch/sd/g/gzhao27/conda/coral/lib/python3.9/site-packages/hydra/_internal/hydra.py:119: UserWarning: Future Hydra versions will no longer change working directory at job runtime by default.
See https://hydra.cc/docs/1.2/upgrades/1.1_to_1.2/changes_to_job_working_dir/ for more information.
  ret = run_job(
/pscratch/sd/g/gzhao27/conda/coral/bin/python
wandb: Currently logged in as: lemon15203 (bnl-lemon). Use `wandb login --relogin` to force relogin
wandb: wandb version 0.19.0 is available!  To upgrade, please run:
wandb:  $ pip install wandb --upgrade
wandb: Tracking run with wandb version 0.17.7
wandb: Run data is saved locally in /pscratch/sd/g/gzhao27/INR/coral/wandb/wandb/run-20241211_061710-51frurib
wandb: Run `wandb offline` to turn off syncing.
wandb: Syncing run SOMA-inr_w030_ld256
wandb: ⭐️ View project at https://wandb.ai/bnl-lemon/w0search
wandb: 🚀 View run at https://wandb.ai/bnl-lemon/w0search/runs/51frurib
/pscratch/sd/g/gzhao27/INR/SOMA/utils/data/unstructure_dataset.py:385: UserWarning: The given NumPy array is not writable, and PyTorch does not support non-writable tensors. This means writing to this tensor will result in undefined behavior. You may want to copy the array to protect its data or make it writable before converting it to a tensor. This type of warning will be suppressed for the rest of this program. (Triggered internally at ../torch/csrc/utils/tensor_numpy.cpp:206.)
  return torch.from_numpy(self.mmap_data[rawidx])
/pscratch/sd/g/gzhao27/conda/coral/lib/python3.9/site-packages/torch/functional.py:513: UserWarning: torch.meshgrid: in an upcoming release, it will be required to pass the indexing argument. (Triggered internally at ../aten/src/ATen/native/TensorShape.cpp:3609.)
  return _VF.meshgrid(tensors, **kwargs)  # type: ignore[attr-defined]
/pscratch/sd/g/gzhao27/conda/coral/lib/python3.9/site-packages/torch/optim/lr_scheduler.py:60: UserWarning: The verbose parameter is deprecated. Please use get_last_lr() to access the learning rate.
  warnings.warn(
run dir given None
id 51frurib
dir /pscratch/sd/g/gzhao27/INR/coral/wandb/wandb/run-20241211_061710-51frurib/files
train 80
val 10
time: 2.500436305999756
train loss
1.0013717114925385
test loss
0.6920973896980286
inf
/pscratch/sd/g/gzhao27/INR/SOMA/2024-12-11SOMA-inr_w030_ld256.pt
time: 1.6531786918640137
train loss
1.0001417398452759
time: 1.6462841033935547
train loss
0.9999947369098663
time: 1.6484794616699219
train loss
0.9995369493961335
time: 1.6449470520019531
train loss
0.9976328074932098
time: 1.6470286846160889
train loss
0.9946917474269867
time: 1.6485793590545654
train loss
0.9831471800804138
time: 1.6481306552886963
train loss
0.9686140835285186
time: 1.6460363864898682
train loss
0.9528415739536286
time: 1.649510383605957
train loss
0.9412105619907379
time: 1.647994041442871
train loss
0.9400228142738343
test loss
0.6614700317382812
inf
/pscratch/sd/g/gzhao27/INR/SOMA/2024-12-11SOMA-inr_w030_ld256.pt
time: 1.646517276763916
train loss
0.9419847309589386
time: 1.6420986652374268
train loss
0.9509019017219543
time: 1.643453598022461
train loss
0.9530211985111237
time: 1.6305413246154785
train loss
0.9429179072380066
time: 1.630833387374878
train loss
0.9406598627567291
time: 1.63047456741333
train loss
0.9502162396907806
time: 1.6338376998901367
train loss
0.9382879853248596
time: 1.6301963329315186
train loss
0.9260704696178437
time: 1.6288506984710693
train loss
0.9192148625850678
time: 1.6302621364593506
train loss
0.9140464305877686
test loss
0.6499909400939942
inf
/pscratch/sd/g/gzhao27/INR/SOMA/2024-12-11SOMA-inr_w030_ld256.pt
time: 1.636857271194458
train loss
0.9215546190738678
time: 1.6308767795562744
train loss
0.9265039145946503
time: 1.6309483051300049
train loss
0.9411156594753265
time: 1.6333887577056885
train loss
0.9317630589008331
time: 1.6310985088348389
train loss
0.9269213974475861
time: 1.6333208084106445
train loss
0.9333844065666199
time: 1.6317851543426514
train loss
0.9329768657684326
time: 1.6326022148132324
train loss
0.9222787261009217
time: 1.6386795043945312
train loss
0.9131498217582703
time: 1.6469664573669434
train loss
0.9164729714393616
test loss
0.649604856967926
inf
/pscratch/sd/g/gzhao27/INR/SOMA/2024-12-11SOMA-inr_w030_ld256.pt
time: 1.637531042098999
train loss
0.918283224105835
time: 1.6395699977874756
train loss
0.9145753443241119
time: 1.6302096843719482
train loss
0.9063797950744629
time: 1.631540060043335
train loss
0.8996412575244903
time: 1.629969596862793
train loss
0.894789332151413
time: 1.6309781074523926
train loss
0.8934116423130035
time: 1.6311421394348145
train loss
0.9129828631877899
time: 1.6311557292938232
train loss
0.9450831294059754
time: 1.629951000213623
train loss
0.9252242386341095
time: 1.6311862468719482
train loss
0.9162035584449768
test loss
0.6513385534286499
inf
time: 1.6281511783599854
train loss
0.9092266738414765
time: 1.6293413639068604
train loss
0.9034987390041351
time: 1.6302952766418457
train loss
0.9038557052612305
time: 1.6297621726989746
train loss
0.9022849142551422
time: 1.6279144287109375
train loss
0.9097691357135773
time: 1.6300349235534668
train loss
0.9281419336795806
time: 1.6302375793457031
train loss
0.9278237879276275
time: 1.6306304931640625
train loss
0.9135705232620239
time: 1.6361181735992432
train loss
0.9057769119739533
time: 1.6323645114898682
train loss
0.8971638977527618
test loss
0.6478923082351684
inf
/pscratch/sd/g/gzhao27/INR/SOMA/2024-12-11SOMA-inr_w030_ld256.pt
time: 1.6333200931549072
train loss
0.8902320384979248
time: 1.6298208236694336
train loss
0.8851699590682983
time: 1.6309564113616943
train loss
0.8818519532680511
time: 1.6341800689697266
train loss
0.8947362124919891
time: 1.6301960945129395
train loss
0.8926582396030426
time: 1.6319758892059326
train loss
0.9078041911125183
time: 1.6284067630767822
train loss
0.8978344619274139
time: 1.6315624713897705
train loss
0.8876122057437896
time: 1.631148099899292
train loss
0.8829453349113464
time: 1.6279702186584473
train loss
0.8889470577239991
test loss
0.6413584232330323
inf
/pscratch/sd/g/gzhao27/INR/SOMA/2024-12-11SOMA-inr_w030_ld256.pt
time: 1.635805368423462
train loss
0.8880868494510651
time: 1.6318979263305664
train loss
0.8942882597446442
time: 1.6341166496276855
train loss
0.8845372438430786
time: 1.628147840499878
train loss
0.8796843111515045
time: 1.6311233043670654
train loss
0.9049905180931092
time: 1.6323003768920898
train loss
0.8962793469429016
time: 1.6295673847198486
train loss
0.8829876065254212
time: 1.6295480728149414
train loss
0.8725269138813019
time: 1.6311285495758057
train loss
0.8705409586429596
time: 1.6366162300109863
train loss
0.8765971779823303
test loss
0.6464921236038208
inf
time: 1.6339921951293945
train loss
0.8774543821811676
time: 1.6302800178527832
train loss
0.8780728816986084
time: 1.62908935546875
train loss
0.8703249096870422
time: 1.6306524276733398
train loss
0.8783137917518615
time: 1.628126859664917
train loss
0.8761328279972076
time: 1.6292767524719238
train loss
0.8790024757385254
time: 1.629640817642212
train loss
0.8866584420204162
time: 1.6293411254882812
train loss
0.8931666374206543
time: 1.6326658725738525
train loss
0.8933852970600128
time: 1.629612684249878
train loss
0.879288125038147
test loss
0.649687898159027
inf
time: 1.6363418102264404
train loss
0.8737085998058319
time: 1.6316027641296387
train loss
0.8692566931247712
time: 1.6307601928710938
train loss
0.8617896258831024
time: 1.631762981414795
train loss
0.8698544859886169
time: 1.6291172504425049
train loss
0.8741166353225708
time: 1.6287381649017334
train loss
0.8621926546096802
time: 1.639096975326538
train loss
0.8684484601020813
time: 1.6425983905792236
train loss
0.8675500094890595
time: 1.6443450450897217
train loss
0.8619337916374207
time: 1.6428265571594238
train loss
0.8620386302471161
test loss
0.648626697063446
inf
time: 1.649564266204834
train loss
0.891037768125534
time: 1.6410672664642334
train loss
0.8713053405284882
time: 1.6436021327972412
train loss
0.8700467109680176
time: 1.6442978382110596
train loss
0.8640364706516266
time: 1.6424438953399658
train loss
0.8658852934837341
time: 1.6467297077178955
train loss
0.8617338538169861
time: 1.6443021297454834
train loss
0.8611425995826721
time: 1.641862392425537
train loss
0.8580751419067383
time: 1.6435282230377197
train loss
0.8505324482917785
time: 1.642899751663208
train loss
0.8557665705680847
test loss
0.6293012022972106
inf
/pscratch/sd/g/gzhao27/INR/SOMA/2024-12-11SOMA-inr_w030_ld256.pt
time: 1.6391165256500244
train loss
0.8560615539550781
time: 1.6341078281402588
train loss
0.8775854051113129
time: 1.6313464641571045
train loss
0.866758531332016
time: 1.6302149295806885
train loss
0.8513542652130127
time: 1.6318373680114746
train loss
0.8532543838024139
time: 1.6313223838806152
train loss
0.8524099111557006
time: 1.6317048072814941
train loss
0.8612038373947144
time: 1.6314868927001953
train loss
0.8622476875782012
time: 1.6321086883544922
train loss
0.849173504114151
time: 1.632401466369629
train loss
0.84349325299263
test loss
0.6333028554916382
inf
time: 1.639923334121704
train loss
0.8598744511604309
time: 1.630180835723877
train loss
0.8404527962207794
time: 1.6302824020385742
train loss
0.8334344148635864
time: 1.633758544921875
train loss
0.8375344097614288
time: 1.6313934326171875
train loss
0.8733091592788697
time: 1.6326866149902344
train loss
0.8539998590946197
time: 1.6304645538330078
train loss
0.8522027969360352
time: 1.6322882175445557
train loss
0.8383636474609375
time: 1.6395947933197021
train loss
0.8309529900550843
time: 1.6296167373657227
train loss
0.8248107433319092
test loss
0.6251433491706848
inf
/pscratch/sd/g/gzhao27/INR/SOMA/2024-12-11SOMA-inr_w030_ld256.pt
time: 1.6294481754302979
train loss
0.8275047242641449
time: 1.63602614402771
train loss
0.8213358342647552
time: 1.6300835609436035
train loss
0.8244066119194031
time: 1.6309027671813965
train loss
0.8759473860263824
time: 1.6346020698547363
train loss
0.8579147279262542
time: 1.6327788829803467
train loss
0.8478497862815857
time: 1.6336066722869873
train loss
0.8385840713977813
time: 1.6329047679901123
train loss
0.8302757799625397
time: 1.6345233917236328
train loss
0.8241345584392548
time: 1.632516622543335
train loss
0.8162623584270478
test loss
0.6236374855041504
inf
/pscratch/sd/g/gzhao27/INR/SOMA/2024-12-11SOMA-inr_w030_ld256.pt
time: 1.6312687397003174
train loss
0.8137193381786346
time: 1.639636516571045
train loss
0.8106847941875458
time: 1.6430375576019287
train loss
0.8340630173683167
time: 1.645838737487793
train loss
0.8378887832164764
time: 1.643017053604126
train loss
0.8218147218227386
time: 1.62973952293396
train loss
0.8393352925777435
time: 1.6320431232452393
train loss
0.8385516345500946
time: 1.6314079761505127
train loss
0.8382074773311615
time: 1.6349010467529297
train loss
0.8590373814105987
time: 1.6421446800231934
train loss
0.842803567647934
test loss
0.6334770917892456
inf
time: 1.643439769744873
train loss
0.8309794127941131
time: 1.6297359466552734
train loss
0.8295837342739105
time: 1.6335759162902832
train loss
0.8403178691864014
time: 1.6309690475463867
train loss
0.8532406687736511
time: 1.6337132453918457
train loss
0.8831194579601288
time: 1.6303153038024902
train loss
0.9325509130954742
time: 1.631434679031372
train loss
0.9428445279598237
time: 1.6336843967437744
train loss
0.9092823922634125
time: 1.6331229209899902
train loss
0.8992500007152557
time: 1.6309592723846436
train loss
0.9324773728847504
test loss
0.6962843179702759
inf
time: 1.639336347579956
train loss
0.9641052901744842
time: 1.6328651905059814
train loss
0.973767215013504
time: 1.6327645778656006
train loss
0.9687486231327057
time: 1.6304669380187988
train loss
0.9323256492614747
time: 1.63100266456604
train loss
0.902690726518631
time: 1.6321029663085938
train loss
0.8972942531108856
time: 1.631702184677124
train loss
0.933154845237732
time: 1.6308882236480713
train loss
0.9252940893173218
time: 1.6373264789581299
train loss
0.909006404876709
time: 1.6407372951507568
train loss
0.9119883835315704
test loss
0.6600344181060791
inf
time: 1.6515159606933594
train loss
0.8943080961704254
time: 1.6361784934997559
train loss
0.8974312901496887
time: 1.6307778358459473
train loss
0.9094674468040467
time: 1.6323833465576172
train loss
0.8910052716732025
time: 1.6311662197113037
train loss
0.9018308222293854
time: 1.6317224502563477
train loss
0.8913903713226319
time: 1.6277179718017578
train loss
0.8881203532218933
time: 1.6295933723449707
train loss
0.8976641356945038
time: 1.629729986190796
train loss
0.8932835578918457
time: 1.6310429573059082
train loss
0.8804632008075715
test loss
0.6425520420074463
inf
time: 1.635512351989746
train loss
0.8721631050109864
time: 1.6322479248046875
train loss
0.8704588532447814
time: 1.6299407482147217
train loss
0.8693153321743011
time: 1.6312994956970215
train loss
0.8684450268745423
time: 1.6294853687286377
train loss
0.8926516950130463
time: 1.630610466003418
train loss
0.9034916996955872
time: 1.6319127082824707
train loss
0.8997102618217468
time: 1.6352472305297852
train loss
0.910945200920105
time: 1.6324567794799805
train loss
0.9011155784130096
time: 1.637425184249878
train loss
0.9136007070541382
test loss
0.663268768787384
inf
time: 1.650740623474121
train loss
0.9035454511642456
time: 1.64381742477417
train loss
0.9032925486564636
time: 1.6421229839324951
train loss
0.8959770143032074
time: 1.6426293849945068
train loss
0.9018976330757141
time: 1.6439306735992432
train loss
0.8913687944412232
time: 1.644469976425171
train loss
0.8944276630878448
time: 1.641603946685791
train loss
0.8858281314373017
time: 1.644284725189209
train loss
0.8842121183872222
time: 1.643568515777588
train loss
0.8747491538524628
time: 1.6450717449188232
train loss
0.8879097104072571
test loss
0.648202919960022
inf
time: 1.6483180522918701
train loss
0.8843591451644898
time: 1.6430926322937012
train loss
0.8822443366050721
time: 1.643322467803955
train loss
0.8807292342185974
time: 1.6435325145721436
train loss
0.8686969161033631
time: 1.6419053077697754
train loss
0.8626566231250763
time: 1.643752098083496
train loss
0.8678362607955933
time: 1.642765998840332
train loss
0.8810102880001068
time: 1.6428816318511963
train loss
0.8647491872310639
time: 1.6294260025024414
train loss
0.8558890998363495
time: 1.6315813064575195
train loss
0.8601002216339111
test loss
0.6312034964561463
inf
time: 1.62876296043396
train loss
0.8472128987312317
time: 1.6305246353149414
train loss
0.8530905425548554
time: 1.631737470626831
train loss
0.8535861134529114
time: 1.6371781826019287
train loss
0.8507711172103882
time: 1.632021427154541
train loss
0.8595830202102661
time: 1.630061388015747
train loss
0.8646182715892792
time: 1.6316888332366943
train loss
0.8884272575378418
time: 1.629584789276123
train loss
0.8853742897510528
time: 1.6313657760620117
train loss
0.8777362167835235
time: 1.6284732818603516
train loss
0.8947771072387696
test loss
0.6737533330917358
inf
time: 1.6310293674468994
train loss
0.9278477609157563
time: 1.630077838897705
train loss
0.9469077885150909
time: 1.6280896663665771
train loss
0.9441291689872742
time: 1.629911184310913
train loss
0.9233783423900604
time: 1.6287450790405273
train loss
0.9068815767765045
time: 1.632150411605835
train loss
0.9034327626228332
time: 1.6290738582611084
train loss
0.9000567615032196
time: 1.63857102394104
train loss
0.8904333293437958
time: 1.629941701889038
train loss
0.8848958730697631
time: 1.6312623023986816
train loss
0.8866097688674927
test loss
0.6432178616523743
inf
time: 1.6284687519073486
train loss
0.8834760546684265
time: 1.6299774646759033
train loss
0.8769711196422577
time: 1.6282193660736084
train loss
0.872090357542038
time: 1.6285393238067627
train loss
0.8797429621219635
time: 1.6317873001098633
train loss
0.8824540197849273
time: 1.630021095275879
train loss
0.8685801446437835
time: 1.6307411193847656
train loss
0.8715236604213714
time: 1.631300926208496
train loss
0.8659010887145996
time: 1.6312997341156006
train loss
0.8663674831390381
time: 1.6309442520141602
train loss
0.8571465730667114
test loss
0.6322266221046448
inf
time: 1.632251501083374
train loss
0.8522197306156158
time: 1.6304678916931152
train loss
0.8563590824604035
time: 1.6271612644195557
train loss
0.8546304702758789
time: 1.6304349899291992
train loss
0.8629153430461883
time: 1.6287055015563965
train loss
0.8693063497543335
time: 1.6307408809661865
train loss
0.8620298624038696
time: 1.6291778087615967
train loss
0.8550958216190339
time: 1.6294245719909668
train loss
0.8564577639102936
time: 1.627866506576538
train loss
0.846989119052887
time: 1.6292977333068848
train loss
0.853822934627533
test loss
0.6261078238487243
inf
time: 1.6323213577270508
train loss
0.8576782941818237
time: 1.6424179077148438
train loss
0.8859851956367493
time: 1.6308188438415527
train loss
0.8826537728309631
time: 1.6305420398712158
train loss
0.879733556509018
time: 1.631441593170166
train loss
0.8724642336368561
time: 1.6284904479980469
train loss
0.8720094442367554
time: 1.6380970478057861
train loss
0.8648083090782166
time: 1.6378493309020996
train loss
0.8760105729103088
time: 1.6357944011688232
train loss
0.8655588865280152
time: 1.6323318481445312
train loss
0.8662322342395783
test loss
0.643033230304718
inf
time: 1.6393976211547852
train loss
0.8616616427898407
time: 1.631439208984375
train loss
0.8549194931983948
time: 1.6295931339263916
train loss
0.8793684780597687
time: 1.6310946941375732
train loss
0.8729639947414398
time: 1.6312179565429688
train loss
0.8680574417114257
time: 1.6300222873687744
train loss
0.8795121967792511
time: 1.6330251693725586
train loss
0.8717857658863067
time: 1.6335854530334473
train loss
0.8798334777355195
time: 1.6302785873413086
train loss
0.8856236040592194
time: 1.6332638263702393
train loss
0.8858915984630584
test loss
0.6531669974327088
inf
time: 1.6371653079986572
train loss
0.8937658667564392
time: 1.632826566696167
train loss
0.9134632229804993
time: 1.6338245868682861
train loss
0.9096555650234223
time: 1.6347510814666748
train loss
0.9374274671077728
time: 1.6422686576843262
train loss
0.9591742157936096
time: 1.6410119533538818
train loss
0.9705256462097168
time: 1.6441030502319336
train loss
0.9662127137184143
time: 1.639530897140503
train loss
0.9644604086875915
time: 1.640458106994629
train loss
0.9524414777755738
time: 1.641840934753418
train loss
0.9639370203018188
test loss
0.6942789554595947
inf
time: 1.638359546661377
train loss
0.9561488032341003
time: 1.6319284439086914
train loss
0.9617904365062714
time: 1.6299593448638916
train loss
0.9704010188579559
time: 1.6317970752716064
train loss
0.9532336235046387
time: 1.6372063159942627
train loss
0.9244157314300537
time: 1.6331219673156738
train loss
0.9236667156219482
time: 1.6344716548919678
train loss
0.9181998074054718
time: 1.630073070526123
train loss
0.9346837043762207
time: 1.635904312133789
train loss
0.9272588789463043
time: 1.6308634281158447
train loss
0.9150370478630065
test loss
0.6591701030731201
inf
time: 1.63824462890625
train loss
0.913539582490921
time: 1.6336135864257812
train loss
0.9116601705551147
time: 1.6318962574005127
train loss
0.9019404053688049
time: 1.6306395530700684
train loss
0.894543033838272
time: 1.6319377422332764
train loss
0.8857973515987396
time: 1.630157232284546
train loss
0.8954104602336883
time: 1.631920337677002
train loss
0.8946974337100982
time: 1.6306993961334229
train loss
0.8925524234771729
time: 1.630655288696289
train loss
0.8866848111152649
time: 1.6327171325683594
train loss
0.8822552800178528
test loss
0.6366172909736634
inf
time: 1.6364474296569824
train loss
0.8810770690441132
time: 1.6307711601257324
train loss
0.9018700182437897
time: 1.6305582523345947
train loss
0.9255523025989533
time: 1.6296074390411377
train loss
0.9317580103874207
time: 1.629831075668335
train loss
0.9324724018573761
time: 1.6313023567199707
train loss
0.9186213731765747
time: 1.6287329196929932
train loss
0.9347454607486725
time: 1.6306195259094238
train loss
0.9291268587112427
time: 1.6316685676574707
train loss
0.916602486371994
time: 1.6291489601135254
train loss
0.9266167283058167
test loss
0.6695837378501892
inf
time: 1.635854959487915
train loss
0.9284146130084991
time: 1.6259465217590332
train loss
0.9219110488891602
time: 1.6328577995300293
train loss
0.9128975749015809
time: 1.629072904586792
train loss
0.9068448603153229
time: 1.631488561630249
train loss
0.9011886715888977
time: 1.6341147422790527
train loss
0.9023872017860413
time: 1.6326158046722412
train loss
0.8969150006771087
time: 1.6297588348388672
train loss
0.8936573922634125
time: 1.6319470405578613
train loss
0.9208252489566803
time: 1.629673957824707
train loss
0.9170988142490387
test loss
0.6579692721366882
nan
time: 1.6287212371826172
train loss
0.9245010733604431
time: 1.633268117904663
train loss
0.9343492567539216
time: 1.632659912109375
train loss
0.9485301017761231
time: 1.6282026767730713
train loss
0.951415890455246
time: 1.630659818649292
train loss
0.9521947145462036
time: 1.6291682720184326
train loss
0.9609211921691895
time: 1.6295781135559082
train loss
0.9474140882492066
time: 1.6263127326965332
train loss
0.9395360112190246
time: 1.6305770874023438
train loss
0.9304085373878479
time: 1.6319003105163574
train loss
0.9265782237052917
test loss
0.6615386247634888
inf
time: 1.638852834701538
train loss
0.9186166048049926
time: 1.6307194232940674
train loss
0.9106710195541382
time: 1.6326043605804443
train loss
0.9296430945396423
time: 1.641334056854248
train loss
0.9409097373485565
time: 1.630720853805542
train loss
0.9288534104824067
time: 1.636218547821045
train loss
0.9172730863094329
time: 1.6285643577575684
train loss
0.9200334429740906
time: 1.6285905838012695
train loss
0.9243205845355987
time: 1.6319172382354736
train loss
0.9211314499378205
time: 1.6322283744812012
train loss
0.9253565609455109
test loss
0.6517964839935303
inf
time: 1.6335139274597168
train loss
0.9150067150592804
time: 1.6308128833770752
train loss
0.9263925313949585
time: 1.631944179534912
train loss
0.9229873955249787
time: 1.631420373916626
train loss
0.9153941690921783
time: 1.6309840679168701
train loss
0.9239775240421295
time: 1.6312370300292969
train loss
0.9219695925712585
time: 1.6295208930969238
train loss
0.923398756980896
time: 1.6321003437042236
train loss
0.9280160546302796
time: 1.6279053688049316
train loss
0.9304121851921081
time: 1.6328120231628418
train loss
0.9192927062511445
test loss
0.6525698184967041
inf
time: 1.645733118057251
train loss
0.9112107992172241
time: 1.6426279544830322
train loss
0.9103469491004944
time: 1.6306531429290771
train loss
0.9272560954093934
time: 1.6339271068572998
train loss
0.9320539653301239
time: 1.6304817199707031
train loss
0.9210285186767578
time: 1.6378822326660156
train loss
0.922383290529251
time: 1.6382195949554443
train loss
0.9218626260757447
time: 1.6331470012664795
train loss
0.9293827652931214
time: 1.631690502166748
train loss
0.9331781208515167
time: 1.6298718452453613
train loss
0.9248211503028869
test loss
0.6531470417976379
inf
time: 1.6394293308258057
train loss
0.9177364885807038
time: 1.6296534538269043
train loss
0.9137679994106293
time: 1.6334187984466553
train loss
0.9113274455070496
time: 1.6335315704345703
train loss
0.903457635641098
time: 1.6381416320800781
train loss
0.9045099020004272
time: 1.6480414867401123
train loss
0.8982439815998078
time: 1.646897792816162
train loss
0.8961726427078247
time: 1.6473004817962646
train loss
0.9022658228874206
time: 1.6434009075164795
train loss
0.9168201982975006
time: 1.6460833549499512
train loss
0.907135283946991
test loss
0.6477330923080444
inf
time: 1.6510720252990723
train loss
0.9098485469818115
time: 1.6353168487548828
train loss
0.9062608003616333
time: 1.634364128112793
train loss
0.908440351486206
time: 1.6339874267578125
train loss
0.8987415850162506
time: 1.6441338062286377
train loss
0.8952999234199523
time: 1.6441152095794678
train loss
0.9030500710010528
time: 1.643902063369751
train loss
0.9162726759910583
time: 1.6457922458648682
train loss
0.914025855064392
time: 1.6422145366668701
train loss
0.9202711820602417
time: 1.6343157291412354
train loss
0.9120758950710297
test loss
0.6583314776420593
inf
time: 1.6465065479278564
train loss
0.9114022552967072
time: 1.6497554779052734
train loss
0.9115162551403045
time: 1.6469197273254395
train loss
0.9082915365695954
time: 1.644028663635254
train loss
0.9117201566696167
time: 1.6443407535552979
train loss
0.9201004087924958
time: 1.644317388534546
train loss
0.9370396733283997
time: 1.6413371562957764
train loss
0.9310613214969635
time: 1.6451430320739746
train loss
0.9226475119590759
time: 1.6504967212677002
train loss
0.9284046113491058
time: 1.6439502239227295
train loss
0.9353361070156098
test loss
0.6662569642066956
inf
time: 1.6514074802398682
train loss
0.9399405717849731
time: 1.6450862884521484
train loss
0.92694011926651
time: 1.6468698978424072
train loss
0.9277400135993957
time: 1.645188570022583
train loss
0.9269970417022705
time: 1.6421771049499512
train loss
0.9182800352573395
time: 1.6415164470672607
train loss
0.9210351049900055
time: 1.6412177085876465
train loss
0.9241209506988526
time: 1.6441996097564697
train loss
0.9107817351818085
time: 1.6422486305236816
train loss
0.9117814004421234
time: 1.6341581344604492
train loss
0.9120433688163757
test loss
0.6475713968276977
inf
time: 1.6314144134521484
train loss
0.9062015593051911
time: 1.629669427871704
train loss
0.9202318549156189
time: 1.6327173709869385
train loss
0.9262150645256042
time: 1.6340970993041992
train loss
0.9364688992500305
time: 1.6321914196014404
train loss
0.9244878828525543
time: 1.6323418617248535
train loss
0.9330942213535309
time: 1.6292204856872559
train loss
0.9205326199531555
time: 1.6376328468322754
train loss
0.913569164276123
time: 1.6414649486541748
train loss
0.9148104965686799
time: 1.6405048370361328
train loss
0.9004910290241241
test loss
0.6487296104431153
inf
time: 1.6489183902740479
train loss
0.9172955572605133
time: 1.641423225402832
train loss
0.919319462776184
time: 1.629120111465454
train loss
0.9122353553771972
time: 1.6335680484771729
train loss
0.9189778923988342
time: 1.6355838775634766
train loss
0.9117963910102844
time: 1.6344325542449951
train loss
0.9120017647743225
time: 1.6429038047790527
train loss
0.9187702000141144
time: 1.6429450511932373
train loss
0.9331869065761567
time: 1.6393744945526123
train loss
0.9224334597587586
time: 1.6438581943511963
train loss
0.9137319505214692
test loss
0.6557705879211426
inf
time: 1.6513340473175049
train loss
0.9138191401958465
time: 1.6394879817962646
train loss
0.9182766318321228
time: 1.6328539848327637
train loss
0.9137668132781982
time: 1.6411521434783936
train loss
0.9178680360317231
time: 1.642448902130127
train loss
0.9168171644210815
time: 1.6409895420074463
train loss
0.9136064767837524
time: 1.645047664642334
train loss
0.9131685435771942
time: 1.64644455909729
train loss
0.9067028582096099
time: 1.6416923999786377
train loss
0.9149177610874176
time: 1.6391775608062744
train loss
0.9188691318035126
test loss
0.651383352279663
inf
time: 1.6410388946533203
train loss
0.9067490041255951
time: 1.6364521980285645
train loss
0.9077822804450989
time: 1.6323225498199463
train loss
0.9161922693252563
time: 1.6439626216888428
train loss
0.9084551274776459
time: 1.6427350044250488
train loss
0.9075464069843292
time: 1.633746862411499
train loss
0.9067915618419647
time: 1.6311326026916504
train loss
0.9107683300971985
time: 1.6377456188201904
train loss
0.9021732687950135
time: 1.6329419612884521
train loss
0.9090651392936706
time: 1.6374897956848145
train loss
0.9064796149730683
test loss
0.6543835759162903
inf
time: 1.6432111263275146
train loss
0.9203604817390442
time: 1.633807897567749
train loss
0.9254730045795441
time: 1.6308043003082275
train loss
0.9171645164489746
time: 1.633065938949585
train loss
0.9126127064228058
time: 1.6317691802978516
train loss
0.9079811096191406
time: 1.6315515041351318
train loss
0.92325639128685
time: 1.6314723491668701
train loss
0.9352226078510284
time: 1.6329586505889893
train loss
0.9498265564441681
time: 1.6327672004699707
train loss
0.9627610981464386
time: 1.631824254989624
train loss
0.9482614934444428
test loss
0.6745890617370606
inf
time: 1.641530990600586
train loss
0.9443684756755829
time: 1.6348202228546143
train loss
0.9342662632465363
time: 1.6315507888793945
train loss
0.9263136386871338
time: 1.6313652992248535
train loss
0.9289597928524017
time: 1.6317594051361084
train loss
0.9366388380527496
time: 1.6326425075531006
train loss
0.9329431295394898
time: 1.6335878372192383
train loss
0.9331040799617767
time: 1.6321332454681396
train loss
0.9348136723041535
time: 1.634458303451538
train loss
0.9237284421920776
time: 1.6376051902770996
train loss
0.9174490332603454
test loss
0.6529745578765869
inf
time: 1.6418397426605225
train loss
0.9112123548984528
time: 1.630552053451538
train loss
0.9129885792732239
time: 1.631256341934204
train loss
0.913095235824585
time: 1.6342463493347168
train loss
0.9108705937862396
time: 1.6443915367126465
train loss
0.9160689115524292
time: 1.643122673034668
train loss
0.928253972530365
time: 1.6412556171417236
train loss
0.9222735583782196
time: 1.64341139793396
train loss
0.9159731209278107
time: 1.64424729347229
train loss
0.9123823046684265
time: 1.642273187637329
train loss
0.9090720057487488
test loss
0.6496734738349914
inf
time: 1.6518263816833496
train loss
0.9127417206764221
time: 1.6411185264587402
train loss
0.9081855356693268
time: 1.6458520889282227
train loss
0.9142882049083709
time: 1.6419832706451416
train loss
0.9054108142852784
time: 1.6370856761932373
train loss
0.9053345561027527
time: 1.6347887516021729
train loss
0.9078403174877167
time: 1.646284580230713
train loss
0.9025500535964965
time: 1.6429009437561035
train loss
0.9145257353782654
time: 1.6437790393829346
train loss
0.9182433843612671
time: 1.6449544429779053
train loss
0.9202912390232086
test loss
0.6611026167869568
inf
time: 1.6415743827819824
train loss
0.9195781230926514
time: 1.6364805698394775
train loss
0.9092000961303711
time: 1.632829189300537
train loss
0.9109244346618652
time: 1.632401466369629
train loss
0.9040502667427063
time: 1.6340861320495605
train loss
0.9081651747226716
time: 1.6346251964569092
train loss
0.9210236370563507
time: 1.6412477493286133
train loss
0.9218205451965332
time: 1.630774736404419
train loss
0.9208924889564514
time: 1.6290063858032227
train loss
0.9252855479717255
time: 1.6314146518707275
train loss
0.9188829720020294
test loss
0.6544814825057983
inf
time: 1.6388194561004639
train loss
0.909001213312149
time: 1.6303255558013916
train loss
0.9097144603729248
time: 1.6300184726715088
train loss
0.9107065200805664
time: 1.6293385028839111
train loss
0.9129432678222656
time: 1.6330149173736572
train loss
0.9125141620635986
time: 1.6323394775390625
train loss
0.9147531151771545
time: 1.6298596858978271
train loss
0.9079049706459046
time: 1.632093906402588
train loss
0.9164966702461242
time: 1.6318135261535645
train loss
0.9132899641990662
time: 1.637333631515503
train loss
0.916560173034668
test loss
0.6486311912536621
inf
time: 1.6409263610839844
train loss
0.9044441759586335
time: 1.6378345489501953
train loss
0.9057605564594269
time: 1.6310832500457764
train loss
0.8967434525489807
time: 1.6338694095611572
train loss
0.9067790627479553
time: 1.6340997219085693
train loss
0.8997513890266419
time: 1.6336946487426758
train loss
0.8985407590866089
time: 1.6347434520721436
train loss
0.9065841436386108
time: 1.6315395832061768
train loss
0.9228361904621124
time: 1.6330807209014893
train loss
0.9399104535579681
time: 1.6329150199890137
train loss
0.9399329721927643
test loss
0.6689574599266053
inf
time: 1.6427676677703857
train loss
0.9468268036842347
time: 1.6309089660644531
train loss
0.9973929464817047
time: 1.6322910785675049
train loss
1.0544319212436677
time: 1.634403944015503
train loss
1.031369012594223
time: 1.634856939315796
train loss
1.0218801975250245
time: 1.6340522766113281
train loss
1.019387412071228
time: 1.6324031352996826
train loss
0.9999441921710968
time: 1.6323151588439941
train loss
0.9970959067344666
time: 1.6333582401275635
train loss
0.9967731952667236
time: 1.635117769241333
train loss
0.9925942361354828
test loss
0.6946447134017945
inf
time: 1.6393826007843018
train loss
0.9801405370235443
time: 1.635352611541748
train loss
0.9775070548057556
time: 1.6317853927612305
train loss
0.966242891550064
time: 1.6347248554229736
train loss
0.9611966013908386
time: 1.6365025043487549
train loss
0.9633501827716827
time: 1.6326181888580322
train loss
0.9701915264129639
time: 1.6366844177246094
train loss
0.9636573076248169
time: 1.6336252689361572
train loss
0.9519055604934692
time: 1.6332855224609375
train loss
0.9493882954120636
time: 1.634650707244873
train loss
0.9435994267463684
test loss
0.6669631958007812
inf
time: 1.652780294418335
train loss
0.9439867436885834
time: 1.6426334381103516
train loss
0.9486710667610169
time: 1.643073320388794
train loss
0.9505902469158173
time: 1.6423797607421875
train loss
0.9506076335906982
time: 1.641495704650879
train loss
0.9485313653945923
time: 1.643974781036377
train loss
0.9525884747505188
time: 1.6422877311706543
train loss
0.9605882048606873
time: 1.6449041366577148
train loss
0.9696706533432007
time: 1.642425537109375
train loss
0.9756387054920197
time: 1.643388271331787
train loss
0.969289356470108
test loss
0.6791487455368042
inf
time: 1.6480779647827148
train loss
0.967918336391449
time: 1.641702651977539
train loss
0.9715782821178436
time: 1.642989158630371
train loss
0.9742064356803894
time: 1.6426937580108643
train loss
0.9717020392417908
time: 1.6430327892303467
train loss
0.97061527967453
time: 1.6416451930999756
train loss
0.9689839065074921
time: 1.6428699493408203
train loss
0.9686212599277496
time: 1.641181468963623
train loss
0.9687642574310302
time: 1.645237922668457
train loss
0.9867430984973907
time: 1.6422128677368164
train loss
0.9849871933460236
test loss
0.6889759659767151
inf
time: 1.6433930397033691
train loss
0.9777297437191009
time: 1.6465392112731934
train loss
0.9731925249099731
time: 1.6415634155273438
train loss
0.9675112307071686
time: 1.6460340023040771
train loss
0.9644450545310974
time: 1.6440834999084473
train loss
0.9637327134609223
time: 1.6423249244689941
train loss
0.96230508685112
time: 1.6450235843658447
train loss
0.964030283689499
time: 1.6342370510101318
train loss
0.9612216591835022
time: 1.6322226524353027
train loss
0.9595706045627594
time: 1.6306898593902588
train loss
0.9587457954883576
test loss
0.6701396465301513
inf
time: 1.632936954498291
train loss
0.9580135345458984
time: 1.6317541599273682
train loss
0.9514193773269654
time: 1.6315457820892334
train loss
0.954595685005188
time: 1.6345221996307373
train loss
0.9591842591762543
time: 1.6363961696624756
train loss
0.959645664691925
time: 1.6447458267211914
train loss
0.9564253687858582
time: 1.6449077129364014
train loss
0.9554602801799774
time: 1.6433992385864258
train loss
0.9564393043518067
time: 1.6365811824798584
train loss
0.952406644821167
time: 1.6347637176513672
train loss
0.9507004976272583
test loss
0.6698298692703247
inf
time: 1.639538288116455
train loss
0.9546120047569275
time: 1.6321396827697754
train loss
0.9492785573005676
time: 1.6280546188354492
train loss
0.9479014098644256
time: 1.6425306797027588
train loss
0.9559506475925446
time: 1.642303228378296
train loss
0.9481172204017639
time: 1.640784502029419
train loss
0.9486168563365937
time: 1.6401164531707764
train loss
0.9445705473423004
time: 1.643320083618164
train loss
0.9497085988521576
time: 1.6400644779205322
train loss
0.9525704741477966
time: 1.638277292251587
train loss
0.9535295128822326
test loss
0.6638692617416382
inf
time: 1.639488697052002
train loss
0.9555000543594361
time: 1.63437819480896
train loss
0.9544720411300659
time: 1.6454691886901855
train loss
0.9474213123321533
time: 1.6448099613189697
train loss
0.94562748670578
time: 1.642592191696167
train loss
0.9501887857913971
time: 1.6401557922363281
train loss
0.9529561579227448
time: 1.6435210704803467
train loss
0.9539434731006622
time: 1.641380786895752
train loss
0.9589354991912842
time: 1.6427876949310303
train loss
0.955545574426651
time: 1.6434049606323242
train loss
0.9512099027633667
test loss
0.6694121479988098
inf
time: 1.6526291370391846
train loss
0.953635823726654
time: 1.6374609470367432
train loss
0.9547652006149292
time: 1.6297402381896973
train loss
0.957327663898468
time: 1.6323833465576172
train loss
0.9657119572162628
time: 1.6326611042022705
train loss
0.9708651304244995
time: 1.6333138942718506
train loss
0.9740312814712524
time: 1.634366512298584
train loss
0.974970418214798
time: 1.6318786144256592
train loss
0.9764564990997314
time: 1.6332998275756836
train loss
0.9798420488834381
time: 1.6390392780303955
train loss
0.9832147538661957
test loss
0.6840946078300476
inf
time: 1.645871639251709
train loss
0.9723738253116607
time: 1.6434993743896484
train loss
0.9646356701850891
time: 1.6438701152801514
train loss
0.959356564283371
time: 1.6408698558807373
train loss
0.9556947588920593
time: 1.6439905166625977
train loss
0.9533620774745941
time: 1.6400806903839111
train loss
0.9535063922405242
time: 1.6440935134887695
train loss
0.9557108819484711
time: 1.6421630382537842
train loss
0.948409253358841
time: 1.6411056518554688
train loss
0.9455836832523346
time: 1.6407506465911865
train loss
0.9457480072975158
test loss
0.6620200157165528
inf
time: 1.644592523574829
train loss
0.9443742334842682
time: 1.631108045578003
train loss
0.9442600309848785
time: 1.6305513381958008
train loss
0.9393407225608825
time: 1.631833791732788
train loss
0.9424484372138977
time: 1.630464792251587
train loss
0.9402935802936554
time: 1.6314735412597656
train loss
0.9433343708515167
time: 1.6332402229309082
train loss
0.9455996990203858
time: 1.6318824291229248
train loss
0.9501315355300903
time: 1.6305656433105469
train loss
0.9479678928852081
time: 1.6318879127502441
train loss
0.9474494576454162
test loss
0.66548752784729
inf
time: 1.6412568092346191
train loss
0.9478049039840698
time: 1.630573034286499
train loss
0.9456701695919036
time: 1.6304981708526611
train loss
0.9384608149528504
time: 1.6350178718566895
train loss
0.9402973890304566
time: 1.6313164234161377
train loss
0.9470665872097015
time: 1.6338441371917725
train loss
0.9454020917415619
time: 1.6410455703735352
train loss
0.9558553814888
time: 1.6335690021514893
train loss
0.9513596534729004
time: 1.6296262741088867
train loss
0.9464308023452759
time: 1.632044792175293
train loss
0.9509916543960572
test loss
0.6649957776069642
inf
time: 1.6389915943145752
train loss
0.9465346276760102
time: 1.634791374206543
train loss
0.946102899312973
time: 1.6317718029022217
train loss
0.9451003909111023
time: 1.6306588649749756
train loss
0.9422709226608277
time: 1.6314246654510498
train loss
0.9428748250007629
time: 1.6325409412384033
train loss
0.9410813689231873
time: 1.6326992511749268
train loss
0.9360226929187775
time: 1.642725944519043
train loss
0.9342682898044586
time: 1.6442286968231201
train loss
0.9358072996139526
time: 1.6405668258666992
train loss
0.9367687106132507
test loss
0.6602667808532715
inf
time: 1.6381700038909912
train loss
0.9341732025146484
time: 1.633275032043457
train loss
0.95094593167305
time: 1.6328294277191162
train loss
0.9501026451587677
time: 1.633363962173462
train loss
0.9519056379795074
time: 1.6316072940826416
train loss
0.9567126035690308
time: 1.632293462753296
train loss
0.9578815221786499
time: 1.6310312747955322
train loss
0.94959836602211
time: 1.6337535381317139
train loss
0.9502544820308685
time: 1.6343636512756348
train loss
0.9563952684402466
time: 1.6334187984466553
train loss
0.9551843881607056
test loss
0.668984341621399
inf
time: 1.6323513984680176
train loss
0.9487145125865937
time: 1.6324529647827148
train loss
0.9453315973281861
time: 1.634117603302002
train loss
0.9465685069561005
time: 1.6315858364105225
train loss
0.940769362449646
time: 1.6322734355926514
train loss
0.9373755872249603
time: 1.6367027759552002
train loss
0.9356156826019287
time: 1.6378891468048096
train loss
0.9316761016845703
time: 1.6325526237487793
train loss
0.9327731192111969
time: 1.6282882690429688
train loss
0.9325074076652526
time: 1.6297171115875244
train loss
0.9368485152721405
test loss
0.6605481266975403
inf
time: 1.6399235725402832
train loss
0.9294393539428711
time: 1.639779806137085
train loss
0.9322760760784149
time: 1.6418113708496094
train loss
0.9309086561203003
time: 1.6398289203643799
train loss
0.9360559701919555
time: 1.643939733505249
train loss
0.9428012847900391
time: 1.6449687480926514
train loss
0.9382173180580139
time: 1.6385700702667236
train loss
0.9348533451557159
time: 1.642432689666748
train loss
0.9367971658706665
time: 1.6426315307617188
train loss
0.9423687398433686
time: 1.642716407775879
train loss
0.9348252177238464
test loss
0.6558428168296814
inf
time: 1.6374318599700928
train loss
0.9424919784069061
time: 1.6313176155090332
train loss
0.9425276756286621
time: 1.6321303844451904
train loss
0.9379855334758759
time: 1.6375911235809326
train loss
0.9357288658618927
time: 1.6418352127075195
train loss
0.9352860450744629
time: 1.6419966220855713
train loss
0.9294919490814209
time: 1.640456199645996
train loss
0.9337423861026763
time: 1.6465973854064941
train loss
0.9337371051311493
time: 1.6434094905853271
train loss
0.9366710603237152
time: 1.6409761905670166
train loss
0.9313832461833954
test loss
0.6622631072998046
inf
time: 1.65045166015625
train loss
0.9373391151428223
time: 1.6382849216461182
train loss
0.9372683346271515
time: 1.6379735469818115
train loss
0.9374113261699677
time: 1.6400506496429443
train loss
0.9424171388149262
time: 1.6339588165283203
train loss
0.9401767015457153
time: 1.6319305896759033
train loss
0.9347450733184814
time: 1.629725694656372
train loss
0.9342036664485931
time: 1.629725456237793
train loss
0.9433289527893066
time: 1.6399781703948975
train loss
0.9502054274082183
time: 1.6407201290130615
train loss
0.948442280292511
test loss
0.6664393901824951
inf
time: 1.6409964561462402
train loss
0.9483382821083068
time: 1.630591869354248
train loss
0.9417522311210632
time: 1.6308386325836182
train loss
0.9421584844589234
time: 1.6356213092803955
train loss
0.9447089672088623
time: 1.645430564880371
train loss
0.9405527591705323
time: 1.6409246921539307
train loss
0.9381591618061066
time: 1.64424467086792
train loss
0.935275936126709
time: 1.6390504837036133
train loss
0.9374668538570404
time: 1.642726182937622
train loss
0.9366091370582581
time: 1.6453988552093506
train loss
0.9373627603054047
test loss
0.6593708395957947
inf
time: 1.6415977478027344
train loss
0.9376481175422668
time: 1.6394524574279785
train loss
0.938201767206192
time: 1.6390101909637451
train loss
0.9356442868709565
time: 1.6316399574279785
train loss
0.9403459429740906
time: 1.632253885269165
train loss
0.9399919390678406
time: 1.6300873756408691
train loss
0.9434287130832673
time: 1.6291992664337158
train loss
0.9350663781166076
time: 1.628047227859497
train loss
0.9349620163440704
time: 1.629502773284912
train loss
0.9509387254714966
time: 1.6306354999542236
train loss
0.9553483486175537
test loss
0.6709959387779236
inf
time: 1.6425201892852783
train loss
0.9518930315971375
time: 1.6442129611968994
train loss
0.9535848021507263
time: 1.642038345336914
train loss
0.9646362125873565
time: 1.6373798847198486
train loss
0.9700554549694062
time: 1.640904188156128
train loss
0.9715552628040314
time: 1.6396536827087402
train loss
0.9775282561779022
time: 1.6371784210205078
train loss
0.9760039985179901
time: 1.634077787399292
train loss
0.986531800031662
time: 1.6324682235717773
train loss
0.9772787153720855
time: 1.631068229675293
train loss
0.9793463230133057
test loss
0.6930629491806031
inf
time: 1.6315264701843262
train loss
0.9886512458324432
time: 1.6346054077148438
train loss
0.9875383615493775
time: 1.6406059265136719
train loss
0.98165922164917
time: 1.6425063610076904
train loss
0.9794570744037628
time: 1.6419885158538818
train loss
0.9650708854198455
time: 1.6397438049316406
train loss
0.9656213819980621
time: 1.6440045833587646
train loss
0.9745610594749451
time: 1.6425268650054932
train loss
0.9927106440067291
time: 1.6480944156646729
train loss
0.9956516563892365
time: 1.6398594379425049
train loss
0.9925526738166809
test loss
0.695087218284607
inf
time: 1.6478371620178223
train loss
1.0219449639320373
time: 1.6394917964935303
train loss
1.0576310276985168
time: 1.6408898830413818
train loss
1.0669184505939484
time: 1.6398584842681885
train loss
1.0633152782917024
time: 1.6478893756866455
train loss
1.0577980160713196
time: 1.6285903453826904
train loss
1.0564680457115174
time: 1.628770351409912
train loss
1.0509477019309998
time: 1.6285710334777832
train loss
1.0606853067874908
time: 1.6276440620422363
train loss
1.062742865085602
time: 1.629922866821289
train loss
1.0560415506362915
test loss
0.7509864926338196
inf
time: 1.6417808532714844
train loss
1.0535271763801575
time: 1.6276752948760986
train loss
1.0460848748683929
time: 1.634986162185669
train loss
1.0469331800937653
time: 1.6298096179962158
train loss
1.0411572396755218
time: 1.63018798828125
train loss
1.0390711367130279
time: 1.6340441703796387
train loss
1.0338568150997163
time: 1.6337230205535889
train loss
1.0265888452529908
time: 1.6309857368469238
train loss
1.0187556147575378
time: 1.6286835670471191
train loss
1.0207731902599335
time: 1.6305367946624756
train loss
1.0224996984004975
test loss
0.7079138040542603
inf
time: 1.6371099948883057
train loss
1.016427206993103
time: 1.6285817623138428
train loss
1.0157064616680145
time: 1.6301429271697998
train loss
1.0160317957401275
time: 1.6308398246765137
train loss
1.0181039929389955
time: 1.636411428451538
train loss
1.0189914941787719
time: 1.6323444843292236
train loss
1.015841156244278
time: 1.631737232208252
train loss
1.0120518863201142
time: 1.6286797523498535
train loss
1.0054706156253814
time: 1.627788782119751
train loss
1.0012952089309692
time: 1.6294381618499756
train loss
0.9986444652080536
test loss
0.6960226893424988
inf
time: 1.6362009048461914
train loss
0.9974101424217224
time: 1.6271312236785889
train loss
0.9969217240810394
time: 1.6294817924499512
train loss
0.9995470821857453
time: 1.6295750141143799
train loss
1.0027344465255736
time: 1.6332738399505615
train loss
1.0085951745510102
time: 1.6434955596923828
train loss
1.003288024663925
time: 1.6360039710998535
train loss
1.0090066492557526
time: 1.6304118633270264
train loss
1.0183977365493775
time: 1.629514455795288
train loss
1.021382474899292
time: 1.63246750831604
train loss
1.020401519536972
test loss
0.72282634973526
inf
time: 1.638369083404541
train loss
1.0168592095375062
time: 1.6301686763763428
train loss
1.0146642863750457
time: 1.628697395324707
train loss
1.009160977602005
time: 1.6306898593902588
train loss
1.0106806576251983
time: 1.6301391124725342
train loss
1.0112383604049682
time: 1.6296746730804443
train loss
1.021713560819626
time: 1.6345243453979492
train loss
1.0232357919216155
time: 1.641725778579712
train loss
1.020179545879364
time: 1.6421864032745361
train loss
1.0201155185699462
time: 1.6418187618255615
train loss
1.0288878321647643
test loss
0.7272747993469239
inf
time: 1.6411142349243164
train loss
1.0323827922344209
time: 1.6402604579925537
train loss
1.029297411441803
time: 1.6442675590515137
train loss
1.02450150847435
time: 1.6410143375396729
train loss
1.0282537579536437
time: 1.6466851234436035
train loss
1.0367883801460267
time: 1.6422197818756104
train loss
1.040492594242096
time: 1.6364035606384277
train loss
1.0456999719142914
time: 1.6300361156463623
train loss
1.0459282219409942
time: 1.6295506954193115
train loss
1.0445675909519196
time: 1.631594181060791
train loss
1.0429265975952149
test loss
0.7348142266273499
inf
time: 1.6268587112426758
train loss
1.0422364115715026
time: 1.6296355724334717
train loss
1.0399900317192077
time: 1.6341643333435059
train loss
1.036838299036026
time: 1.6272056102752686
train loss
1.0339482188224793
time: 1.6274373531341553
train loss
1.031242662668228
time: 1.6272830963134766
train loss
1.0299913585186005
time: 1.6267445087432861
train loss
1.0332581877708436
time: 1.6288859844207764
train loss
1.0308933496475219
time: 1.6276414394378662
train loss
1.0318989515304566
time: 1.6479101181030273
train loss
1.030226194858551
test loss
0.7235018134117126
inf
time: 1.6386942863464355
train loss
1.0294590592384338
time: 1.6368460655212402
train loss
1.0288852095603942
time: 1.6391215324401855
train loss
1.0247893273830413
time: 1.637787103652954
train loss
1.0235016345977783
time: 1.6389977931976318
train loss
1.0222211003303527
time: 1.6410233974456787
train loss
1.022481781244278
time: 1.631807804107666
train loss
1.0220263719558715
time: 1.628199815750122
train loss
1.0230627596378326
time: 1.6350078582763672
train loss
1.0235827207565307
time: 1.6311149597167969
train loss
1.0229474544525146
test loss
0.7173639416694642
inf
time: 1.6278002262115479
train loss
1.02288076877594
time: 1.6290109157562256
train loss
1.0228310525417328
time: 1.6277062892913818
train loss
1.021623855829239
time: 1.6321628093719482
train loss
1.021342384815216
time: 1.6271567344665527
train loss
1.0207816660404205
time: 1.6309304237365723
train loss
1.0206863224506377
time: 1.6288812160491943
train loss
1.0181436359882354
time: 1.6280744075775146
train loss
1.018079149723053
time: 1.6292593479156494
train loss
1.018035876750946
time: 1.6275460720062256
train loss
1.0179429650306702
test loss
0.7113425850868225
inf
time: 1.6361489295959473
train loss
1.017118412256241
time: 1.6343765258789062
train loss
1.0158958733081818
time: 1.6282334327697754
train loss
1.015089362859726
time: 1.629258394241333
train loss
1.0151421964168548
time: 1.630167007446289
train loss
1.0142462134361268
time: 1.6322941780090332
train loss
1.013412481546402
time: 1.632300853729248
train loss
1.0141163349151612
time: 1.634214162826538
train loss
1.0145239114761353
time: 1.643218755722046
train loss
1.01513232588768
time: 1.6422643661499023
train loss
1.014479523897171
test loss
0.7082065224647522
inf
time: 1.6420247554779053
train loss
1.013269966840744
time: 1.6425144672393799
train loss
1.0131207704544067
time: 1.6428768634796143
train loss
1.0114486932754516
time: 1.6454453468322754
train loss
1.0110933125019073
time: 1.642915964126587
train loss
1.011524510383606
time: 1.6428911685943604
train loss
1.0118030607700348
time: 1.6473469734191895
train loss
1.0115462124347687
time: 1.6423616409301758
train loss
1.0118521213531495
time: 1.642512559890747
train loss
1.0113843500614166
time: 1.6421904563903809
train loss
1.0096152067184447
test loss
0.7048888802528381
inf
time: 1.6506173610687256
train loss
1.0102108240127563
time: 1.6419241428375244
train loss
1.0090674340724946
time: 1.639953851699829
train loss
1.008007949590683
time: 1.6405000686645508
train loss
1.007788211107254
time: 1.6380589008331299
train loss
1.0072810232639313
time: 1.6422042846679688
train loss
1.0062830328941346
time: 1.6396183967590332
train loss
1.0056809425354003
time: 1.6473400592803955
train loss
1.0054439425468444
time: 1.635861873626709
train loss
1.0057809829711915
time: 1.6293425559997559
train loss
1.0056073307991027
test loss
0.6997774362564086
inf
time: 1.6277849674224854
train loss
1.0049659609794617
time: 1.626840353012085
train loss
1.0045402884483337
time: 1.6263189315795898
train loss
1.0047905623912812
time: 1.6278696060180664
train loss
1.0043953359127045
time: 1.6326467990875244
train loss
1.0054817736148833
time: 1.6359901428222656
train loss
1.0067283630371093
time: 1.6277821063995361
train loss
1.0065033376216888
time: 1.6301801204681396
train loss
1.0070105493068695
time: 1.629037618637085
train loss
1.0061996340751649
time: 1.6315784454345703
train loss
1.0053409218788147
test loss
0.6984885334968567
inf
time: 1.6417531967163086
train loss
1.0050140917301178
time: 1.627049207687378
train loss
1.0044714033603668
time: 1.6285734176635742
train loss
1.0039308309555053
time: 1.6294918060302734
train loss
1.0029202818870544
time: 1.6283397674560547
train loss
1.0025231420993805
time: 1.6316585540771484
train loss
1.0018344521522522
time: 1.6286869049072266
train loss
1.002085381746292
time: 1.631415605545044
train loss
1.00208660364151
time: 1.6267480850219727
train loss
1.0017449855804443
time: 1.6298322677612305
train loss
1.001660454273224
test loss
0.6952020764350891
inf
time: 1.6284420490264893
train loss
1.0015063047409059
time: 1.6293818950653076
train loss
1.0012107253074647
time: 1.632868766784668
train loss
1.001631760597229
time: 1.6412577629089355
train loss
1.001675659418106
time: 1.6424040794372559
train loss
1.0021254897117615
time: 1.6421568393707275
train loss
1.0033486306667327
time: 1.64033842086792
train loss
1.0030633866786958
time: 1.641660451889038
train loss
1.0023409605026246
time: 1.6285605430603027
train loss
1.0026331841945648
time: 1.6304502487182617
train loss
1.0019067347049713
test loss
0.6958390951156617
inf
time: 1.6470093727111816
train loss
1.0016724646091462
time: 1.6417717933654785
train loss
1.0017930150032044
time: 1.642174482345581
train loss
1.001761519908905
time: 1.64190673828125
train loss
1.0017695367336272
time: 1.6402583122253418
train loss
1.0019439697265624
time: 1.6414389610290527
train loss
1.0020173907279968
time: 1.6425490379333496
train loss
1.0013520658016204
time: 1.6342308521270752
train loss
1.0013596892356873
time: 1.630981683731079
train loss
1.0015105307102203
time: 1.6406223773956299
train loss
1.0013266861438752
test loss
0.6940729975700378
inf
time: 1.6487550735473633
train loss
1.0007738649845124
time: 1.640540361404419
train loss
1.0009440362453461
time: 1.6408624649047852
train loss
1.0008663475513457
time: 1.6416387557983398
train loss
1.0011666059494018
time: 1.6403419971466064
train loss
1.0010210037231446
time: 1.6392498016357422
train loss
1.0005650877952577
time: 1.6421422958374023
train loss
1.0004090011119842
time: 1.6370625495910645
train loss
1.0000701367855072
time: 1.6404309272766113
train loss
0.9997139394283294
time: 1.6420140266418457
train loss
0.9993345499038696
test loss
0.6934931159019471
inf
time: 1.641479730606079
train loss
0.9990679144859314
time: 1.6310789585113525
train loss
0.9991270959377289
time: 1.6297574043273926
train loss
0.9993026554584503
time: 1.6284654140472412
train loss
0.999199777841568
time: 1.6401121616363525
train loss
0.9992118418216706
time: 1.6411523818969727
train loss
0.9991703927516937
time: 1.6380047798156738
train loss
0.9990499675273895
time: 1.6400153636932373
train loss
0.9989691495895385
time: 1.6408205032348633
train loss
0.9988615989685059
time: 1.6404523849487305
train loss
0.9988053798675537
test loss
0.6927982091903686
inf
time: 1.649305820465088
train loss
0.9985874891281128
time: 1.6376936435699463
train loss
0.9984165251255035
time: 1.6409001350402832
train loss
0.99856595993042
time: 1.6429283618927002
train loss
0.9985398530960083
time: 1.640277624130249
train loss
0.9990283906459808
time: 1.6410911083221436
train loss
0.9996181488037109
time: 1.641420841217041
train loss
1.0002678692340852
time: 1.6413583755493164
train loss
1.0004746437072753
time: 1.6409590244293213
train loss
1.0001107096672057
time: 1.6393601894378662
train loss
1.0002881348133088
test loss
0.6940915584564209
inf
time: 1.6366565227508545
train loss
1.000560313463211
time: 1.6303834915161133
train loss
1.0004878401756288
time: 1.6292939186096191
train loss
1.0003223299980164
time: 1.6313409805297852
train loss
0.999840360879898
time: 1.6297411918640137
train loss
0.999575001001358
time: 1.6378364562988281
train loss
0.9996977567672729
time: 1.6404600143432617
train loss
0.9995770275592804
time: 1.6413836479187012
train loss
0.9994923114776612
time: 1.6395392417907715
train loss
0.9993382275104523
time: 1.6415398120880127
train loss
0.9997865200042725
test loss
0.6929845571517944
inf
time: 1.6371304988861084
train loss
0.9997606694698333
time: 1.6402325630187988
train loss
0.9994816660881043
time: 1.6413919925689697
train loss
0.9992110371589661
time: 1.6392629146575928
train loss
0.999152398109436
time: 1.631289005279541
train loss
0.9991308569908142
time: 1.634007453918457
train loss
0.9990622162818908
time: 1.631643533706665
train loss
0.9990028321743012
time: 1.6390955448150635
train loss
0.9990095853805542
time: 1.6481783390045166
train loss
0.9990820705890655
time: 1.6332478523254395
train loss
0.9989995121955871
test loss
0.6926777362823486
inf
time: 1.6463723182678223
train loss
0.9988055109977723
time: 1.6398332118988037
train loss
0.9988598465919495
time: 1.6375930309295654
train loss
0.9991166651248932
time: 1.6395082473754883
train loss
0.9991789996623993
time: 1.6314105987548828
train loss
0.9991511464118957
time: 1.6287715435028076
train loss
0.9990788757801056
time: 1.6409168243408203
train loss
0.9989689648151397
time: 1.6393327713012695
train loss
0.9987986385822296
time: 1.633387565612793
train loss
0.9986460208892822
time: 1.6317086219787598
train loss
0.9985686242580414
test loss
0.692219865322113
inf
time: 1.6394963264465332
train loss
0.998422485589981
time: 1.6276779174804688
train loss
0.9985028088092804
time: 1.634477138519287
train loss
0.9986961603164672
time: 1.6277179718017578
train loss
0.9989175140857697
time: 1.6287386417388916
train loss
0.9990213990211487
time: 1.631948709487915
train loss
0.9991120100021362
time: 1.629089117050171
train loss
0.9991828441619873
time: 1.6290357112884521
train loss
0.9990976095199585
time: 1.6317811012268066
train loss
0.9989203929901123
time: 1.638171672821045
train loss
0.9988273978233337
test loss
0.6929145574569702
inf
time: 1.6513817310333252
train loss
0.9989528834819794
time: 1.6415691375732422
train loss
0.9988583326339722
time: 1.6406669616699219
train loss
0.9988881766796112
time: 1.6304752826690674
train loss
0.9987465620040894
time: 1.6370694637298584
train loss
0.998681491613388
time: 1.6300506591796875
train loss
0.9985836505889892
time: 1.6276662349700928
train loss
0.9986958146095276
time: 1.627657413482666
train loss
0.9987890422344208
time: 1.6308910846710205
train loss
0.9989785552024841
time: 1.6274876594543457
train loss
0.998897647857666
test loss
0.692544448375702
inf
time: 1.630516767501831
train loss
0.9987762868404388
time: 1.6256904602050781
train loss
0.9987689554691315
time: 1.6290276050567627
train loss
0.9985416829586029
time: 1.6269564628601074
train loss
0.9983670234680175
time: 1.6272711753845215
train loss
0.9983344495296478
time: 1.6260347366333008
train loss
0.9983411312103272
time: 1.627195119857788
train loss
0.9982879042625428
time: 1.6286327838897705
train loss
0.9982578575611114
time: 1.631890058517456
train loss
0.9981160044670105
time: 1.6313884258270264
train loss
0.9979059100151062
test loss
0.6923725485801697
inf
time: 1.6288840770721436
train loss
0.9978554487228394
time: 1.6296498775482178
train loss
0.9977594494819642
time: 1.629657506942749
train loss
0.9977645099163055
time: 1.628420114517212
train loss
0.9976327776908874
time: 1.6310951709747314
train loss
0.9977461874485016
time: 1.6296138763427734
train loss
0.9977675318717957
time: 1.6301696300506592
train loss
0.9977155804634095
time: 1.6303856372833252
train loss
0.9976435244083405
time: 1.629962682723999
train loss
0.9976957857608795
time: 1.6312897205352783
train loss
0.9973792493343353
test loss
0.6919649243354797
inf
time: 1.6342546939849854
train loss
0.9972549378871918
time: 1.628911018371582
train loss
0.9974339425563812
time: 1.6289680004119873
train loss
0.9977998375892639
time: 1.6284842491149902
train loss
0.9975744545459747
time: 1.6270010471343994
train loss
0.9973572969436646
time: 1.6309850215911865
train loss
0.9974806487560273
time: 1.6295170783996582
train loss
0.9974254548549653
time: 1.6299877166748047
train loss
0.9971767365932465
time: 1.6328866481781006
train loss
0.9972148418426514
time: 1.6342840194702148
train loss
0.9969637036323548
test loss
0.6917705297470093
inf
time: 1.633126974105835
train loss
0.9970319867134094
time: 1.6296579837799072
train loss
0.9970000207424163
time: 1.6318120956420898
train loss
0.9968446910381317
time: 1.6290318965911865
train loss
0.9967075943946838
time: 1.629136323928833
train loss
0.9965482115745544
time: 1.6305384635925293
train loss
0.9964322209358215
time: 1.628648281097412
train loss
0.9964402854442597
time: 1.6312453746795654
train loss
0.9966283798217773
time: 1.6307449340820312
train loss
0.9966076612472534
time: 1.6325833797454834
train loss
0.9967248141765594
test loss
0.691341757774353
inf
time: 1.6362121105194092
train loss
0.9968499362468719
time: 1.6307742595672607
train loss
0.9965915143489837
time: 1.6296803951263428
train loss
0.9967318773269653
time: 1.6303112506866455
train loss
0.9967916905879974
time: 1.6309034824371338
train loss
0.9970740675926208
time: 1.6290802955627441
train loss
0.997063547372818
time: 1.6278951168060303
train loss
0.9970013797283173
time: 1.6318399906158447
train loss
0.9967832267284393
time: 1.62957763671875
train loss
0.996636015176773
time: 1.6321234703063965
train loss
0.9966089725494385
test loss
0.6913513541221619
inf
time: 1.6368942260742188
train loss
0.9965680122375489
time: 1.6304094791412354
train loss
0.9966138243675232
time: 1.6300525665283203
train loss
0.9967436015605926
time: 1.6289453506469727
train loss
0.9967934250831604
time: 1.631817102432251
train loss
0.9972142517566681
time: 1.6315536499023438
train loss
0.9971747100353241
time: 1.6342830657958984
train loss
0.9971417367458344
time: 1.6292750835418701
train loss
0.9974729478359222
time: 1.628807783126831
train loss
0.9975125133991242
time: 1.6306617259979248
train loss
0.9974184274673462
test loss
0.6920613288879395
inf
time: 1.6376330852508545
train loss
0.9977980196475983
time: 1.630126714706421
train loss
0.9978136777877807
time: 1.630255937576294
train loss
0.997638612985611
time: 1.6293721199035645
train loss
0.9973650813102722
time: 1.6279199123382568
train loss
0.9975264251232148
time: 1.6292438507080078
train loss
0.9977329313755036
time: 1.6303410530090332
train loss
0.9974385917186737
time: 1.6285173892974854
train loss
0.9971943855285644
time: 1.6298787593841553
train loss
0.9979166626930237
time: 1.6301336288452148
train loss
0.9980156123638153
test loss
0.6915588617324829
inf
time: 1.6352992057800293
train loss
0.9986145377159119
time: 1.6282296180725098
train loss
0.9995702385902405
time: 1.6368796825408936
train loss
0.9993005692958832
time: 1.6405127048492432
train loss
0.998335313796997
time: 1.6289939880371094
train loss
0.9977575778961182
time: 1.630878210067749
train loss
0.9976169228553772
time: 1.6412358283996582
train loss
0.9972305834293366
time: 1.6398961544036865
train loss
0.9972845315933228
time: 1.639354944229126
train loss
0.9967794954776764
time: 1.6399047374725342
train loss
0.9967035233974457
test loss
0.6909650683403015
inf
time: 1.6346194744110107
train loss
0.9965886950492859
time: 1.6291203498840332
train loss
0.9965001821517945
time: 1.6289818286895752
train loss
0.9975476384162902
time: 1.6293754577636719
train loss
0.9991903603076935
time: 1.6278162002563477
train loss
0.9992614209651947
time: 1.6335790157318115
train loss
0.9988363802433013
time: 1.6285595893859863
train loss
0.998476630449295
time: 1.6299452781677246
train loss
0.9990027964115142
time: 1.6297247409820557
train loss
1.0004305303096772
time: 1.628878116607666
train loss
0.9994556069374084
test loss
0.6938947319984436
inf
time: 1.6407172679901123
train loss
0.9991962373256683
time: 1.627751350402832
train loss
0.9995628774166108
time: 1.6286437511444092
train loss
0.9998755097389221
time: 1.6365747451782227
train loss
0.999899172782898
time: 1.6296634674072266
train loss
1.000244528055191
time: 1.6276979446411133
train loss
1.0011271417140961
time: 1.6284716129302979
train loss
1.002355045080185
time: 1.6364459991455078
train loss
1.0035986840724944
time: 1.6274161338806152
train loss
1.0058947503566742
time: 1.6286721229553223
train loss
1.0063911378383636
test loss
0.7000129342079162
inf
time: 1.626333236694336
train loss
1.006781268119812
time: 1.6306252479553223
train loss
1.0070080637931824
time: 1.6305415630340576
train loss
1.0075207710266114
time: 1.6299498081207275
train loss
1.0077657103538513
time: 1.6273696422576904
train loss
1.0083667814731598
time: 1.6269440650939941
train loss
1.0087331891059876
time: 1.6283724308013916
train loss
1.0090934753417968
time: 1.6308348178863525
train loss
1.0094120442867278
time: 1.6274526119232178
train loss
1.0089150011539458
time: 1.6313612461090088
train loss
1.0083925068378448
test loss
0.7021891355514527
inf
time: 1.631542682647705
train loss
1.0078414142131806
time: 1.62839674949646
train loss
1.0071919679641723
time: 1.6290569305419922
train loss
1.0070646941661834
time: 1.62923264503479
train loss
1.007500445842743
time: 1.627342700958252
train loss
1.007309502363205
time: 1.6284496784210205
train loss
1.0076984226703645
time: 1.6283984184265137
train loss
1.009262788295746
time: 1.627443552017212
train loss
1.0096576690673829
time: 1.6289269924163818
train loss
1.0097081124782563
time: 1.6298284530639648
train loss
1.010121762752533
test loss
0.7044921040534973
inf
time: 1.6410315036773682
train loss
1.0121554672718047
time: 1.6304256916046143
train loss
1.0130059599876404
time: 1.6304490566253662
train loss
1.0132736325263978
time: 1.6301939487457275
train loss
1.0132493913173675
time: 1.6303901672363281
train loss
1.012531864643097
time: 1.6296722888946533
train loss
1.011481475830078
time: 1.6307764053344727
train loss
1.011145406961441
time: 1.626831293106079
train loss
1.0111488163471223
time: 1.6311099529266357
train loss
1.01136372089386
time: 1.6292121410369873
train loss
1.011545616388321
test loss
0.7053769350051879
inf
time: 1.636857032775879
train loss
1.011530840396881
time: 1.641040325164795
train loss
1.011706817150116
time: 1.6391606330871582
train loss
1.0127468824386596
time: 1.6405248641967773
train loss
1.0142692148685455
time: 1.6408276557922363
train loss
1.0159500539302826
time: 1.641749620437622
train loss
1.015948361158371
time: 1.642280101776123
train loss
1.0165939629077911
time: 1.6413629055023193
train loss
1.0161968767642975
time: 1.6396565437316895
train loss
1.0159093201160432
time: 1.6413180828094482
train loss
1.0146807372570037
test loss
0.7076862812042236
inf
time: 1.6383442878723145
train loss
1.0140299916267395
time: 1.6422538757324219
train loss
1.0141283333301545
time: 1.6328363418579102
train loss
1.013963806629181
time: 1.6302976608276367
train loss
1.014278417825699
time: 1.63637375831604
train loss
1.0155716121196747
time: 1.6305551528930664
train loss
1.0161642134189606
time: 1.6363270282745361
train loss
1.0169809401035308
time: 1.6290314197540283
train loss
1.0178884625434876
time: 1.631518840789795
train loss
1.0204933702945709
time: 1.6283583641052246
train loss
1.022680503129959
test loss
0.715459406375885
inf
time: 1.6292321681976318
train loss
1.0230764389038085
time: 1.6349363327026367
train loss
1.022595179080963
time: 1.6313025951385498
train loss
1.0212074518203735
time: 1.6324751377105713
train loss
1.0205576181411744
time: 1.62982177734375
train loss
1.0212852120399476
time: 1.6283800601959229
train loss
1.0214160203933715
time: 1.6297500133514404
train loss
1.022344273328781
time: 1.6306567192077637
train loss
1.0236394286155701
time: 1.630295753479004
train loss
1.024589467048645
time: 1.6317894458770752
train loss
1.025626653432846
test loss
0.7192504644393921
inf
time: 1.628995418548584
train loss
1.0265475273132325
time: 1.6272366046905518
train loss
1.0264722764492036
time: 1.6284990310668945
train loss
1.0255236983299256
time: 1.6284105777740479
train loss
1.0247606813907624
time: 1.6307470798492432
train loss
1.0240042746067046
time: 1.6286895275115967
train loss
1.0227723658084868
time: 1.6282854080200195
train loss
1.0207420229911803
time: 1.6352283954620361
train loss
1.0193090677261352
time: 1.6315627098083496
train loss
1.0193504214286804
time: 1.629399061203003
train loss
1.0200176596641541
test loss
0.712997579574585
inf
time: 1.6390833854675293
train loss
1.0199790179729462
time: 1.6331865787506104
train loss
1.0201545059680939
time: 1.6318609714508057
train loss
1.0198801934719086
time: 1.6291735172271729
train loss
1.0198298811912536
time: 1.6316561698913574
train loss
1.0195519566535949
time: 1.6287059783935547
train loss
1.019105499982834
time: 1.6386168003082275
train loss
1.0190056264400482
time: 1.629272699356079
train loss
1.0191646933555603
time: 1.6254112720489502
train loss
1.0201692759990693
time: 1.6303625106811523
train loss
1.021066027879715
test loss
0.7140139579772949
inf
time: 1.6328165531158447
train loss
1.022140097618103
time: 1.6278510093688965
train loss
1.0234973788261414
time: 1.628183364868164
train loss
1.0238567054271699
time: 1.628481149673462
train loss
1.023903477191925
time: 1.6275303363800049
train loss
1.025024765729904
time: 1.62855863571167
train loss
1.0258368313312531
time: 1.6287994384765625
train loss
1.0265580475330354
time: 1.6278655529022217
train loss
1.0266012728214264
time: 1.6303606033325195
train loss
1.0273692190647126
time: 1.630110502243042
train loss
1.0269691705703736
test loss
0.7195565223693847
inf
time: 1.6378965377807617
train loss
1.0259381711483002
time: 1.630763053894043
train loss
1.0255930423736572
time: 1.6284406185150146
train loss
1.0247828900814056
time: 1.6293554306030273
train loss
1.0233786821365356
time: 1.6307599544525146
train loss
1.0228786051273346
time: 1.6305840015411377
train loss
1.022361594438553
time: 1.6299097537994385
train loss
1.02158944606781
time: 1.6313822269439697
train loss
1.0224371194839477
time: 1.633101463317871
train loss
1.023401242494583
time: 1.642057180404663
train loss
1.0240080535411835
test loss
0.7173765063285827
inf
time: 1.6466612815856934
train loss
1.0239288687705994
time: 1.6276707649230957
train loss
1.0239423751831054
time: 1.6272852420806885
train loss
1.024924397468567
time: 1.626727819442749
train loss
1.0265032291412353
time: 1.6296312808990479
train loss
1.0269963681697845
time: 1.6272227764129639
train loss
1.0267972648143768
time: 1.629408597946167
train loss
1.0258498668670655
time: 1.6305642127990723
train loss
1.0251255810260773
time: 1.6283397674560547
train loss
1.0264900028705597
time: 1.6300206184387207
train loss
1.0270084381103515
test loss
0.7202483654022217
inf
time: 1.6375236511230469
train loss
1.026842999458313
time: 1.6310031414031982
train loss
1.026123309135437
time: 1.6352019309997559
train loss
1.0264885783195496
time: 1.6317439079284668
train loss
1.0265777051448821
time: 1.628462314605713
train loss
1.025933611392975
time: 1.6333653926849365
train loss
1.0260151147842407
time: 1.6333763599395752
train loss
1.0253330290317535
time: 1.6329240798950195
train loss
1.0241266787052155
time: 1.6316640377044678
train loss
1.0238650441169739
time: 1.6316382884979248
train loss
1.0247904658317566
test loss
0.7185737371444703
inf
time: 1.6510343551635742
train loss
1.0250492990016937
time: 1.6393852233886719
train loss
1.0249141037464142
time: 1.6408090591430664
train loss
1.0252676725387573
time: 1.6390328407287598
train loss
1.0258085012435914
time: 1.6394388675689697
train loss
1.026259297132492
time: 1.6462929248809814
train loss
1.0263406574726104
time: 1.6408066749572754
train loss
1.0260514974594117
time: 1.6395745277404785
train loss
1.025857436656952
time: 1.640784502029419
train loss
1.0254122376441956
time: 1.6386590003967285
train loss
1.0256222784519196
test loss
0.7188758134841919
inf
time: 1.650036096572876
train loss
1.0260637938976287
time: 1.6413488388061523
train loss
1.026094800233841
time: 1.6397266387939453
train loss
1.0257200300693512
time: 1.6381099224090576
train loss
1.0251690983772277
time: 1.6382339000701904
train loss
1.0245601952075958
time: 1.6383445262908936
train loss
1.0235118627548219
time: 1.636523962020874
train loss
1.0227336525917052
time: 1.6392629146575928
train loss
1.0217953741550445
time: 1.6389060020446777
train loss
1.0213660836219787
time: 1.6397528648376465
train loss
1.0213868498802186
test loss
0.7153604745864868
inf
time: 1.6282880306243896
train loss
1.0217271089553832
time: 1.6287281513214111
train loss
1.0217111647129058
time: 1.6286218166351318
train loss
1.0220710337162018
time: 1.6391634941101074
train loss
1.0223005890846253
time: 1.6410772800445557
train loss
1.0224905729293823
time: 1.6411256790161133
train loss
1.0226427912712097
time: 1.6400842666625977
train loss
1.022230291366577
time: 1.6408050060272217
train loss
1.0227678894996644
time: 1.6411612033843994
train loss
1.024241304397583
time: 1.6317260265350342
train loss
1.0265676558017731
test loss
0.7201823115348815
inf
time: 1.6353676319122314
train loss
1.0272938549518584
time: 1.6306638717651367
train loss
1.0289663970470428
time: 1.630178689956665
train loss
1.0307938218116761
time: 1.6294710636138916
train loss
1.0316797375679017
time: 1.6290526390075684
train loss
1.0324261248111726
time: 1.6293909549713135
train loss
1.0317685842514037
time: 1.6317687034606934
train loss
1.0319373250007629
time: 1.6300339698791504
train loss
1.0324344336986542
time: 1.6280410289764404
train loss
1.0331031501293182
time: 1.6308019161224365
train loss
1.0337373614311218
test loss
0.7278065919876099
inf
time: 1.6382217407226562
train loss
1.0342184484004975
time: 1.6302490234375
train loss
1.0342797219753266
time: 1.6291637420654297
train loss
1.0339726507663727
time: 1.630680799484253
train loss
1.0343591392040252
time: 1.6320059299468994
train loss
1.0339282631874085
time: 1.629884958267212
train loss
1.0344355225563049
time: 1.6293089389801025
train loss
1.0345712542533874
time: 1.630760669708252
train loss
1.0343806624412537
time: 1.627770185470581
train loss
1.034242820739746
time: 1.6272392272949219
train loss
1.0342949628829956
test loss
0.7281302809715271
inf
time: 1.6296725273132324
train loss
1.0338865041732788
time: 1.6277811527252197
train loss
1.0337303042411805
time: 1.6277272701263428
train loss
1.032876467704773
time: 1.6356539726257324
train loss
1.032762998342514
time: 1.6289279460906982
train loss
1.032840222120285
time: 1.6289787292480469
train loss
1.0336297154426575
time: 1.625715970993042
train loss
1.0331824123859406
time: 1.6282227039337158
train loss
1.032765257358551
time: 1.6298227310180664
train loss
1.0338385581970215
time: 1.6270415782928467
train loss
1.0339264690876007
test loss
0.7280580282211304
inf
time: 1.6283965110778809
train loss
1.0343383252620697
time: 1.62498140335083
train loss
1.0352463901042939
time: 1.6267547607421875
train loss
1.0354695677757264
time: 1.6278884410858154
train loss
1.0351832449436187
time: 1.629486083984375
train loss
1.034920072555542
time: 1.6275827884674072
train loss
1.0343909025192262
time: 1.635939598083496
train loss
1.0340858221054077
time: 1.6282823085784912
train loss
1.0337346851825715
time: 1.6302757263183594
train loss
1.0332218706607819
time: 1.626291275024414
train loss
1.0334035158157349
test loss
0.726520586013794
inf
time: 1.6356720924377441
train loss
1.033186811208725
time: 1.6311821937561035
train loss
1.0329866647720336
time: 1.6306712627410889
train loss
1.0324337780475616
time: 1.629692792892456
train loss
1.0316593945026398
time: 1.6297962665557861
train loss
1.030584192276001
time: 1.6293003559112549
train loss
1.0301534593105317
time: 1.6282658576965332
train loss
1.0305250942707063
time: 1.6280357837677002
train loss
1.030380755662918
time: 1.6300830841064453
train loss
1.0310027062892915
time: 1.6283493041992188
train loss
1.0336072325706482
test loss
0.7295576453208923
inf
time: 1.6316747665405273
train loss
1.0358899891376496
time: 1.6292972564697266
train loss
1.0367184638977052
time: 1.6301853656768799
train loss
1.0375131726264955
time: 1.6263623237609863
train loss
1.0377940833568573
time: 1.6278455257415771
train loss
1.0379925072193146
time: 1.6261961460113525
train loss
1.03839510679245
time: 1.629086971282959
train loss
1.0378130197525024
time: 1.63694167137146
train loss
1.0391699075698853
time: 1.6304068565368652
train loss
1.0412195920944214
time: 1.639794111251831
train loss
1.0429966390132903
test loss
0.7372000336647033
inf
time: 1.6477444171905518
train loss
1.0429148972034454
time: 1.638115644454956
train loss
1.0428559839725495
time: 1.6298649311065674
train loss
1.0436289012432098
time: 1.636713981628418
train loss
1.0439916491508483
time: 1.6455531120300293
train loss
1.0436818301677704
time: 1.6407864093780518
train loss
1.043718647956848
time: 1.642712116241455
train loss
1.0435241401195525
time: 1.648190975189209
train loss
1.0444105327129365
time: 1.6393184661865234
train loss
1.0445663273334502
time: 1.6420979499816895
train loss
1.0443175435066223
test loss
0.7382387161254883
inf
time: 1.6493241786956787
train loss
1.0434398531913758
time: 1.6409482955932617
train loss
1.044085568189621
time: 1.6424765586853027
train loss
1.0440944671630858
time: 1.6437249183654785
train loss
1.0442057728767395
time: 1.6397404670715332
train loss
1.0437691509723663
time: 1.6404967308044434
train loss
1.0435326099395752
time: 1.6427710056304932
train loss
1.0433590114116669
time: 1.643134355545044
train loss
1.0429588496685027
time: 1.6420142650604248
train loss
1.0435828387737274
time: 1.6416971683502197
train loss
1.043494737148285
test loss
0.7369476318359375
inf
time: 1.6389780044555664
train loss
1.04354887008667
time: 1.6373751163482666
train loss
1.0437268912792206
time: 1.6278181076049805
train loss
1.0432974994182587
time: 1.6339130401611328
train loss
1.0430902421474457
time: 1.636399507522583
train loss
1.0423013985157012
time: 1.6295220851898193
train loss
1.0412274718284606
time: 1.637636661529541
train loss
1.0402721822261811
time: 1.6420528888702393
train loss
1.0387028753757477
time: 1.6396598815917969
train loss
1.0379817306995391
time: 1.6400046348571777
train loss
1.0372533261775971
test loss
0.7316692113876343
inf
time: 1.6504690647125244
train loss
1.0363781213760377
time: 1.6410820484161377
train loss
1.0356896817684174
time: 1.6405165195465088
train loss
1.0354945600032806
time: 1.6419155597686768
train loss
1.0355226576328278
time: 1.6395480632781982
train loss
1.0349821269512176
time: 1.6291210651397705
train loss
1.0347815811634065
time: 1.6328165531158447
train loss
1.0336791098117828
time: 1.6300573348999023
train loss
1.0337447464466094
time: 1.6308789253234863
train loss
1.0340762555599212
time: 1.6315877437591553
train loss
1.0341767013072967
test loss
0.7277566075325013
inf
time: 1.6374261379241943
train loss
1.0337761878967284
time: 1.6301021575927734
train loss
1.0327288687229157
time: 1.631983757019043
train loss
1.0327069461345673
time: 1.632286787033081
train loss
1.0327404022216797
time: 1.6297919750213623
train loss
1.0331156373023986
time: 1.630774974822998
train loss
1.03418470621109
time: 1.640199899673462
train loss
1.0349718570709228
time: 1.6377408504486084
train loss
1.0350222051143647
time: 1.6309738159179688
train loss
1.0353960573673249
time: 1.631413459777832
train loss
1.0358810126781464
test loss
0.7308386325836181
inf
time: 1.6385900974273682
train loss
1.0364798665046693
time: 1.628748893737793
train loss
1.03650643825531
time: 1.6298718452453613
train loss
1.036953514814377
time: 1.628037691116333
train loss
1.0372971057891847
time: 1.6279430389404297
train loss
1.0381538093090057
time: 1.628114938735962
train loss
1.0386756181716919
time: 1.6277756690979004
train loss
1.0397523880004882
time: 1.6289010047912598
train loss
1.0410014688968658
time: 1.6280646324157715
train loss
1.0414273738861084
time: 1.630258560180664
train loss
1.0416931509971619
test loss
0.735625422000885
inf
time: 1.638321876525879
train loss
1.041369241476059
time: 1.6398863792419434
train loss
1.0427315413951874
time: 1.6302404403686523
train loss
1.0439192950725555
time: 1.6294429302215576
train loss
1.0447981119155885
time: 1.6281421184539795
train loss
1.0445479154586792
time: 1.6421904563903809
train loss
1.0448914051055909
time: 1.6392183303833008
train loss
1.0452581763267517
time: 1.6389079093933105
train loss
1.0445061206817627
time: 1.6390786170959473
train loss
1.043606799840927
time: 1.6361358165740967
train loss
1.0424454867839814
test loss
0.7356534719467163
inf
time: 1.64249587059021
train loss
1.0414738833904267
time: 1.6386651992797852
train loss
1.0415916919708252
time: 1.6379680633544922
train loss
1.0412079870700837
time: 1.6404378414154053
train loss
1.040067183971405
time: 1.6426513195037842
train loss
1.0398079335689545
time: 1.6438837051391602
train loss
1.0391093909740448
time: 1.6360981464385986
train loss
1.0390575885772706
time: 1.6423742771148682
train loss
1.0399104356765747
time: 1.6470847129821777
train loss
1.0405474841594695
time: 1.6370041370391846
train loss
1.0401817321777345
test loss
0.7329810857772827
inf
time: 1.6385018825531006
train loss
1.0395559906959533
time: 1.6296212673187256
train loss
1.039298015832901
time: 1.6274187564849854
train loss
1.0391660928726196
time: 1.6282727718353271
train loss
1.039249438047409
time: 1.6274542808532715
train loss
1.0394198775291443
time: 1.6306865215301514
train loss
1.0395159304141999
time: 1.6278409957885742
train loss
1.0392781376838685
time: 1.630704402923584
train loss
1.0396292150020598
time: 1.6302576065063477
train loss
1.0402774274349214
time: 1.6324825286865234
train loss
1.0408342957496644
test loss
0.734104859828949
inf
time: 1.6330204010009766
train loss
1.0413793683052064
time: 1.6432578563690186
train loss
1.0416061758995057
time: 1.642624855041504
train loss
1.0421347916126251
time: 1.6410441398620605
train loss
1.043044763803482
time: 1.6407957077026367
train loss
1.043816763162613
time: 1.641007900238037
train loss
1.044829249382019
time: 1.6407523155212402
train loss
1.045826154947281
time: 1.6414213180541992
train loss
1.045485830307007
time: 1.640272855758667
train loss
1.0454242944717407
time: 1.6352157592773438
train loss
1.0444108247756958
test loss
0.737494683265686
inf
time: 1.6489613056182861
train loss
1.0441807329654693
time: 1.6310300827026367
train loss
1.0437542021274566
time: 1.628680944442749
train loss
1.0425608217716218
time: 1.6292307376861572
train loss
1.042109376192093
time: 1.6276803016662598
train loss
1.0421767294406892
time: 1.6283698081970215
train loss
1.0420407950878143
time: 1.6311702728271484
train loss
1.0416526556015016
time: 1.639754295349121
train loss
1.0417095124721527
time: 1.6386537551879883
train loss
1.0413565039634705
time: 1.6402196884155273
train loss
1.0404682397842406
test loss
0.7331318974494934
inf
time: 1.6340763568878174
train loss
1.0396761834621429
time: 1.6319420337677002
train loss
1.0403347134590148
time: 1.6282923221588135
train loss
1.0406861066818238
time: 1.6278414726257324
train loss
1.041225892305374
time: 1.6308684349060059
train loss
1.0403082489967346
time: 1.637369155883789
train loss
1.0392760992050172
time: 1.6404798030853271
train loss
1.0391393959522248
time: 1.630326271057129
train loss
1.03943572640419
time: 1.6304311752319336
train loss
1.040043729543686
time: 1.628199577331543
train loss
1.038931405544281
test loss
0.731508755683899
inf
time: 1.6384732723236084
train loss
1.0385363817214965
time: 1.6281604766845703
train loss
1.0382044851779937
time: 1.6287510395050049
train loss
1.0375977635383606
time: 1.6329882144927979
train loss
1.0382368624210359
time: 1.6316137313842773
train loss
1.0386538088321686
time: 1.6296770572662354
train loss
1.0382208228111267
time: 1.6303882598876953
train loss
1.0385637879371643
time: 1.6298940181732178
train loss
1.0381510138511658
time: 1.6295928955078125
train loss
1.0370352804660796
time: 1.6323902606964111
train loss
1.0364263951778412
test loss
0.7295471429824829
inf
time: 1.633476972579956
train loss
1.0367533564567566
time: 1.6308953762054443
train loss
1.0371578335762024
time: 1.6310887336730957
train loss
1.0372068345546723
time: 1.628507375717163
train loss
1.0369866251945496
time: 1.627701997756958
train loss
1.036951220035553
time: 1.628760814666748
train loss
1.0375424206256867
time: 1.6289911270141602
train loss
1.037823486328125
time: 1.6388177871704102
train loss
1.037958526611328
time: 1.6414809226989746
train loss
1.0368505358695983
time: 1.6397655010223389
train loss
1.03688902258873
test loss
0.7304273843765259
inf
time: 1.63472318649292
train loss
1.0368003487586974
time: 1.6287753582000732
train loss
1.0368011891841888
time: 1.6299676895141602
train loss
1.0368179082870483
time: 1.629814624786377
train loss
1.0369622468948365
time: 1.6395039558410645
train loss
1.036312961578369
time: 1.641045331954956
train loss
1.0359710574150085
time: 1.640305995941162
train loss
1.0365276038646698
time: 1.641374111175537
train loss
1.0360389590263366
time: 1.640916347503662
train loss
1.0355295181274413
time: 1.641021728515625
train loss
1.0355391204357147
test loss
0.7286503314971924
inf
time: 1.64119291305542
train loss
1.03514022231102
time: 1.6374561786651611
train loss
1.0361015439033507
time: 1.641261100769043
train loss
1.0370364785194397
time: 1.6380975246429443
train loss
1.0382843792438508
time: 1.64237642288208
train loss
1.0398764073848725
time: 1.6403539180755615
train loss
1.0402825951576233
time: 1.6415457725524902
train loss
1.0403798282146455
time: 1.6431939601898193
train loss
1.041390985250473
time: 1.6402978897094727
train loss
1.0430484652519225
time: 1.6458864212036133
train loss
1.0432093679904937
test loss
0.7360451221466064
inf
time: 1.6290128231048584
train loss
1.0431749939918518
time: 1.6299757957458496
train loss
1.0429412782192231
time: 1.6357460021972656
train loss
1.0425711512565612
time: 1.6274282932281494
train loss
1.0421132564544677
time: 1.6311640739440918
train loss
1.0419175982475282
time: 1.631958246231079
train loss
1.0414518415927887
time: 1.6328403949737549
train loss
1.042621922492981
time: 1.6304054260253906
train loss
1.0436881601810455
time: 1.6311132907867432
train loss
1.0438276290893556
time: 1.6298906803131104
train loss
1.0425358057022094
test loss
0.7351284384727478
inf
time: 1.6296017169952393
train loss
1.042513120174408
time: 1.6381511688232422
train loss
1.0451836287975311
time: 1.6433658599853516
train loss
1.047910612821579
time: 1.6397106647491455
train loss
1.048933732509613
time: 1.639233112335205
train loss
1.0495769500732421
time: 1.6417410373687744
train loss
1.0486151456832886
time: 1.6415414810180664
train loss
1.0480793714523315
time: 1.640604019165039
train loss
1.0494801640510558
time: 1.6342988014221191
train loss
1.0501859605312347
time: 1.632936954498291
train loss
1.0515957653522492
test loss
0.7445554137229919
inf
time: 1.635465383529663
train loss
1.0507005453109741
time: 1.6318097114562988
train loss
1.0519168376922607
time: 1.6299028396606445
train loss
1.0519908785820007
time: 1.6315500736236572
train loss
1.0513209760189057
time: 1.6301262378692627
train loss
1.0518210291862489
time: 1.6328403949737549
train loss
1.052196455001831
time: 1.6316232681274414
train loss
1.0524228751659392
time: 1.6309878826141357
train loss
1.0516821265220642
time: 1.6353094577789307
train loss
1.0501253724098205
time: 1.633375883102417
train loss
1.050130146741867
test loss
0.7437583446502686
inf
time: 1.638256311416626
train loss
1.050047755241394
time: 1.6310861110687256
train loss
1.0506156980991364
time: 1.6310961246490479
train loss
1.0510389745235442
time: 1.6317312717437744
train loss
1.0507549405097962
time: 1.6305885314941406
train loss
1.0502977609634399
time: 1.6290676593780518
train loss
1.0506601214408875
time: 1.6313343048095703
train loss
1.0507726609706878
time: 1.628446340560913
train loss
1.0501382529735566
time: 1.6320476531982422
train loss
1.0496204495429993
time: 1.6297016143798828
train loss
1.0494004964828492
test loss
0.7431504249572753
inf
time: 1.6291491985321045
train loss
1.0492628574371339
time: 1.6296014785766602
train loss
1.0493516147136688
time: 1.6328494548797607
train loss
1.0490286231040955
time: 1.6312813758850098
train loss
1.048932534456253
time: 1.6310718059539795
train loss
1.048405784368515
time: 1.6298153400421143
train loss
1.048904699087143
time: 1.6352829933166504
train loss
1.0487825691699981
time: 1.6314332485198975
train loss
1.049329364299774
time: 1.6303250789642334
train loss
1.0502277791500092
time: 1.6319339275360107
train loss
1.0525853395462037
test loss
0.7476477026939392
inf
time: 1.6383869647979736
train loss
1.0544089078903198
time: 1.633545160293579
train loss
1.0551778674125671
time: 1.631406545639038
train loss
1.0553489983081819
time: 1.6300067901611328
train loss
1.0553418219089508
time: 1.6337177753448486
train loss
1.0544143617153168
time: 1.6304590702056885
train loss
1.0537097096443175
time: 1.6328208446502686
train loss
1.0530517935752868
time: 1.633073329925537
train loss
1.0531295120716095
time: 1.6323318481445312
train loss
1.0538416266441346
time: 1.6326727867126465
train loss
1.0543181359767915
test loss
0.7477951049804688
inf
time: 1.638465166091919
train loss
1.0547642767429353
time: 1.6296908855438232
train loss
1.0551645100116729
time: 1.6276895999908447
train loss
1.0549566566944122
time: 1.6374015808105469
train loss
1.055159831047058
time: 1.6321606636047363
train loss
1.0565520405769349
time: 1.6343116760253906
train loss
1.0580524742603301
time: 1.6309728622436523
train loss
1.058212548494339
time: 1.6336450576782227
train loss
1.0594206631183625
time: 1.6325299739837646
train loss
1.0601501226425172
time: 1.6353113651275635
train loss
1.0605369210243225
test loss
0.7546240210533142
inf
time: 1.6300756931304932
train loss
1.0614795982837677
time: 1.6337473392486572
train loss
1.0625423789024353
time: 1.6300382614135742
train loss
1.0634266197681428
time: 1.6318252086639404
train loss
1.0636109411716461
time: 1.629384994506836
train loss
1.064040768146515
time: 1.6322071552276611
train loss
1.0637199878692627
time: 1.6255176067352295
train loss
1.064968967437744
time: 1.633044958114624
train loss
1.064938098192215
time: 1.635051965713501
train loss
1.0660854518413543
time: 1.6306936740875244
train loss
1.066124254465103
test loss
0.7588868021965027
inf
time: 1.6276440620422363
train loss
1.0659097492694856
time: 1.6308913230895996
train loss
1.065816330909729
time: 1.6307306289672852
train loss
1.0650334715843202
time: 1.6284534931182861
train loss
1.0661381900310516
time: 1.6293058395385742
train loss
1.0679112672805786
time: 1.6372148990631104
train loss
1.0697346806526185
time: 1.6315281391143799
train loss
1.0707116365432738
time: 1.6292290687561035
train loss
1.071895569562912
time: 1.636457920074463
train loss
1.0735643744468688
time: 1.6312036514282227
train loss
1.074950063228607
test loss
0.768717622756958
inf
time: 1.6290550231933594
train loss
1.0753828525543212
time: 1.6274640560150146
train loss
1.0748191475868225
time: 1.6270942687988281
train loss
1.0746181428432464
time: 1.6297991275787354
train loss
1.0751018285751344
time: 1.6277430057525635
train loss
1.0751822590827942
time: 1.6292316913604736
train loss
1.0751417517662047
time: 1.629223108291626
train loss
1.0741522789001465
time: 1.6297073364257812
train loss
1.0739111244678496
time: 1.6279816627502441
train loss
1.073426502943039
time: 1.634711503982544
train loss
1.0735518217086792
test loss
0.7669924020767211
inf
time: 1.6368865966796875
train loss
1.0731504261493683
time: 1.630241870880127
train loss
1.0729021549224853
time: 1.6274206638336182
train loss
1.0729742348194122
time: 1.6290860176086426
train loss
1.0736839652061463
time: 1.627563238143921
train loss
1.0737868905067445
time: 1.634040117263794
train loss
1.0746891856193543
time: 1.6294422149658203
train loss
1.0737574100494385
time: 1.6281461715698242
train loss
1.0745520651340486
time: 1.63096022605896
train loss
1.0748708248138428
time: 1.627779483795166
train loss
1.0743771493434906
test loss
0.7668104648590088
inf
time: 1.6302294731140137
train loss
1.0729379594326018
time: 1.6276202201843262
train loss
1.0717521488666535
time: 1.6292543411254883
train loss
1.0708181023597718
time: 1.627748727798462
train loss
1.0706837236881257
time: 1.6285059452056885
train loss
1.0698621153831482
time: 1.6317193508148193
train loss
1.070947140455246
time: 1.6303908824920654
train loss
1.0712678194046021
time: 1.6305840015411377
train loss
1.0722032487392426
time: 1.626178503036499
train loss
1.073076993227005
time: 1.6287403106689453
train loss
1.0727997601032258
test loss
0.7670418858528137
inf
time: 1.6387932300567627
train loss
1.0737666487693787
time: 1.6285817623138428
train loss
1.0734841704368592
time: 1.6317408084869385
train loss
1.0720171511173249
time: 1.636317253112793
train loss
1.0719773590564727
time: 1.6303086280822754
train loss
1.072446095943451
time: 1.6318049430847168
train loss
1.0727700352668763
time: 1.6257083415985107
train loss
1.0722080767154694
time: 1.629922866821289
train loss
1.0718677282333373
time: 1.6316745281219482
train loss
1.0719206929206848
time: 1.629141092300415
train loss
1.0718910813331604
test loss
0.7650108814239502
inf
time: 1.6372144222259521
train loss
1.0727452337741852
time: 1.6303741931915283
train loss
1.0745436072349548
time: 1.6305694580078125
train loss
1.073952078819275
time: 1.6296675205230713
train loss
1.0743505299091338
time: 1.62691068649292
train loss
1.0740648627281189
time: 1.6296801567077637
train loss
1.0735564589500428
time: 1.6287691593170166
train loss
1.0740827083587647
time: 1.6310439109802246
train loss
1.074756145477295
time: 1.6264336109161377
train loss
1.0742816150188446
time: 1.630275011062622
train loss
1.0733387410640716
test loss
0.7659267067909241
inf
time: 1.6285290718078613
train loss
1.0714112102985383
time: 1.631791591644287
train loss
1.0690865755081176
time: 1.629347324371338
train loss
1.0684168636798859
time: 1.636317253112793
train loss
1.068475615978241
time: 1.6383335590362549
train loss
1.0698652625083924
time: 1.635460615158081
train loss
1.0733934819698334
time: 1.6329481601715088
train loss
1.0749846279621125
time: 1.6318578720092773
train loss
1.0746323406696319
time: 1.6346447467803955
train loss
1.0740142583847045
time: 1.6355605125427246
train loss
1.0742718636989594
test loss
0.7681984782218934
inf
time: 1.6505062580108643
train loss
1.0735022485256196
time: 1.6376407146453857
train loss
1.0734717845916748
time: 1.6409921646118164
train loss
1.0748742878437043
time: 1.6374306678771973
train loss
1.075249683856964
time: 1.6315808296203613
train loss
1.0757324635982513
time: 1.6330711841583252
train loss
1.0749793589115142
time: 1.6301555633544922
train loss
1.0752581894397735
time: 1.632897138595581
train loss
1.0736733198165893
time: 1.632504940032959
train loss
1.0735735177993775
time: 1.6335291862487793
train loss
1.0743434071540832
test loss
0.7672640085220337
inf
time: 1.641709327697754
train loss
1.074343091249466
time: 1.6330041885375977
train loss
1.0758392632007598
time: 1.640439748764038
train loss
1.076298588514328
time: 1.6316161155700684
train loss
1.0762199819087983
time: 1.63325834274292
train loss
1.075388741493225
time: 1.6302812099456787
train loss
1.0761622190475464
time: 1.6312966346740723
train loss
1.0777147829532623
time: 1.6299281120300293
train loss
1.079183828830719
time: 1.630540370941162
train loss
1.0788944363594055
time: 1.6371495723724365
train loss
1.07888160943985
test loss
0.7724759936332702
inf
time: 1.6396727561950684
train loss
1.0772916078567505
time: 1.6431920528411865
train loss
1.0761720359325408
time: 1.6412744522094727
train loss
1.0769953548908233
time: 1.639434576034546
train loss
1.0762664079666138
time: 1.6309311389923096
train loss
1.075241321325302
time: 1.6322052478790283
train loss
1.0744863867759704
time: 1.627506971359253
train loss
1.0746650874614716
time: 1.628777027130127
train loss
1.0746223628520966
time: 1.6297049522399902
train loss
1.0749188482761383
time: 1.63065767288208
train loss
1.0744078814983369
test loss
0.7675573348999023
inf
time: 1.6366055011749268
train loss
1.075425148010254
time: 1.6265478134155273
train loss
1.0761583924293519
time: 1.6302533149719238
train loss
1.0761299431324005
time: 1.6300163269042969
train loss
1.0757383704185486
time: 1.628321886062622
train loss
1.0747357428073883
time: 1.6276211738586426
train loss
1.0738902688026428
time: 1.6301350593566895
train loss
1.0731988906860352
time: 1.6295967102050781
train loss
1.0732597947120666
time: 1.6304347515106201
train loss
1.0740238785743714
time: 1.6275973320007324
train loss
1.0743195950984954
test loss
0.7677891969680786
inf
time: 1.6280498504638672
train loss
1.074862641096115
time: 1.6308536529541016
train loss
1.0764379143714904
time: 1.6306936740875244
train loss
1.0765774965286254
time: 1.6313602924346924
train loss
1.07693909406662
time: 1.6293585300445557
train loss
1.0761712431907653
time: 1.6313941478729248
train loss
1.0768196702003479
time: 1.6299071311950684
train loss
1.0788245618343353
time: 1.6306993961334229
train loss
1.0798185050487519
time: 1.6299529075622559
train loss
1.080493414402008
time: 1.6299376487731934
train loss
1.081582134962082
test loss
0.774250590801239
inf
time: 1.6289055347442627
train loss
1.0805206775665284
time: 1.6289494037628174
train loss
1.079976850748062
time: 1.6273155212402344
train loss
1.0785985469818116
time: 1.629284143447876
train loss
1.0767467856407165
time: 1.6296019554138184
train loss
1.0747368812561036
time: 1.6268789768218994
train loss
1.0738589346408844
time: 1.6307060718536377
train loss
1.0721441566944123
time: 1.6300737857818604
train loss
1.0715390980243682
time: 1.6317431926727295
train loss
1.070666927099228
time: 1.6386945247650146
train loss
1.0692694008350372
test loss
0.761694872379303
inf
time: 1.6270182132720947
train loss
1.0695652604103087
time: 1.6297197341918945
train loss
1.0703493177890777
time: 1.630915641784668
train loss
1.071306937932968
time: 1.6394364833831787
train loss
1.0721152782440186
time: 1.6415722370147705
train loss
1.07368643283844
time: 1.640320062637329
train loss
1.0740282833576202
time: 1.6389939785003662
train loss
1.0749971210956573
time: 1.6403658390045166
train loss
1.0779784381389619
time: 1.6392571926116943
train loss
1.0785165190696717
time: 1.6405398845672607
train loss
1.0792096614837647
test loss
0.7717994332313538
inf
time: 1.6285061836242676
train loss
1.0778365969657897
time: 1.6295509338378906
train loss
1.077456796169281
time: 1.6334915161132812
train loss
1.0774726450443268
time: 1.6430928707122803
train loss
1.0770844638347625
time: 1.6431524753570557
train loss
1.0768783330917358
time: 1.6407208442687988
train loss
1.0773977994918824
time: 1.6415250301361084
train loss
1.0783110916614533
time: 1.6345937252044678
train loss
1.0786530554294587
time: 1.6306884288787842
train loss
1.0781993746757508
time: 1.635183334350586
train loss
1.07785125374794
test loss
0.7714637994766236
inf
time: 1.6399383544921875
train loss
1.0779071986675262
time: 1.6402184963226318
train loss
1.0789758741855622
time: 1.6386287212371826
train loss
1.0809162139892579
time: 1.63704514503479
train loss
1.080855667591095
time: 1.6328086853027344
train loss
1.081726759672165
time: 1.6290905475616455
train loss
1.081729429960251
time: 1.6290678977966309
train loss
1.0813981652259828
time: 1.6311726570129395
train loss
1.0828681230545043
time: 1.6301231384277344
train loss
1.0829013884067535
time: 1.6301674842834473
train loss
1.0842140078544618
test loss
0.7780467510223389
inf
time: 1.6332569122314453
train loss
1.0856114149093627
time: 1.6291556358337402
train loss
1.0864542424678802
time: 1.630326271057129
train loss
1.0870629966259002
time: 1.6350023746490479
train loss
1.0882777571678162
time: 1.630218267440796
train loss
1.0895618140697478
time: 1.629422664642334
train loss
1.0898024559020996
time: 1.6297132968902588
train loss
1.0899282336235045
time: 1.6294078826904297
train loss
1.0899560868740081
time: 1.6367757320404053
train loss
1.0896391093730926
time: 1.6414623260498047
train loss
1.0887534260749816
test loss
0.7817726492881775
inf
time: 1.647057056427002
train loss
1.087538492679596
time: 1.6406843662261963
train loss
1.0867158710956573
time: 1.6401877403259277
train loss
1.0866186797618866
time: 1.6415679454803467
train loss
1.0865159511566163
time: 1.6428627967834473
train loss
1.0869616448879242
time: 1.6409764289855957
train loss
1.087063193321228
time: 1.6481170654296875
train loss
1.0860668897628785
time: 1.6416254043579102
train loss
1.0854196488857268
time: 1.6402592658996582
train loss
1.0864017367362977
time: 1.6422805786132812
train loss
1.0869952619075776
test loss
0.7799624919891357
inf
time: 1.6412456035614014
train loss
1.0868723273277283
time: 1.6300244331359863
train loss
1.0868423700332641
time: 1.628443717956543
train loss
1.0860186457633971
time: 1.6315093040466309
train loss
1.0856564939022064
time: 1.6268947124481201
train loss
1.0854942798614502
time: 1.6281838417053223
train loss
1.0844416618347168
time: 1.630725383758545
train loss
1.0839704751968384
time: 1.6321191787719727
train loss
1.083715832233429
time: 1.6292674541473389
train loss
1.0828673481941222
time: 1.6329724788665771
train loss
1.0825685799121856
test loss
0.7758077263832093
inf
time: 1.6309547424316406
train loss
1.0830260396003724
time: 1.6307904720306396
train loss
1.0830176711082458
time: 1.6293025016784668
train loss
1.0812938570976258
time: 1.6306617259979248
train loss
1.0811086773872376
time: 1.629223346710205
train loss
1.0813597917556763
time: 1.6338043212890625
train loss
1.0810496389865876
time: 1.632378101348877
train loss
1.0807548761367798
time: 1.6301124095916748
train loss
1.0803478121757508
time: 1.6287505626678467
train loss
1.0808570325374602
time: 1.6315674781799316
train loss
1.081265938282013
test loss
0.7755127787590027
inf
time: 1.6362433433532715
train loss
1.080663514137268
time: 1.6297194957733154
train loss
1.0808930695056915
time: 1.6381642818450928
train loss
1.0811194479465485
time: 1.6372363567352295
train loss
1.080803918838501
time: 1.629939079284668
train loss
1.0819818079471588
time: 1.6292765140533447
train loss
1.0839206516742705
time: 1.6355504989624023
train loss
1.0853261411190034
time: 1.6429684162139893
train loss
1.0848210453987122
time: 1.6415643692016602
train loss
1.08436821103096
time: 1.6413118839263916
train loss
1.08311567902565
test loss
0.7766918659210205
inf
time: 1.649010419845581
train loss
1.0822232842445374
time: 1.6406645774841309
train loss
1.0805647313594817
time: 1.6404473781585693
train loss
1.080503511428833
time: 1.641066551208496
train loss
1.0810142278671264
time: 1.6471099853515625
train loss
1.0819227874279023
time: 1.641960620880127
train loss
1.0838365316390992
time: 1.6418602466583252
train loss
1.0853623867034912
time: 1.6416161060333252
train loss
1.0851962327957154
time: 1.6404101848602295
train loss
1.0845185279846192
time: 1.6406230926513672
train loss
1.0845040082931519
test loss
0.7782894730567932
inf
time: 1.6517300605773926
train loss
1.0850947558879853
time: 1.640516757965088
train loss
1.0853026270866395
time: 1.6279792785644531
train loss
1.0857515811920166
time: 1.6279139518737793
train loss
1.0865205883979798
time: 1.6283669471740723
train loss
1.0862749338150024
time: 1.6308887004852295
train loss
1.086897349357605
time: 1.6285419464111328
train loss
1.0879639327526092
time: 1.629108190536499
train loss
1.0880086123943329
time: 1.6349430084228516
train loss
1.0886079490184783
time: 1.6306726932525635
train loss
1.0882407188415528
test loss
0.7802379846572876
inf
time: 1.629199504852295
train loss
1.0863916993141174
time: 1.6269598007202148
train loss
1.0843316793441773
time: 1.6290380954742432
train loss
1.0825623631477357
time: 1.6297719478607178
train loss
1.0798691630363464
time: 1.6287081241607666
train loss
1.0779497146606445
time: 1.6278350353240967
train loss
1.0771071493625641
time: 1.6301000118255615
train loss
1.0765977203845978
time: 1.6372392177581787
train loss
1.0766233503818512
time: 1.6382088661193848
train loss
1.0767550051212311
time: 1.6302802562713623
train loss
1.0752502799034118
test loss
0.7691333532333374
inf
time: 1.6364989280700684
train loss
1.0746388673782348
time: 1.629493236541748
train loss
1.0743266999721528
time: 1.6283578872680664
train loss
1.072883701324463
time: 1.634763240814209
train loss
1.0730375587940215
time: 1.640044927597046
train loss
1.0738407969474792
time: 1.63865065574646
train loss
1.072756290435791
time: 1.6400115489959717
train loss
1.0730424165725707
time: 1.6413357257843018
train loss
1.0745343327522279
time: 1.6390745639801025
train loss
1.0745399236679076
time: 1.640521764755249
train loss
1.0738102197647095
test loss
0.7681179761886596
inf
time: 1.6287059783935547
train loss
1.0741801679134368
time: 1.628021240234375
train loss
1.0747661113739013
time: 1.6319797039031982
train loss
1.0748843014240266
time: 1.6391301155090332
train loss
1.0747526705265045
time: 1.639467716217041
train loss
1.0745961606502532
time: 1.6305515766143799
train loss
1.0761163353919982
time: 1.62945556640625
train loss
1.0790054380893708
time: 1.6291625499725342
train loss
1.0799096941947937
time: 1.6296398639678955
train loss
1.0804116427898407
time: 1.6291663646697998
train loss
1.0792190432548523
test loss
0.7724337220191956
inf
time: 1.638794183731079
train loss
1.079154235124588
time: 1.6312451362609863
train loss
1.0786254286766053
time: 1.6321132183074951
train loss
1.0778940737247467
time: 1.630681037902832
train loss
1.0778536736965179
time: 1.6284518241882324
train loss
1.0770896196365356
time: 1.632791519165039
train loss
1.0776634156703948
time: 1.632279396057129
train loss
1.0774603545665742
time: 1.6301240921020508
train loss
1.0769433200359344
time: 1.6306781768798828
train loss
1.0750000417232513
time: 1.6273996829986572
train loss
1.0736437916755677
test loss
0.767967689037323
inf
time: 1.6364729404449463
train loss
1.0742073059082031
time: 1.625364065170288
train loss
1.0750848412513734
time: 1.6311805248260498
train loss
1.0751839101314544
time: 1.6312289237976074
train loss
1.076461637020111
time: 1.6375811100006104
train loss
1.0765888750553132
time: 1.631927251815796
train loss
1.076793485879898
time: 1.6358673572540283
train loss
1.0778107285499572
time: 1.6385300159454346
train loss
1.078053641319275
time: 1.638122797012329
train loss
1.0781607031822205
time: 1.6312534809112549
train loss
1.0780482351779939
test loss
0.772699236869812
inf
time: 1.6366453170776367
train loss
1.0783990919589996
time: 1.6295359134674072
train loss
1.077731192111969
time: 1.6308262348175049
train loss
1.0775938034057617
time: 1.6272616386413574
train loss
1.0788116157054901
time: 1.6308536529541016
train loss
1.079052871465683
time: 1.629148006439209
train loss
1.079392272233963
time: 1.631866216659546
train loss
1.0799347460269928
time: 1.6317250728607178
train loss
1.0809932410717011
time: 1.6296250820159912
train loss
1.0830741107463837
time: 1.63651704788208
train loss
1.0846174299716949
test loss
0.7794637441635132
inf
time: 1.628528118133545
train loss
1.084013319015503
time: 1.628493070602417
train loss
1.0830952942371368
time: 1.6287951469421387
train loss
1.080959188938141
time: 1.6358354091644287
train loss
1.0794024348258973
time: 1.6263394355773926
train loss
1.0790969610214234
time: 1.629164218902588
train loss
1.0796772301197053
time: 1.6276330947875977
train loss
1.0823980510234832
time: 1.6290905475616455
train loss
1.0831154584884644
time: 1.6424894332885742
train loss
1.082521766424179
time: 1.640747308731079
train loss
1.082057934999466
test loss
0.7767014980316163
inf
time: 1.6321702003479004
train loss
1.0819060385227204
time: 1.6266839504241943
train loss
1.0810471653938294
time: 1.6304469108581543
train loss
1.0803163051605225
time: 1.629206895828247
train loss
1.0784530162811279
time: 1.6290934085845947
train loss
1.077653706073761
time: 1.63277006149292
train loss
1.0760272443294525
time: 1.6268303394317627
train loss
1.0750180959701539
time: 1.6386220455169678
train loss
1.0748305320739746
time: 1.6407809257507324
train loss
1.0745249152183534
time: 1.6327359676361084
train loss
1.074139028787613
test loss
0.7688660264015198
inf
time: 1.6399328708648682
train loss
1.0750834345817566
time: 1.631485939025879
train loss
1.0752631187438966
time: 1.6328115463256836
train loss
1.075744444131851
time: 1.631927490234375
train loss
1.0759841442108153
time: 1.6331477165222168
train loss
1.0755263805389403
time: 1.630333662033081
train loss
1.0762437582015991
time: 1.6313204765319824
train loss
1.0771904468536377
time: 1.6362082958221436
train loss
1.0797347843647003
time: 1.6373388767242432
train loss
1.0818306505680084
time: 1.6309731006622314
train loss
1.082631766796112
test loss
0.7761152029037476
inf
time: 1.6288936138153076
train loss
1.082729423046112
time: 1.6324870586395264
train loss
1.0828079462051392
time: 1.6325531005859375
train loss
1.082354199886322
time: 1.631479024887085
train loss
1.0823051631450653
time: 1.6309986114501953
train loss
1.0821738958358764
time: 1.6320481300354004
train loss
1.082551157474518
time: 1.632192611694336
train loss
1.080924654006958
time: 1.6290316581726074
train loss
1.0795686185359954
time: 1.629295825958252
train loss
1.0788745641708375
time: 1.6281211376190186
train loss
1.0790223598480224
test loss
0.7743717312812806
inf
time: 1.6357457637786865
train loss
1.079509723186493
time: 1.628610372543335
train loss
1.080137413740158
time: 1.632997751235962
train loss
1.0819800972938538
time: 1.6311674118041992
train loss
1.0819914638996124
time: 1.6318893432617188
train loss
1.082166451215744
time: 1.6307427883148193
train loss
1.0835001468658447
time: 1.631005048751831
train loss
1.0845520675182343
time: 1.627959966659546
train loss
1.0845547556877135
time: 1.6281306743621826
train loss
1.08535635471344
time: 1.631782054901123
train loss
1.0856565713882447
test loss
0.7806261301040649
inf
time: 1.6350553035736084
train loss
1.0847079873085022
time: 1.6314148902893066
train loss
1.082232517004013
time: 1.630131483078003
train loss
1.08084996342659
time: 1.6322081089019775
train loss
1.0809383928775786
time: 1.6297681331634521
train loss
1.0813194453716277
time: 1.628474473953247
train loss
1.078856098651886
time: 1.6330807209014893
train loss
1.0772935450077057
time: 1.6344490051269531
train loss
1.0773720562458038
time: 1.6371948719024658
train loss
1.076639747619629
time: 1.6424248218536377
train loss
1.0749334931373595
test loss
0.7687933206558227
inf
time: 1.6300671100616455
train loss
1.0744731903076172
time: 1.63051438331604
train loss
1.074467796087265
time: 1.6289498805999756
train loss
1.0747645854949952
time: 1.6294424533843994
train loss
1.074734890460968
time: 1.629640817642212
train loss
1.0739555597305297
time: 1.629350185394287
train loss
1.0728800654411317
time: 1.6310429573059082
train loss
1.071066015958786
time: 1.63132643699646
train loss
1.0704735040664672
time: 1.6291396617889404
train loss
1.0698046147823335
time: 1.629298448562622
train loss
1.070050048828125
test loss
0.7645123124122619
inf
time: 1.6383898258209229
train loss
1.0700444996356964
time: 1.629281759262085
train loss
1.0703378915786743
time: 1.6313493251800537
train loss
1.0709287524223328
time: 1.6304912567138672
train loss
1.071050375699997
time: 1.6320829391479492
train loss
1.0706074118614197
time: 1.63053560256958
train loss
1.0706535696983337
time: 1.6320769786834717
train loss
1.0700456857681275
time: 1.6337711811065674
train loss
1.069075781106949
time: 1.630786657333374
train loss
1.0690029680728912
time: 1.6335668563842773
train loss
1.0687130987644196
test loss
0.7636569857597351
inf
time: 1.6322178840637207
train loss
1.0699309051036834
time: 1.6313612461090088
train loss
1.0692329227924346
time: 1.6294310092926025
train loss
1.0674205660820006
time: 1.6295530796051025
train loss
1.0666226267814636
time: 1.6376678943634033
train loss
1.066701304912567
time: 1.6381127834320068
train loss
1.0672674119472503
time: 1.646094799041748
train loss
1.068504387140274
time: 1.6431479454040527
train loss
1.0687245428562164
time: 1.6384499073028564
train loss
1.0689374685287476
time: 1.63688063621521
train loss
1.0684195578098297
test loss
0.7623957991600037
inf
time: 1.6468486785888672
train loss
1.0678259968757629
time: 1.6445984840393066
train loss
1.066342180967331
time: 1.6428649425506592
train loss
1.0648576319217682
time: 1.6442177295684814
train loss
1.064233934879303
time: 1.6411430835723877
train loss
1.0639878630638122
time: 1.64182710647583
train loss
1.063493150472641
time: 1.6425321102142334
train loss
1.062121284008026
time: 1.639246940612793
train loss
1.0620009839534759
time: 1.6409239768981934
train loss
1.061854249238968
time: 1.6414361000061035
train loss
1.0627288222312927
test loss
0.7572627544403077
inf
time: 1.6388874053955078
train loss
1.062333995103836
time: 1.628894567489624
train loss
1.0631067991256713
time: 1.6341118812561035
train loss
1.0642941176891327
time: 1.6323699951171875
train loss
1.0644293010234833
time: 1.6323237419128418
train loss
1.0640145897865296
time: 1.6313929557800293
train loss
1.063263440132141
time: 1.6312298774719238
train loss
1.0625614821910858
time: 1.63108491897583
train loss
1.0616315126419067
time: 1.6291041374206543
train loss
1.0595763206481934
time: 1.6330020427703857
train loss
1.0598973214626313
test loss
0.7547976732254028
inf
time: 1.6355187892913818
train loss
1.061078554391861
time: 1.6277508735656738
train loss
1.0621604859828948
time: 1.628950834274292
train loss
1.063045483827591
time: 1.6290082931518555
train loss
1.0636579990386963
time: 1.627227544784546
train loss
1.064178454875946
time: 1.6257829666137695
train loss
1.0646670281887054
time: 1.6288442611694336
train loss
1.0654425740242004
time: 1.6301777362823486
train loss
1.065757942199707
time: 1.630089521408081
train loss
1.0651536345481873
time: 1.630495309829712
train loss
1.0660868048667909
test loss
0.7607032179832458
inf
time: 1.6355979442596436
train loss
1.066633588075638
time: 1.6275734901428223
train loss
1.0656716406345368
time: 1.6283752918243408
train loss
1.0658589363098145
time: 1.6296639442443848
train loss
1.0654754340648651
time: 1.627159833908081
train loss
1.0648452162742614
time: 1.629453420639038
train loss
1.0660493671894073
time: 1.6288871765136719
train loss
1.0667930960655212
time: 1.628244161605835
train loss
1.0675646543502808
time: 1.6279518604278564
train loss
1.0684905290603637
time: 1.627756118774414
train loss
1.0688701152801514
test loss
0.7628632545471191
inf
time: 1.6377840042114258
train loss
1.0683470487594604
time: 1.631549596786499
train loss
1.0692287683486938
time: 1.6322309970855713
train loss
1.0694460093975067
time: 1.6359426975250244
train loss
1.0699958682060242
time: 1.6291861534118652
train loss
1.0702451407909392
time: 1.6323554515838623
train loss
1.0702187657356261
time: 1.6294925212860107
train loss
1.0703947424888611
time: 1.6351163387298584
train loss
1.0704780876636506
time: 1.6331543922424316
train loss
1.0714786291122436
time: 1.6370069980621338
train loss
1.0731202065944672
test loss
0.7681924939155579
inf
time: 1.6438841819763184
train loss
1.07324076294899
time: 1.640087366104126
train loss
1.0729763686656952
time: 1.6404402256011963
train loss
1.0729619264602661
time: 1.636340856552124
train loss
1.0719250917434693
time: 1.6301391124725342
train loss
1.0707827389240265
time: 1.6308350563049316
train loss
1.072575044631958
time: 1.6296753883361816
train loss
1.0746281504631043
time: 1.6279869079589844
train loss
1.0761030614376068
time: 1.628807783126831
train loss
1.0752795398235322
time: 1.6300337314605713
train loss
1.073816293478012
test loss
0.7677634358406067
inf
time: 1.636091947555542
train loss
1.07346214056015
time: 1.629655361175537
train loss
1.0733608305454254
time: 1.631082534790039
train loss
1.073710161447525
time: 1.6306674480438232
train loss
1.0751531958580016
time: 1.6307015419006348
train loss
1.0758285641670227
time: 1.6367788314819336
train loss
1.0768739104270935
time: 1.6322548389434814
train loss
1.0779677748680114
time: 1.631373405456543
train loss
1.0778674900531768
time: 1.634235143661499
train loss
1.0784990310668945
time: 1.6313979625701904
train loss
1.0784120559692383
test loss
0.7726374268531799
inf
time: 1.6371722221374512
train loss
1.07879598736763
time: 1.6316337585449219
train loss
1.0785431027412415
time: 1.630321741104126
train loss
1.0785789370536805
time: 1.6308088302612305
train loss
1.0779082238674165
time: 1.628718376159668
train loss
1.0775415062904359
time: 1.6334843635559082
train loss
1.079631370306015
time: 1.628185749053955
train loss
1.08112490773201
time: 1.6287922859191895
train loss
1.0829665184020996
time: 1.6308965682983398
train loss
1.0833464562892914
time: 1.6313683986663818
train loss
1.0829393923282624
test loss
0.7767479896545411
inf
time: 1.6395580768585205
train loss
1.0821267783641815
time: 1.6285502910614014
train loss
1.082134598493576
time: 1.6319918632507324
train loss
1.0820279896259308
time: 1.6305127143859863
train loss
1.0836405456066132
time: 1.6306912899017334
train loss
1.08378666639328
time: 1.6294114589691162
train loss
1.0843361139297485
time: 1.6296169757843018
train loss
1.0850563168525695
time: 1.6410987377166748
train loss
1.085665649175644
time: 1.6433990001678467
train loss
1.085457479953766
time: 1.642660140991211
train loss
1.0851869225502013
test loss
0.7803926944732666
inf
time: 1.639545202255249
train loss
1.08595370054245
time: 1.6295604705810547
train loss
1.086972278356552
time: 1.6297047138214111
train loss
1.0885699272155762
time: 1.6280772686004639
train loss
1.0890595078468324
time: 1.6315114498138428
train loss
1.0903195977210998
time: 1.6290404796600342
train loss
1.0908223092556
time: 1.6293268203735352
train loss
1.0917907655239105
time: 1.632941722869873
train loss
1.0915121614933014
time: 1.6302170753479004
train loss
1.0922168970108033
time: 1.62864089012146
train loss
1.0915780782699585
test loss
0.7859168529510498
inf
time: 1.6374659538269043
train loss
1.0913960754871368
time: 1.628730058670044
train loss
1.091187345981598
time: 1.6292340755462646
train loss
1.0927509009838103
time: 1.6337313652038574
train loss
1.0942357003688812
time: 1.6400909423828125
train loss
1.095052134990692
time: 1.6407361030578613
train loss
1.094530361890793
time: 1.638857364654541
train loss
1.0943019688129425
time: 1.6425983905792236
train loss
1.094760674238205
time: 1.6399977207183838
train loss
1.0932318031787873
time: 1.6428265571594238
train loss
1.0929589927196504
test loss
0.7878150820732117
inf
time: 1.641164779663086
train loss
1.0929855227470398
time: 1.6373660564422607
train loss
1.09530810713768
time: 1.6397345066070557
train loss
1.097355556488037
time: 1.6383306980133057
train loss
1.099796336889267
time: 1.6416237354278564
train loss
1.1015416264533997
time: 1.6413722038269043
train loss
1.1028025329113007
time: 1.6389052867889404
train loss
1.1024206399917602
time: 1.6406166553497314
train loss
1.1029705464839936
time: 1.6404333114624023
train loss
1.1052116930484772
time: 1.6408700942993164
train loss
1.1066177308559417
test loss
0.802083694934845
inf
time: 1.649580717086792
train loss
1.1088096022605896
time: 1.640972375869751
train loss
1.1098288118839263
time: 1.6383004188537598
train loss
1.108075612783432
time: 1.6387677192687988
train loss
1.1075592517852784
time: 1.640221357345581
train loss
1.1075159072875977
time: 1.6334481239318848
train loss
1.106241810321808
time: 1.6302034854888916
train loss
1.103870016336441
time: 1.6321055889129639
train loss
1.1031458735466004
time: 1.6329984664916992
train loss
1.1024571001529693
time: 1.6319797039031982
train loss
1.1027562737464904
test loss
0.7966226458549499
inf
time: 1.6389596462249756
train loss
1.1011922955513
time: 1.6306281089782715
train loss
1.1010187864303589
time: 1.6342592239379883
train loss
1.1004121601581573
time: 1.630929708480835
train loss
1.1000029265880584
time: 1.6310603618621826
train loss
1.0996977090835571
time: 1.6309754848480225
train loss
1.1009375274181366
time: 1.637322187423706
train loss
1.100767832994461
time: 1.641418695449829
train loss
1.1007333874702454
time: 1.6426591873168945
train loss
1.101396507024765
time: 1.641916036605835
train loss
1.1037325620651246
test loss
0.7977307081222534
inf
time: 1.6414546966552734
train loss
1.10500448346138
time: 1.6392805576324463
train loss
1.1076306760311128
time: 1.6414811611175537
train loss
1.1085530400276185
time: 1.6433842182159424
train loss
1.1095991909503937
time: 1.640197515487671
train loss
1.1109983921051025
time: 1.6408610343933105
train loss
1.1122810125350953
time: 1.6427228450775146
train loss
1.1129068851470947
time: 1.642188549041748
train loss
1.1151487708091736
time: 1.6418330669403076
train loss
1.117785358428955
time: 1.648179531097412
train loss
1.1199893295764922
test loss
0.8147363305091858
inf
time: 1.651750087738037
train loss
1.1206110119819641
time: 1.6415534019470215
train loss
1.1189524173736571
time: 1.640103816986084
train loss
1.1184078991413116
time: 1.6427695751190186
train loss
1.118714827299118
time: 1.6417183876037598
train loss
1.1201578557491303
time: 1.644042730331421
train loss
1.1205661237239837
time: 1.641416311264038
train loss
1.118960589170456
time: 1.6408660411834717
train loss
1.1177527606487274
time: 1.6419084072113037
train loss
1.1171880304813384
time: 1.642056941986084
train loss
1.1179828822612763
test loss
0.8125154256820679
inf
time: 1.6332151889801025
train loss
1.1195863723754882
time: 1.6294307708740234
train loss
1.1190265774726869
time: 1.6300349235534668
train loss
1.1175789058208465
time: 1.6364576816558838
train loss
1.115710234642029
time: 1.628753662109375
train loss
1.1159777402877809
time: 1.6322293281555176
train loss
1.1168762385845183
time: 1.6307899951934814
train loss
1.115190362930298
time: 1.6347873210906982
train loss
1.1153468549251557
time: 1.632385015487671
train loss
1.1141842663288117
time: 1.6316072940826416
train loss
1.1137508153915405
test loss
0.8079322338104248
inf
time: 1.6299128532409668
train loss
1.1127144694328308
time: 1.6299452781677246
train loss
1.112828516960144
time: 1.6299195289611816
train loss
1.112155371904373
time: 1.6287248134613037
train loss
1.1108651638031006
time: 1.6266138553619385
train loss
1.1091999948024749
time: 1.6408002376556396
train loss
1.1088390231132508
time: 1.6403849124908447
train loss
1.1090742230415345
time: 1.6411175727844238
train loss
1.1103127896785736
time: 1.6472687721252441
train loss
1.1096258819103242
time: 1.6426491737365723
train loss
1.1095484972000123
test loss
0.8029136300086975
inf
time: 1.6460564136505127
train loss
1.1092923164367676
time: 1.640099287033081
train loss
1.1078497886657714
time: 1.6402745246887207
train loss
1.1071926712989808
time: 1.6421194076538086
train loss
1.1075187265872954
time: 1.6418993473052979
train loss
1.1066126644611358
time: 1.6383824348449707
train loss
1.1050980865955353
time: 1.6396894454956055
train loss
1.1047896802425385
time: 1.6372606754302979
train loss
1.1043817520141601
time: 1.6384398937225342
train loss
1.1039213716983796
time: 1.6415069103240967
train loss
1.1028292179107666
test loss
0.7962194561958313
inf
time: 1.6393697261810303
train loss
1.102528101205826
time: 1.6296663284301758
train loss
1.1029891788959503
time: 1.6374905109405518
train loss
1.1024001717567444
time: 1.6302845478057861
train loss
1.1025614261627197
time: 1.6290645599365234
train loss
1.1034242510795593
time: 1.632817029953003
train loss
1.1032406210899353
time: 1.6402878761291504
train loss
1.1024877429008484
time: 1.643921136856079
train loss
1.1012727916240692
time: 1.6340997219085693
train loss
1.10077246427536
time: 1.6332402229309082
train loss
1.1011649429798127
test loss
0.7950857996940612
inf
time: 1.6342425346374512
train loss
1.0998740196228027
time: 1.6301209926605225
train loss
1.100332397222519
time: 1.630845308303833
train loss
1.0989446341991425
time: 1.636828899383545
train loss
1.0982005715370178
time: 1.6386799812316895
train loss
1.0983123362064362
time: 1.641226053237915
train loss
1.097329205274582
time: 1.639413595199585
train loss
1.097252655029297
time: 1.6393077373504639
train loss
1.097886335849762
time: 1.6411869525909424
train loss
1.0984884023666381
time: 1.631199836730957
train loss
1.100620800256729
test loss
0.7949225664138794
inf
time: 1.635511875152588
train loss
1.1021802186965943
time: 1.6308817863464355
train loss
1.1036821365356446
time: 1.6293747425079346
train loss
1.1057067096233368
time: 1.6278138160705566
train loss
1.10666863322258
time: 1.6310005187988281
train loss
1.1064271867275237
time: 1.6303532123565674
train loss
1.106207001209259
time: 1.6364860534667969
train loss
1.1066868901252747
time: 1.6303863525390625
train loss
1.1067613422870637
time: 1.62933349609375
train loss
1.1066990137100219
time: 1.6288087368011475
train loss
1.105659681558609
test loss
0.799211323261261
inf
time: 1.6273541450500488
train loss
1.104810780286789
time: 1.628910779953003
train loss
1.1029114305973053
time: 1.6286778450012207
train loss
1.1015254735946656
time: 1.6287713050842285
train loss
1.0998120248317718
time: 1.6290793418884277
train loss
1.1008757412433625
time: 1.627713918685913
train loss
1.1035365283489227
time: 1.6283419132232666
train loss
1.1053496479988099
time: 1.6285674571990967
train loss
1.1054611384868622
time: 1.627899408340454
train loss
1.1029459059238433
time: 1.631457805633545
train loss
1.102050632238388
test loss
0.7952357769012451
inf
time: 1.6285326480865479
train loss
1.1016167402267456
time: 1.6297636032104492
train loss
1.1007889926433563
time: 1.6290547847747803
train loss
1.0985463857650757
time: 1.6272292137145996
train loss
1.09771169424057
time: 1.626483678817749
train loss
1.0981997668743133
time: 1.635115623474121
train loss
1.099170982837677
time: 1.641984224319458
train loss
1.0996719598770142
time: 1.6417210102081299
train loss
1.0990281879901886
time: 1.6401984691619873
train loss
1.0989311456680297
time: 1.631270408630371
train loss
1.0981713831424713
test loss
0.7925168037414551
inf
time: 1.6388564109802246
train loss
1.0987938046455383
time: 1.6288917064666748
train loss
1.0980312824249268
time: 1.6298418045043945
train loss
1.0970316708087922
time: 1.6302263736724854
train loss
1.0970170974731446
time: 1.6306016445159912
train loss
1.0973323464393616
time: 1.6285479068756104
train loss
1.0976791501045227
time: 1.6306021213531494
train loss
1.0982832670211793
time: 1.629983901977539
train loss
1.0977149248123168
time: 1.6262056827545166
train loss
1.096527874469757
time: 1.62943434715271
train loss
1.0955523908138276
test loss
0.788447380065918
inf
time: 1.6370666027069092
train loss
1.095215082168579
time: 1.6364514827728271
train loss
1.094798630475998
time: 1.6410517692565918
train loss
1.0935035347938538
time: 1.6414637565612793
train loss
1.0928925395011901
time: 1.6405835151672363
train loss
1.0935719430446624
time: 1.6288814544677734
train loss
1.0936226963996887
time: 1.6360914707183838
train loss
1.092521607875824
time: 1.6314020156860352
train loss
1.0917554914951324
time: 1.6297788619995117
train loss
1.0910497307777405
time: 1.6308884620666504
train loss
1.0908204197883606
test loss
0.7839877128601074
inf
time: 1.6342036724090576
train loss
1.0904514372348786
time: 1.6286816596984863
train loss
1.0905043125152587
time: 1.6308844089508057
train loss
1.091659152507782
time: 1.630492925643921
train loss
1.0930433094501495
time: 1.6273200511932373
train loss
1.0930514991283418
time: 1.6286604404449463
train loss
1.0928514182567597
time: 1.6289594173431396
train loss
1.0930423140525818
time: 1.6278831958770752
train loss
1.0942647755146027
time: 1.6280491352081299
train loss
1.0937673509120942
time: 1.6278283596038818
train loss
1.0951117753982544
test loss
0.7892702221870422
inf
time: 1.6366190910339355
train loss
1.0960351824760437
time: 1.626929521560669
train loss
1.0966072380542755
time: 1.6301155090332031
train loss
1.0971358954906463
time: 1.6309895515441895
train loss
1.0985713839530944
time: 1.6311376094818115
train loss
1.0987621903419496
time: 1.628154993057251
train loss
1.1005188524723053
time: 1.6298317909240723
train loss
1.1015142977237702
time: 1.6300761699676514
train loss
1.1021092891693116
time: 1.633178949356079
train loss
1.1021350622177124
time: 1.6360466480255127
train loss
1.1021534562110902
test loss
0.7968270182609558
inf
time: 1.641714096069336
train loss
1.102388471364975
time: 1.6301984786987305
train loss
1.1032590389251709
time: 1.6301310062408447
train loss
1.1047503411769868
time: 1.6294159889221191
train loss
1.1056379079818726
time: 1.6288902759552002
train loss
1.1070367991924286
time: 1.637615442276001
train loss
1.1079951703548432
time: 1.6300139427185059
train loss
1.1089329779148103
time: 1.6303019523620605
train loss
1.1082108318805695
time: 1.632328748703003
train loss
1.1077895760536194
time: 1.6320888996124268
train loss
1.1077812731266021
test loss
0.8004602551460266
inf
time: 1.636869192123413
train loss
1.1075847685337066
time: 1.6296381950378418
train loss
1.1072987735271453
time: 1.6302053928375244
train loss
1.1070633769035338
time: 1.6312830448150635
train loss
1.1072410106658936
time: 1.6407802104949951
train loss
1.105466115474701
time: 1.639009714126587
train loss
1.105394423007965
time: 1.6357336044311523
train loss
1.1058283686637878
time: 1.6315362453460693
train loss
1.1053833782672882
time: 1.6289207935333252
train loss
1.1050683498382567
time: 1.6296699047088623
train loss
1.1055201828479766
test loss
0.7979717016220093
inf
time: 1.6365618705749512
train loss
1.1055399000644683
time: 1.6298506259918213
train loss
1.1067057609558106
time: 1.6306049823760986
train loss
1.1060951113700868
time: 1.6295366287231445
train loss
1.1059097051620483
time: 1.6290981769561768
train loss
1.1059304356575013
time: 1.628990888595581
train loss
1.1079533636569976
time: 1.630565881729126
train loss
1.1111587524414062
time: 1.6255221366882324
train loss
1.1132648885250092
time: 1.629427194595337
train loss
1.115668958425522
time: 1.632636308670044
train loss
1.1162515819072723
test loss
0.8100353360176087
inf
time: 1.6395657062530518
train loss
1.1182923436164856
time: 1.6315178871154785
train loss
1.120212012529373
time: 1.6293158531188965
train loss
1.1201715230941773
time: 1.6301491260528564
train loss
1.120538204908371
time: 1.6311297416687012
train loss
1.1203745126724243
time: 1.6326663494110107
train loss
1.122090756893158
time: 1.6293518543243408
train loss
1.1229027688503266
time: 1.6308770179748535
train loss
1.1232312858104705
time: 1.6312026977539062
train loss
1.1271051347255707
time: 1.6301913261413574
train loss
1.129194861650467
test loss
0.8230655550956726
inf
time: 1.6381194591522217
train loss
1.1303397297859192
time: 1.6317493915557861
train loss
1.1308321118354798
time: 1.632547378540039
train loss
1.1323610067367553
time: 1.6314997673034668
train loss
1.1333459794521332
time: 1.6309185028076172
train loss
1.134802335500717
time: 1.6296708583831787
train loss
1.134250658750534
time: 1.6286978721618652
train loss
1.1355465590953826
time: 1.6298799514770508
train loss
1.1379212856292724
time: 1.6301825046539307
train loss
1.139570301771164
time: 1.630976915359497
train loss
1.14100221991539
test loss
0.8344574332237243
inf
time: 1.6374766826629639
train loss
1.13995521068573
time: 1.6312556266784668
train loss
1.1382933378219604
time: 1.6276445388793945
train loss
1.1390708684921265
time: 1.6318318843841553
train loss
1.1388589560985565
time: 1.628925085067749
train loss
1.1409368753433227
time: 1.6322152614593506
train loss
1.1422026455402374
time: 1.629333257675171
train loss
1.1421201467514037
time: 1.6302831172943115
train loss
1.1409412741661071
time: 1.6313538551330566
train loss
1.1386391878128053
time: 1.6297874450683594
train loss
1.1391890227794648
test loss
0.833285653591156
inf
time: 1.6322190761566162
train loss
1.1401037275791168
time: 1.6324055194854736
train loss
1.1415888726711274
time: 1.6327555179595947
train loss
1.1415867269039155
time: 1.6312975883483887
train loss
1.1427363932132721
time: 1.6304633617401123
train loss
1.143926304578781
time: 1.6370761394500732
train loss
1.146810483932495
time: 1.6315834522247314
train loss
1.147797054052353
time: 1.6306416988372803
train loss
1.1484136641025544
time: 1.6295316219329834
train loss
1.1487101912498474
time: 1.6314213275909424
train loss
1.148104065656662
test loss
0.8392807602882385
inf
time: 1.6369822025299072
train loss
1.146460485458374
time: 1.6294150352478027
train loss
1.1466679871082306
time: 1.6303839683532715
train loss
1.1448856115341186
time: 1.631894588470459
train loss
1.1424045860767365
time: 1.630544662475586
train loss
1.1416897773742676
time: 1.6309518814086914
train loss
1.1408292055130005
time: 1.641484022140503
train loss
1.1390763759613036
time: 1.6401231288909912
train loss
1.1403525650501252
time: 1.6406581401824951
train loss
1.1414958953857421
time: 1.6436583995819092
train loss
1.141110759973526
test loss
0.8333733916282654
inf
time: 1.650268316268921
train loss
1.14171604514122
time: 1.6412036418914795
train loss
1.1441746711730958
time: 1.6426801681518555
train loss
1.146921294927597
time: 1.6425862312316895
train loss
1.1485392272472381
time: 1.6419878005981445
train loss
1.1486988365650177
time: 1.6418702602386475
train loss
1.1471774876117706
time: 1.6415972709655762
train loss
1.145393031835556
time: 1.639247179031372
train loss
1.144116473197937
time: 1.631636142730713
train loss
1.1439395606517793
time: 1.6321911811828613
train loss
1.1420194685459137
test loss
0.8339401364326477
inf
time: 1.6309523582458496
train loss
1.1417244017124175
time: 1.6301689147949219
train loss
1.142102986574173
time: 1.6316988468170166
train loss
1.1430997669696807
time: 1.6383898258209229
train loss
1.1439517199993134
time: 1.6330673694610596
train loss
1.1442718803882599
time: 1.632152795791626
train loss
1.1441168010234832
time: 1.6312575340270996
train loss
1.1432067573070526
time: 1.6324617862701416
train loss
1.1428094565868379
time: 1.6334986686706543
train loss
1.142664873600006
time: 1.6374893188476562
train loss
1.1447862565517426
test loss
0.8393787741661072
inf
time: 1.6440088748931885
train loss
1.1441219627857209
time: 1.6389260292053223
train loss
1.1444653868675232
time: 1.6389482021331787
train loss
1.1457243859767914
time: 1.640669584274292
train loss
1.1478376924991607
time: 1.6387388706207275
train loss
1.1510587990283967
time: 1.6405305862426758
train loss
1.1506440460681915
time: 1.643782615661621
train loss
1.15015087723732
time: 1.6464674472808838
train loss
1.150569450855255
time: 1.6433289051055908
train loss
1.1500621855258941
time: 1.6426844596862793
train loss
1.150751656293869
test loss
0.8433580040931702
inf
time: 1.642054557800293
train loss
1.15019548535347
time: 1.6389942169189453
train loss
1.1504657804965972
time: 1.6297328472137451
train loss
1.150628787279129
time: 1.629859447479248
train loss
1.1497710764408111
time: 1.6278765201568604
train loss
1.1499101221561432
time: 1.6301512718200684
train loss
1.1524644553661347
time: 1.6295809745788574
train loss
1.1546250462532044
time: 1.6275889873504639
train loss
1.158538007736206
time: 1.6314630508422852
train loss
1.1616610407829284
time: 1.6306509971618652
train loss
1.163038980960846
test loss
0.8558523774147033
inf
time: 1.634650707244873
train loss
1.162176215648651
time: 1.6311864852905273
train loss
1.1609310030937194
time: 1.6287901401519775
train loss
1.1600136399269103
time: 1.6308631896972656
train loss
1.159288728237152
time: 1.6285500526428223
train loss
1.1608433783054353
time: 1.627192497253418
train loss
1.1606451988220214
time: 1.6367535591125488
train loss
1.1615160703659058
time: 1.6281054019927979
train loss
1.1638073801994324
time: 1.6302390098571777
train loss
1.167449015378952
time: 1.6288502216339111
train loss
1.1708636343479157
test loss
0.8625452637672424
inf
time: 1.638235092163086
train loss
1.1716507136821748
time: 1.6392338275909424
train loss
1.1719874262809753
time: 1.6416115760803223
train loss
1.1730844259262085
time: 1.6410870552062988
train loss
1.1717833876609802
time: 1.6415207386016846
train loss
1.171436184644699
time: 1.6395397186279297
train loss
1.1733280658721923
time: 1.6400365829467773
train loss
1.1764637231826782
time: 1.6404504776000977
train loss
1.1791000723838807
time: 1.6401417255401611
train loss
1.1803235173225404
time: 1.639293909072876
train loss
1.1803339779376985
test loss
0.8726633667945862
inf
time: 1.6309399604797363
train loss
1.1805510103702546
time: 1.6298072338104248
train loss
1.1809992134571075
time: 1.6296255588531494
train loss
1.1832558631896972
time: 1.6272361278533936
train loss
1.1837560772895812
time: 1.6266429424285889
train loss
1.184781265258789
time: 1.6296253204345703
train loss
1.1834762692451477
time: 1.6310033798217773
train loss
1.1816245377063752
time: 1.6293001174926758
train loss
1.1801162481307983
time: 1.6317405700683594
train loss
1.180012196302414
time: 1.631744146347046
train loss
1.1784182250499726
test loss
0.8694984793663025
inf
time: 1.6424939632415771
train loss
1.1770285427570344
time: 1.628777027130127
train loss
1.1765012562274932
time: 1.633328914642334
train loss
1.1757477045059204
time: 1.6414515972137451
train loss
1.1733349800109862
time: 1.6397957801818848
train loss
1.1725497841835022
time: 1.642784833908081
train loss
1.1711970150470734
time: 1.63519287109375
train loss
1.168752920627594
time: 1.6325874328613281
train loss
1.1662022769451141
time: 1.6318550109863281
train loss
1.16169730424881
time: 1.6303191184997559
train loss
1.158801120519638
test loss
0.849720561504364
inf
time: 1.6323168277740479
train loss
1.1584272503852844
time: 1.6294927597045898
train loss
1.160417366027832
time: 1.630859375
train loss
1.1594049096107484
time: 1.6315574645996094
train loss
1.1584851026535035
time: 1.6313607692718506
train loss
1.1581092119216918
time: 1.6362745761871338
train loss
1.1589566767215729
time: 1.6337518692016602
train loss
1.161005824804306
time: 1.6302070617675781
train loss
1.160215401649475
time: 1.6306462287902832
train loss
1.159828543663025
time: 1.6315903663635254
train loss
1.1579196155071259
test loss
0.8493114590644837
inf
time: 1.6383602619171143
train loss
1.1564524471759796
time: 1.631967544555664
train loss
1.1554584145545959
time: 1.6347894668579102
train loss
1.1558934092521667
time: 2.0611274242401123
train loss
1.1546444594860077
time: 1.649831771850586
train loss
1.1525127291679382
time: 1.6401331424713135
train loss
1.150496733188629
time: 1.6367912292480469
train loss
1.1498162150382996
time: 1.6319868564605713
train loss
1.1505889594554901
time: 1.7676982879638672
train loss
1.1514802932739259
time: 1.7695820331573486
train loss
1.1538150668144227
test loss
0.8474230408668518
inf
time: 1.637571096420288
train loss
1.1535057187080384
time: 1.6300361156463623
train loss
1.1524192571640015
time: 1.6468257904052734
train loss
1.154145061969757
time: 1.6318182945251465
train loss
1.154532903432846
time: 1.664644479751587
train loss
1.1543560802936554
time: 1.687629222869873
train loss
1.154235577583313
time: 3.0290799140930176
train loss
1.1560023367404937
time: 6.563782691955566
train loss
1.1606459021568298
time: 7.15161657333374
train loss
1.1639654517173768
time: 1.656714677810669
train loss
1.1661846160888671
test loss
0.8573238372802734
inf
time: 1.6421983242034912
train loss
1.1666447341442108
time: 1.6329357624053955
train loss
1.1652008414268493
time: 1.6422948837280273
train loss
1.1655116379261017
time: 1.643606424331665
train loss
1.1664275407791138
time: 1.6490678787231445
train loss
1.1661320090293885
time: 1.644740343093872
train loss
1.167739599943161
time: 1.6457715034484863
train loss
1.1706735014915466
time: 1.6431643962860107
train loss
1.1717922925949096
time: 1.6433053016662598
train loss
1.1722136735916138
time: 1.6453287601470947
train loss
1.1730903565883637
test loss
0.8649940490722656
inf
time: 1.6527767181396484
train loss
1.1714244186878204
time: 1.6431329250335693
train loss
1.1705341458320617
time: 1.6430299282073975
train loss
1.1707496523857117
time: 1.644498586654663
train loss
1.1719856142997742
time: 1.6447288990020752
train loss
1.171668803691864
time: 1.6431734561920166
train loss
1.173595768213272
time: 1.6460111141204834
train loss
1.1764468848705292
time: 1.6426982879638672
train loss
1.1754330694675446
time: 1.6366558074951172
train loss
1.175224596261978
time: 1.6315765380859375
train loss
1.1808182537555694
test loss
0.8775474071502686
inf
time: 1.639305591583252
train loss
1.1881668388843536
time: 1.6360960006713867
train loss
1.1913423359394073
time: 1.643568754196167
train loss
1.1926344811916352
time: 1.6429502964019775
train loss
1.1936516523361207
time: 1.6450304985046387
train loss
1.192457103729248
time: 1.6436429023742676
train loss
1.1897097647190094
time: 1.6413826942443848
train loss
1.1903672695159913
time: 1.640638828277588
train loss
1.1910484671592712
time: 1.644073247909546
train loss
1.1917567193508147
time: 1.6448962688446045
train loss
1.19010848402977
test loss
0.8805761337280273
inf
time: 1.6510000228881836
train loss
1.1890349566936493
time: 1.6433112621307373
train loss
1.188842350244522
time: 1.636401891708374
train loss
1.1882679522037507
time: 1.63124680519104
train loss
1.1878831028938293
time: 1.6309599876403809
train loss
1.185599648952484
time: 1.6321046352386475
train loss
1.1850269496440888
time: 1.634429931640625
train loss
1.1850218653678894
time: 1.6354475021362305
train loss
1.1848827362060548
time: 1.6357429027557373
train loss
1.186978566646576
time: 1.6368424892425537
train loss
1.1860197126865386
test loss
0.8760538578033448
inf
time: 1.6374561786651611
train loss
1.1826371371746063
time: 1.6336798667907715
train loss
1.1812264502048493
time: 1.638362169265747
train loss
1.180165159702301
time: 1.6328201293945312
train loss
1.1795505583286285
time: 1.6322062015533447
train loss
1.1793395340442658
time: 1.6333425045013428
train loss
1.1798922836780548
time: 1.6307334899902344
train loss
1.1803911626338959
time: 1.6327571868896484
train loss
1.181155002117157
time: 1.634758710861206
train loss
1.181954824924469
time: 1.6350796222686768
train loss
1.1817400097846984
test loss
0.8710188746452332
inf
time: 1.6368074417114258
train loss
1.1794633448123932
time: 1.6360139846801758
train loss
1.1775473713874818
time: 1.6341452598571777
train loss
1.1777256727218628
time: 1.632667064666748
train loss
1.1799800097942352
time: 1.629462480545044
train loss
1.1803134322166442
time: 1.6287744045257568
train loss
1.181104153394699
time: 1.6361899375915527
train loss
1.1820535719394685
time: 1.6322557926177979
train loss
1.1846880793571473
time: 1.6307499408721924
train loss
1.185504287481308
time: 1.6295585632324219
train loss
1.1878025531768799
test loss
0.8810258984565735
inf
time: 1.6398003101348877
train loss
1.1902116775512694
time: 1.6353352069854736
train loss
1.1916911602020264
time: 1.6431353092193604
train loss
1.193152016401291
time: 1.6412327289581299
train loss
1.195060384273529
time: 1.6422605514526367
train loss
1.1947353959083558
time: 1.6437945365905762
train loss
1.1987681269645691
time: 1.6403610706329346
train loss
1.2010390341281891
time: 1.6420681476593018
train loss
1.2017879068851471
time: 1.6403076648712158
train loss
1.204683005809784
time: 1.6414952278137207
train loss
1.207873910665512
test loss
0.8990376234054566
inf
time: 1.6480777263641357
train loss
1.2087468326091766
time: 1.6391854286193848
train loss
1.2120163083076476
time: 1.6314282417297363
train loss
1.2143423199653625
time: 1.6270320415496826
train loss
1.2146819889545442
time: 1.628814458847046
train loss
1.2140350043773651
time: 1.6344871520996094
train loss
1.2128222048282624
time: 1.64190673828125
train loss
1.2121209740638732
time: 1.6428592205047607
train loss
1.2131405651569367
time: 1.6435778141021729
train loss
1.215280020236969
time: 1.6405527591705322
train loss
1.2174519300460815
test loss
0.9087664127349854
inf
time: 1.641758918762207
train loss
1.2197583377361298
time: 1.6440224647521973
train loss
1.220151025056839
time: 1.6363391876220703
train loss
1.219735187292099
time: 1.630828619003296
train loss
1.2167216002941132
time: 1.6284127235412598
train loss
1.2130271017551422
time: 1.6311898231506348
train loss
1.2117503046989442
time: 1.629356861114502
train loss
1.2097391545772553
time: 1.6290462017059326
train loss
1.2077704429626466
time: 1.6309466361999512
train loss
1.2107405006885528
time: 1.6373059749603271
train loss
1.21169371008873
test loss
0.9038776516914367
inf
time: 1.6296794414520264
train loss
1.2112961947917937
time: 1.628692388534546
train loss
1.2072067320346833
time: 1.6314120292663574
train loss
1.2045182466506958
time: 1.6297616958618164
train loss
1.2026527106761933
time: 1.6294562816619873
train loss
1.2028482258319855
time: 1.6298954486846924
train loss
1.2017596006393432
time: 1.6302740573883057
train loss
1.2006087124347686
time: 1.6411139965057373
train loss
1.1998969435691833
time: 1.640704870223999
train loss
1.1988572120666503
time: 1.641120433807373
train loss
1.1986424326896667
test loss
0.8901328206062317
inf
time: 1.646681308746338
train loss
1.2003088176250458
time: 1.6415977478027344
train loss
1.1998838841915132
time: 1.641904592514038
train loss
1.198985654115677
time: 1.6422147750854492
train loss
1.2010222017765044
time: 1.641991376876831
train loss
1.2018396139144898
time: 1.6429433822631836
train loss
1.2020112037658692
time: 1.6399273872375488
train loss
1.200393694639206
time: 1.6417081356048584
train loss
1.1975805044174195
time: 1.640815019607544
train loss
1.1969444751739502
time: 1.6405916213989258
train loss
1.1992720723152162
test loss
0.8919052124023438
inf
time: 1.645700216293335
train loss
1.2014484405517578
time: 1.6436622142791748
train loss
1.202566635608673
time: 1.641484260559082
train loss
1.202873742580414
time: 1.640446424484253
train loss
1.2019763529300689
time: 1.6418814659118652
train loss
1.1980484008789063
time: 1.6410613059997559
train loss
1.1965130686759948
time: 1.6416029930114746
train loss
1.1982004821300507
time: 1.640990972518921
train loss
1.1999237895011903
time: 1.6417820453643799
train loss
1.2002440512180328
time: 1.639503002166748
train loss
1.1995997428894043
test loss
0.89084792137146
inf
time: 1.6484808921813965
train loss
1.1985218942165374
time: 1.6388936042785645
train loss
1.2023718774318695
time: 1.6394119262695312
train loss
1.2069939732551576
time: 1.6403894424438477
train loss
1.2089280843734742
time: 1.6387581825256348
train loss
1.210577666759491
time: 1.6389970779418945
train loss
1.2113647520542146
time: 1.6428437232971191
train loss
1.211003488302231
time: 1.6424095630645752
train loss
1.211927741765976
time: 1.6425633430480957
train loss
1.212633442878723
time: 1.6392626762390137
train loss
1.2148259341716767
test loss
0.9065077662467956
inf
time: 1.6459782123565674
train loss
1.2146982848644257
time: 1.6437902450561523
train loss
1.2125752031803132
time: 1.6419305801391602
train loss
1.2115769922733306
time: 1.6419565677642822
train loss
1.212626612186432
time: 1.6409881114959717
train loss
1.2142342686653138
time: 1.6401617527008057
train loss
1.2165417611598968
time: 1.6475639343261719
train loss
1.2191956341266632
time: 1.639861822128296
train loss
1.2181924343109132
time: 1.6428940296173096
train loss
1.2169427752494812
time: 1.6437973976135254
train loss
1.2177053570747376
test loss
0.9099900960922241
inf
time: 1.651411771774292
train loss
1.219096040725708
time: 1.6388931274414062
train loss
1.2206976056098937
time: 1.6421434879302979
train loss
1.2199089288711549
time: 1.6410036087036133
train loss
1.2181678354740142
time: 1.6355338096618652
train loss
1.2173336803913117
time: 1.63258957862854
train loss
1.2164081633090973
time: 1.630021333694458
train loss
1.2140910029411316
time: 1.6314380168914795
train loss
1.2121323943138123
time: 1.6310946941375732
train loss
1.211059671640396
time: 1.6316194534301758
train loss
1.2102637946605683
test loss
0.9019556164741516
inf
time: 1.6368136405944824
train loss
1.209127140045166
time: 1.6285984516143799
train loss
1.2088564693927766
time: 1.631669521331787
train loss
1.2078739762306214
time: 1.629441738128662
train loss
1.208671462535858
time: 1.6297581195831299
train loss
1.2115124404430389
time: 1.6321918964385986
train loss
1.212508201599121
time: 1.6319777965545654
train loss
1.2135380506515503
time: 1.6310789585113525
train loss
1.2143437564373016
time: 1.631760597229004
train loss
1.215779823064804
time: 1.6328785419464111
train loss
1.2158129274845124
test loss
0.9065877318382263
inf
time: 1.6351652145385742
train loss
1.2135554671287536
time: 1.6283583641052246
train loss
1.2095852017402648
time: 1.6318306922912598
train loss
1.2073637664318084
time: 1.6312456130981445
train loss
1.20594220161438
time: 1.630957841873169
train loss
1.2068460941314698
time: 1.6320395469665527
train loss
1.2072650969028473
time: 1.6338415145874023
train loss
1.2084119856357574
time: 1.633354902267456
train loss
1.2068793416023254
time: 1.6315257549285889
train loss
1.2038820147514344
time: 1.6339483261108398
train loss
1.2022746205329895
test loss
0.8949332475662232
inf
time: 1.6470582485198975
train loss
1.2022744476795197
time: 1.6311132907867432
train loss
1.1997014462947846
time: 1.6330275535583496
train loss
1.1960388720035553
time: 1.6312339305877686
train loss
1.1955594837665557
time: 1.6330201625823975
train loss
1.1950163841247559
time: 1.6343660354614258
train loss
1.1945992410182953
time: 1.6323940753936768
train loss
1.1946448743343354
time: 1.6286029815673828
train loss
1.1945242702960968
time: 1.6277763843536377
train loss
1.1936948895454407
time: 1.6309826374053955
train loss
1.195007425546646
test loss
0.885297417640686
inf
time: 1.6363718509674072
train loss
1.1947382628917693
time: 1.63008713722229
train loss
1.196514266729355
time: 1.6296026706695557
train loss
1.1985809206962585
time: 1.630666732788086
train loss
1.199436765909195
time: 1.6339695453643799
train loss
1.1994686424732208
time: 1.6293272972106934
train loss
1.2020983457565309
time: 1.6305627822875977
train loss
1.203004503250122
time: 1.6306815147399902
train loss
1.204023504257202
time: 1.6284208297729492
train loss
1.2062965035438538
time: 1.6308205127716064
train loss
1.2046899914741516
test loss
0.89734787940979
inf
time: 1.636272668838501
train loss
1.205839854478836
time: 1.6290028095245361
train loss
1.205602490901947
time: 1.6293165683746338
train loss
1.2047982156276702
time: 1.6311008930206299
train loss
1.2038346230983734
time: 1.6311967372894287
train loss
1.2028891086578368
time: 1.628648281097412
train loss
1.2008138477802277
time: 1.62882399559021
train loss
1.1989797949790955
time: 1.6301133632659912
train loss
1.1983989119529723
time: 1.6298794746398926
train loss
1.1975506007671357
time: 1.6280221939086914
train loss
1.1969765782356263
test loss
0.8885523319244385
inf
time: 1.6373200416564941
train loss
1.1974600672721862
time: 1.6305832862854004
train loss
1.197196102142334
time: 1.6295528411865234
train loss
1.1969741106033325
time: 1.6308374404907227
train loss
1.1970904290676116
time: 1.6297285556793213
train loss
1.195326828956604
time: 1.629791021347046
train loss
1.1942229211330413
time: 1.6303017139434814
train loss
1.1905248165130615
time: 1.6307871341705322
train loss
1.1908764660358429
time: 1.6275641918182373
train loss
1.1907694339752197
time: 1.63173508644104
train loss
1.194002139568329
test loss
0.8858584284782409
inf
time: 1.6349725723266602
train loss
1.195721334218979
time: 1.628255844116211
train loss
1.1990783274173737
time: 1.6311936378479004
train loss
1.200764435529709
time: 1.6305909156799316
train loss
1.2019969880580903
time: 1.6282789707183838
train loss
1.200328814983368
time: 1.6305925846099854
train loss
1.196806401014328
time: 1.6274487972259521
train loss
1.1981992781162263
time: 1.6339926719665527
train loss
1.1978109538555146
time: 1.6404142379760742
train loss
1.1944763839244843
time: 1.632718563079834
train loss
1.1926549792289733
test loss
0.8843787431716919
inf
time: 1.638685703277588
train loss
1.1922721087932586
time: 1.6281797885894775
train loss
1.192236316204071
time: 1.6318402290344238
train loss
1.1913739919662476
time: 1.6285278797149658
train loss
1.1929722845554351
time: 1.6302809715270996
train loss
1.1961221873760224
time: 1.6294050216674805
train loss
1.1987963557243346
time: 1.630492925643921
train loss
1.201101815700531
time: 1.633326530456543
train loss
1.201999968290329
time: 1.6312003135681152
train loss
1.203281044960022
time: 1.6300463676452637
train loss
1.2101140677928925
test loss
0.904445493221283
inf
time: 1.6395652294158936
train loss
1.2142709910869598
time: 1.6294832229614258
train loss
1.2177802324295044
time: 1.6295936107635498
train loss
1.2188751697540283
time: 1.6285912990570068
train loss
1.217590832710266
time: 1.6266238689422607
train loss
1.2165423810482026
time: 1.629687786102295
train loss
1.2192066729068756
time: 1.6288220882415771
train loss
1.22039293050766
time: 1.6247971057891846
train loss
1.2205702543258667
time: 1.6301145553588867
train loss
1.2224721789360047
time: 1.6295537948608398
train loss
1.2239425659179688
test loss
0.9146350026130676
inf
time: 1.6281673908233643
train loss
1.2243224322795867
time: 1.6297636032104492
train loss
1.222801011800766
time: 1.6294023990631104
train loss
1.2233865022659303
time: 1.6307127475738525
train loss
1.2227003931999207
time: 1.6288549900054932
train loss
1.2232192754745483
time: 1.629953145980835
train loss
1.2240325510501862
time: 1.6306655406951904
train loss
1.2260642409324647
time: 1.6307084560394287
train loss
1.2285955190658568
time: 1.6282570362091064
train loss
1.230369120836258
time: 1.6310169696807861
train loss
1.2294186115264893
test loss
0.9189670324325562
inf
time: 1.6297996044158936
train loss
1.2287444710731505
time: 1.6268467903137207
train loss
1.228747272491455
time: 1.6301863193511963
train loss
1.2306634962558747
time: 1.6271939277648926
train loss
1.2321326851844787
time: 1.630753517150879
train loss
1.2332154035568237
time: 1.6288039684295654
train loss
1.2363004446029664
time: 1.6324150562286377
train loss
1.2350625038146972
time: 1.6292951107025146
train loss
1.231521052122116
time: 1.6311774253845215
train loss
1.2308020353317262
time: 1.6302416324615479
train loss
1.2301310837268828
test loss
0.9188338875770569
inf
time: 1.6360609531402588
train loss
1.2290947616100312
time: 1.6409735679626465
train loss
1.230142456293106
time: 1.6336727142333984
train loss
1.2354363322257995
time: 1.6321969032287598
train loss
1.2382750928401947
time: 1.6302134990692139
train loss
1.2389338910579681
time: 1.6285414695739746
train loss
1.2348543405532837
time: 1.630162000656128
train loss
1.2332165956497192
time: 1.6286203861236572
train loss
1.2352372229099273
time: 1.6273643970489502
train loss
1.2379700601100923
time: 1.6323602199554443
train loss
1.238310581445694
test loss
0.9282113194465638
inf
time: 1.6404783725738525
train loss
1.236618596315384
time: 1.640002965927124
train loss
1.2362667679786683
time: 1.638970136642456
train loss
1.2349177658557893
time: 1.641277551651001
train loss
1.234927922487259
time: 1.6424551010131836
train loss
1.2342177391052247
time: 1.6400606632232666
train loss
1.239093893766403
time: 1.6397511959075928
train loss
1.2414532124996185
time: 1.6406886577606201
train loss
1.2421916902065278
time: 1.6386895179748535
train loss
1.2415587604045868
time: 1.640211582183838
train loss
1.2412034094333648
test loss
0.9333250284194946
inf
time: 1.62766695022583
train loss
1.2423748314380645
time: 1.63096284866333
train loss
1.2451371133327485
time: 1.6418359279632568
train loss
1.2444799184799193
time: 1.6426341533660889
train loss
1.2431091606616973
time: 1.6426031589508057
train loss
1.244692063331604
time: 1.6404147148132324
train loss
1.2460864961147309
time: 1.6426467895507812
train loss
1.2510858952999115
time: 1.6413154602050781
train loss
1.254725456237793
time: 1.6409389972686768
train loss
1.2537789702415467
time: 1.6412062644958496
train loss
1.2510182082653045
test loss
0.9407405734062195
inf
time: 1.6385583877563477
train loss
1.2481846988201142
time: 1.6365811824798584
train loss
1.2445007026195527
time: 1.6278083324432373
train loss
1.2429035425186157
time: 1.629746437072754
train loss
1.2410470068454742
time: 1.6284582614898682
train loss
1.239789366722107
time: 1.6354703903198242
train loss
1.2397682249546051
time: 1.640843391418457
train loss
1.2407057344913484
time: 1.641678810119629
train loss
1.2400590300559997
time: 1.6410305500030518
train loss
1.2398271024227143
time: 1.6473214626312256
train loss
1.2389188885688782
test loss
0.9304988384246826
inf
time: 1.6361498832702637
train loss
1.238327032327652
time: 1.6314079761505127
train loss
1.237267255783081
time: 1.6359713077545166
train loss
1.2369301438331604
time: 1.6321144104003906
train loss
1.235920774936676
time: 1.6323482990264893
train loss
1.236054962873459
time: 1.6295466423034668
train loss
1.2367882966995238
time: 1.6302034854888916
train loss
1.238486295938492
time: 1.6296565532684326
train loss
1.2388869941234588
time: 1.6275534629821777
train loss
1.2412412643432618
time: 1.6303541660308838
train loss
1.2413221776485444
test loss
0.933506190776825
inf
time: 1.6368722915649414
train loss
1.240827703475952
time: 1.6275501251220703
train loss
1.2400122821331023
time: 1.632514238357544
train loss
1.2392510235309602
time: 1.6276607513427734
train loss
1.2370247840881348
time: 1.6298596858978271
train loss
1.2368327736854554
time: 1.6293456554412842
train loss
1.234845721721649
time: 1.6284162998199463
train loss
1.2324839770793914
time: 1.6300880908966064
train loss
1.229959911108017
time: 1.6278507709503174
train loss
1.2264961421489715
time: 1.6309638023376465
train loss
1.2229577600955963
test loss
0.9133634924888611
inf
time: 1.6332659721374512
train loss
1.2222121894359588
time: 1.6302013397216797
train loss
1.2219351053237915
time: 1.6308443546295166
train loss
1.221681159734726
time: 1.6303181648254395
train loss
1.221941751241684
time: 1.6319475173950195
train loss
1.221256172657013
time: 1.6307258605957031
train loss
1.219316726922989
time: 1.6290690898895264
train loss
1.2188340365886687
time: 1.630190134048462
train loss
1.220557188987732
time: 1.6301608085632324
train loss
1.2219804644584655
time: 1.6312673091888428
train loss
1.2229922413825989
test loss
0.914451515674591
inf
time: 1.6310460567474365
train loss
1.2234965443611145
time: 1.647228717803955
train loss
1.222830307483673
time: 1.6429266929626465
train loss
1.2257396280765533
time: 1.6429753303527832
train loss
1.2301757514476777
time: 1.6404919624328613
train loss
1.2328680396080016
time: 1.6400117874145508
train loss
1.2334857642650605
time: 1.6457149982452393
train loss
1.232094955444336
time: 1.64048171043396
train loss
1.2291347920894622
time: 1.6425974369049072
train loss
1.2263420343399047
time: 1.6406521797180176
train loss
1.2244482398033143
test loss
0.9128174185752869
inf
time: 1.6477315425872803
train loss
1.2229294776916504
time: 1.6402060985565186
train loss
1.2223786473274232
time: 1.6410927772521973
train loss
1.2219483494758605
time: 1.640645980834961
train loss
1.2215876221656798
time: 1.64036226272583
train loss
1.2229153096675873
time: 1.6408143043518066
train loss
1.2251963376998902
time: 1.6450905799865723
train loss
1.2248315572738648
time: 1.6402525901794434
train loss
1.2257788479328156
time: 1.6404571533203125
train loss
1.2253965616226197
time: 1.6407461166381836
train loss
1.2236467897891998
test loss
0.9126976013183594
inf
time: 1.6413733959197998
train loss
1.2211816370487214
time: 1.6422197818756104
train loss
1.2196109652519227
time: 1.63810133934021
train loss
1.2175520658493042
time: 1.6416196823120117
train loss
1.2189997613430024
time: 1.639786720275879
train loss
1.2173317670822144
time: 1.6400399208068848
train loss
1.218693208694458
time: 1.6441607475280762
train loss
1.2208707451820373
time: 1.6394126415252686
train loss
1.2210098087787629
time: 1.6408348083496094
train loss
1.2221226155757905
time: 1.6375980377197266
train loss
1.2227032780647278
test loss
0.9147622108459472
inf
time: 1.6531763076782227
train loss
1.2232407808303833
time: 1.6417772769927979
train loss
1.2222157001495362
time: 1.6382672786712646
train loss
1.2191799104213714
time: 1.6409931182861328
train loss
1.2164093613624574
time: 1.6419715881347656
train loss
1.2139601230621337
time: 1.6405892372131348
train loss
1.2127079904079436
time: 1.6420643329620361
train loss
1.2120059311389924
time: 1.640610694885254
train loss
1.21011563539505
time: 1.6404149532318115
train loss
1.207256019115448
time: 1.6446294784545898
train loss
1.2066366374492645
test loss
0.8980840444564819
inf
time: 1.6539678573608398
train loss
1.204748511314392
time: 1.6423165798187256
train loss
1.2046143114566803
time: 1.632286548614502
train loss
1.202991795539856
time: 1.6326079368591309
train loss
1.20190372467041
time: 1.6304028034210205
train loss
1.2024688839912414
time: 1.630462884902954
train loss
1.2016837298870087
time: 1.630408525466919
train loss
1.2013477087020874
time: 1.631274700164795
train loss
1.2011800289154053
time: 1.6315021514892578
train loss
1.200945293903351
time: 1.6291911602020264
train loss
1.202643758058548
test loss
0.8970460414886474
inf
time: 1.640275478363037
train loss
1.2066970348358155
time: 1.6329519748687744
train loss
1.2112255454063416
time: 1.6315147876739502
train loss
1.2138419151306152
time: 1.640557050704956
train loss
1.2147089898586274
time: 1.647404432296753
train loss
1.2159613728523255
time: 1.6448800563812256
train loss
1.219289892911911
time: 1.6412789821624756
train loss
1.2202144324779511
time: 1.6456637382507324
train loss
1.2227352559566498
time: 1.6424610614776611
train loss
1.2224154412746429
time: 1.6353466510772705
train loss
1.222403347492218
test loss
0.9132792115211487
inf
time: 1.6336884498596191
train loss
1.2209671080112456
time: 1.6302804946899414
train loss
1.2199306905269622
time: 1.6292500495910645
train loss
1.2205001771450044
time: 1.6286311149597168
train loss
1.2226194024086
time: 1.6296095848083496
train loss
1.2202651381492615
time: 1.632514476776123
train loss
1.2210162222385406
time: 1.6306226253509521
train loss
1.2212542712688446
time: 1.629951000213623
train loss
1.219474869966507
time: 1.6295585632324219
train loss
1.216777116060257
time: 1.631950855255127
train loss
1.2190285325050354
test loss
0.9113495707511902
inf
time: 1.6361536979675293
train loss
1.2203100323677063
time: 1.6291661262512207
train loss
1.2239696979522705
time: 1.629373550415039
train loss
1.2249121963977814
time: 1.629396915435791
train loss
1.2259208738803864
time: 1.6289269924163818
train loss
1.2275393545627593
time: 1.6315579414367676
train loss
1.2296588480472566
time: 1.6303162574768066
train loss
1.2294540524482727
time: 1.6350736618041992
train loss
1.2269375443458557
time: 1.6435654163360596
train loss
1.2241877734661102
time: 1.640334129333496
train loss
1.2235968947410583
test loss
0.9150979876518249
inf
time: 1.6483473777770996
train loss
1.2248506784439086
time: 1.6402490139007568
train loss
1.2266410887241364
time: 1.6377203464508057
train loss
1.2256357491016387
time: 1.6273820400238037
train loss
1.2216881334781646
time: 1.6278865337371826
train loss
1.2196295380592346
time: 1.6285121440887451
train loss
1.2218036711215974
time: 1.6295158863067627
train loss
1.2227020263671875
time: 1.6297309398651123
train loss
1.222940307855606
time: 1.6295645236968994
train loss
1.2241073608398438
time: 1.6302876472473145
train loss
1.2253168225288391
test loss
0.9150251507759094
inf
time: 1.6369678974151611
train loss
1.2247703075408936
time: 1.6281201839447021
train loss
1.223024195432663
time: 1.629408359527588
train loss
1.2228717803955078
time: 1.6305015087127686
train loss
1.224711835384369
time: 1.6336026191711426
train loss
1.2232585012912751
time: 1.6316287517547607
train loss
1.2199990630149842
time: 1.6316883563995361
train loss
1.2195580065250398
time: 1.6344616413116455
train loss
1.21931990981102
time: 1.629577398300171
train loss
1.2185713589191436
time: 1.6297788619995117
train loss
1.2192822456359864
test loss
0.9110880374908448
inf
time: 1.6380009651184082
train loss
1.2202844381332398
time: 1.6306047439575195
train loss
1.219235634803772
time: 1.6316752433776855
train loss
1.2179066121578217
time: 1.6359946727752686
train loss
1.2175517141819001
time: 1.6399717330932617
train loss
1.2145856380462647
time: 1.6433424949645996
train loss
1.2170852065086364
time: 1.6409697532653809
train loss
1.2228456914424897
time: 1.6377191543579102
train loss
1.225313311815262
time: 1.6299431324005127
train loss
1.2267874300479888
time: 1.6320679187774658
train loss
1.229263001680374
test loss
0.9195630788803101
inf
time: 1.6305201053619385
train loss
1.2297569394111634
time: 1.6294891834259033
train loss
1.2290856957435607
time: 1.6376733779907227
train loss
1.23064324259758
time: 1.6434400081634521
train loss
1.230637437105179
time: 1.642207384109497
train loss
1.2294423162937165
time: 1.6515862941741943
train loss
1.2277372002601623
time: 1.6426901817321777
train loss
1.2259517431259155
time: 1.6425001621246338
train loss
1.2264537811279297
time: 1.641540765762329
train loss
1.226890540122986
time: 1.643420934677124
train loss
1.2273668587207793
test loss
0.9159368395805358
inf
time: 1.6482889652252197
train loss
1.2250474512577056
time: 1.6451411247253418
train loss
1.22382972240448
time: 1.6442630290985107
train loss
1.222070825099945
time: 1.642552137374878
train loss
1.2217726469039918
time: 1.6412324905395508
train loss
1.2209520041942596
time: 1.6420650482177734
train loss
1.222039568424225
time: 1.6410932540893555
train loss
1.223063451051712
time: 1.642606258392334
train loss
1.2246834874153136
time: 1.6374237537384033
train loss
1.2245543003082275
time: 1.6429405212402344
train loss
1.2264847934246064
test loss
0.9186035752296448
inf
time: 1.6522552967071533
train loss
1.2284318149089812
time: 1.6334154605865479
train loss
1.2293043553829193
time: 1.6440277099609375
train loss
1.228586584329605
time: 1.6404857635498047
train loss
1.2267134010791778
time: 1.641326665878296
train loss
1.2241079926490783
time: 1.6422758102416992
train loss
1.2243073105812072
time: 1.639389991760254
train loss
1.2233008325099946
time: 1.6411528587341309
train loss
1.2216115534305572
time: 1.6421258449554443
train loss
1.2232510149478912
time: 1.6418085098266602
train loss
1.226220828294754
test loss
0.915903103351593
inf
time: 1.6501500606536865
train loss
1.227947121858597
time: 1.6406195163726807
train loss
1.2269123792648315
time: 1.6308832168579102
train loss
1.2251952052116395
time: 1.6299612522125244
train loss
1.2232346534729004
time: 1.6430244445800781
train loss
1.2211847305297852
time: 1.6412677764892578
train loss
1.220802766084671
time: 1.6403172016143799
train loss
1.2271796345710755
time: 1.638695240020752
train loss
1.2356359243392945
time: 1.6392323970794678
train loss
1.240552306175232
time: 1.6431357860565186
train loss
1.2433563351631165
test loss
0.9338603615760803
inf
time: 1.6465001106262207
train loss
1.2443645656108857
time: 1.6384954452514648
train loss
1.2449958443641662
time: 1.6300132274627686
train loss
1.244518333673477
time: 1.6305527687072754
train loss
1.2445450603961945
time: 1.632549524307251
train loss
1.2438973546028138
time: 1.6309454441070557
train loss
1.244039398431778
time: 1.6308915615081787
train loss
1.2440891146659852
time: 1.6290881633758545
train loss
1.2412336111068725
time: 1.6387920379638672
train loss
1.241808259487152
time: 1.6392161846160889
train loss
1.2429895460605622
test loss
0.9324611902236939
inf
time: 1.6507987976074219
train loss
1.2410481929779054
time: 1.6418743133544922
train loss
1.2417313992977141
time: 1.6422760486602783
train loss
1.2481952369213105
time: 1.640167474746704
train loss
1.2523828089237212
time: 1.642634630203247
train loss
1.2537552177906037
time: 1.6402771472930908
train loss
1.255782324075699
time: 1.640458345413208
train loss
1.2588724493980408
time: 1.64278244972229
train loss
1.2617331147193909
time: 1.6406428813934326
train loss
1.2642926752567292
time: 1.6422128677368164
train loss
1.2681716203689575
test loss
0.9591461658477783
inf
time: 1.6483314037322998
train loss
1.269595628976822
time: 1.640259027481079
train loss
1.267125177383423
time: 1.6410322189331055
train loss
1.264987987279892
time: 1.644007682800293
train loss
1.263429093360901
time: 1.6461362838745117
train loss
1.2634386599063874
time: 1.6454436779022217
train loss
1.2622607171535491
time: 1.6362855434417725
train loss
1.2615295052528381
time: 1.6385204792022705
train loss
1.2595119595527648
time: 1.626877784729004
train loss
1.2578889548778533
time: 1.627781629562378
train loss
1.2553811848163605
test loss
0.9454638361930847
nan
time: 1.6324098110198975
train loss
1.2537331998348236
time: 1.6307718753814697
train loss
1.250770628452301
time: 1.6297698020935059
train loss
1.2512208819389343
time: 1.6314120292663574
train loss
1.2515866458415985
time: 1.6300463676452637
train loss
1.2531460225582123
time: 1.6348824501037598
train loss
1.254126101732254
time: 1.6318190097808838
train loss
1.2538423180580138
time: 1.6345138549804688
train loss
1.2550926983356476
time: 1.6317989826202393
train loss
1.2549048781394958
time: 1.6317687034606934
train loss
1.2550250053405763
test loss
0.9471656322479248
inf
time: 1.6378538608551025
train loss
1.258132541179657
time: 1.6322376728057861
train loss
1.2582297563552856
time: 1.6321887969970703
train loss
1.2563590705394745
time: 1.6313533782958984
train loss
1.257518070936203
time: 1.630307912826538
train loss
1.2633153200149536
time: 1.6308059692382812
train loss
1.268511837720871
time: 1.6323223114013672
train loss
1.271594023704529
time: 1.6328418254852295
train loss
1.2726622700691224
time: 1.632256031036377
train loss
1.274326366186142
time: 1.6321437358856201
train loss
1.2736396670341492
test loss
0.9642604708671569
inf
time: 1.6378862857818604
train loss
1.2744366586208344
time: 1.636685848236084
train loss
1.273824006319046
time: 1.6434404850006104
train loss
1.274813997745514
time: 1.6333739757537842
train loss
1.2739460587501525
time: 1.6325583457946777
train loss
1.2743736684322358
time: 1.635951280593872
train loss
1.272338044643402
time: 1.6320109367370605
train loss
1.2710950255393982
time: 1.6304125785827637
train loss
1.2731865048408508
time: 1.6329593658447266
train loss
1.2759624063968658
time: 1.6296665668487549
train loss
1.2779224514961243
test loss
0.9682669162750244
inf
time: 1.64100980758667
train loss
1.278424608707428
time: 1.640237808227539
train loss
1.2784511387348174
time: 1.6428356170654297
train loss
1.2763212025165558
time: 1.6419036388397217
train loss
1.2736618399620057
time: 1.6417763233184814
train loss
1.273123747110367
time: 1.6385948657989502
train loss
1.2729896366596223
time: 1.6298801898956299
train loss
1.2722557961940766
time: 1.6374285221099854
train loss
1.2707702577114106
time: 1.6405537128448486
train loss
1.2701219379901887
time: 1.6367816925048828
train loss
1.2705878019332886
test loss
0.9609902143478394
inf
time: 1.6304106712341309
train loss
1.2703197360038758
time: 1.6281282901763916
train loss
1.2718117654323577
time: 1.631941795349121
train loss
1.2712663531303405
time: 1.6314055919647217
train loss
1.2712366044521333
time: 1.6300878524780273
train loss
1.2720796048641205
time: 1.6303236484527588
train loss
1.2742089867591857
time: 1.63187837600708
train loss
1.2765489041805267
time: 1.6395237445831299
train loss
1.279464888572693
time: 1.6294524669647217
train loss
1.280317521095276
time: 1.6421818733215332
train loss
1.2812515258789063
test loss
0.9742413401603699
inf
time: 1.643402099609375
train loss
1.282774031162262
time: 1.6415786743164062
train loss
1.2837091326713561
time: 1.636056900024414
train loss
1.284267783164978
time: 1.6293506622314453
train loss
1.2882800698280334
time: 1.6308670043945312
train loss
1.2945710241794586
time: 1.6348457336425781
train loss
1.2981384694576263
time: 1.6321125030517578
train loss
1.3004834532737732
time: 1.630413293838501
train loss
1.2984111487865448
time: 1.6308681964874268
train loss
1.2966975092887878
time: 1.6323235034942627
train loss
1.2915599405765534
test loss
0.9820921421051025
inf
time: 1.6417553424835205
train loss
1.2889483571052551
time: 1.6329929828643799
train loss
1.2885330498218537
time: 1.6326496601104736
train loss
1.2877837300300599
time: 1.6301321983337402
train loss
1.2884580790996552
time: 1.6313204765319824
train loss
1.285868614912033
time: 1.631443738937378
train loss
1.2821877360343934
time: 1.6312220096588135
train loss
1.280997395515442
time: 1.630678415298462
train loss
1.278207927942276
time: 1.6310288906097412
train loss
1.277763342857361
time: 1.631467342376709
train loss
1.2808780908584594
test loss
0.9732093811035156
inf
time: 1.6390042304992676
train loss
1.2824707865715026
time: 1.6310758590698242
train loss
1.2794448137283325
time: 1.6361565589904785
train loss
1.277878713607788
time: 1.6314263343811035
train loss
1.274819278717041
time: 1.6284635066986084
train loss
1.272345346212387
time: 1.6304142475128174
train loss
1.2720743000507355
time: 1.6324403285980225
train loss
1.2726625680923462
time: 1.6300721168518066
train loss
1.2735043227672578
time: 1.6300745010375977
train loss
1.2753109097480775
time: 1.6341652870178223
train loss
1.2753275394439698
test loss
0.963498854637146
inf
time: 1.6392478942871094
train loss
1.2720422148704529
time: 1.6363792419433594
train loss
1.2720504999160767
time: 1.6337878704071045
train loss
1.2724920570850373
time: 1.6394767761230469
train loss
1.2719099283218385
time: 1.6293814182281494
train loss
1.271141904592514
time: 1.6313471794128418
train loss
1.2718492329120636
time: 1.6318087577819824
train loss
1.2714697659015655
time: 1.6357698440551758
train loss
1.2744126498699189
time: 1.631843090057373
train loss
1.2752957880496978
time: 1.6345298290252686
train loss
1.2771940052509307
test loss
0.9680412769317627
inf
time: 1.6391961574554443
train loss
1.2761965453624726
time: 1.63240647315979
train loss
1.2762104749679566
time: 1.6312735080718994
train loss
1.27850039601326
time: 1.6334989070892334
train loss
1.2796245098114014
time: 1.6361043453216553
train loss
1.2789725959300995
time: 1.6305193901062012
train loss
1.279203051328659
time: 1.632645606994629
train loss
1.280221664905548
time: 1.6298744678497314
train loss
1.2787639200687408
time: 1.6310973167419434
train loss
1.2814222693443298
time: 1.633056879043579
train loss
1.28497656583786
test loss
0.9756648421287537
inf
time: 1.6309146881103516
train loss
1.2847433984279633
time: 1.6312942504882812
train loss
1.282710999250412
time: 1.632889747619629
train loss
1.279828178882599
time: 1.631272315979004
train loss
1.2779181540012359
time: 1.6316735744476318
train loss
1.275808972120285
time: 1.6310455799102783
train loss
1.2728791654109954
time: 1.6306030750274658
train loss
1.2677646338939668
time: 1.6307485103607178
train loss
1.2658508718013763
time: 1.6320381164550781
train loss
1.2641280055046082
time: 1.6333470344543457
train loss
1.2641046285629272
test loss
0.9546146154403686
inf
time: 1.6410648822784424
train loss
1.2662475466728211
time: 1.6317081451416016
train loss
1.2682392716407775
time: 1.6307787895202637
train loss
1.2711961448192597
time: 1.6310455799102783
train loss
1.269627070426941
time: 1.6292130947113037
train loss
1.269783365726471
time: 1.632608413696289
train loss
1.2719955682754516
time: 1.6425812244415283
train loss
1.2737164616584777
time: 1.6383886337280273
train loss
1.273147213459015
time: 1.6316947937011719
train loss
1.275180447101593
time: 1.6318964958190918
train loss
1.2792955100536347
test loss
0.9723165392875671
inf
time: 1.6381621360778809
train loss
1.2812496840953826
time: 1.6320257186889648
train loss
1.2808301866054534
time: 1.632392406463623
train loss
1.2808948874473571
time: 1.6316313743591309
train loss
1.277766889333725
time: 1.6316845417022705
train loss
1.2764625430107117
time: 1.6303293704986572
train loss
1.275399786233902
time: 1.631500005722046
train loss
1.2741882801055908
time: 1.6310782432556152
train loss
1.2778245031833648
time: 1.631493091583252
train loss
1.2809017598628998
time: 1.639425277709961
train loss
1.2810427367687225
test loss
0.972634744644165
inf
time: 1.6401946544647217
train loss
1.2830908179283143
time: 1.6331655979156494
train loss
1.2869403064250946
time: 1.6286664009094238
train loss
1.289485603570938
time: 1.6301777362823486
train loss
1.2925158739089966
time: 1.6315932273864746
train loss
1.2943600118160248
time: 1.6312346458435059
train loss
1.2970970511436462
time: 1.6320197582244873
train loss
1.2960491478443146
time: 1.6365909576416016
train loss
1.2956036984920503
time: 1.6300480365753174
train loss
1.2972048103809357
time: 1.6331191062927246
train loss
1.300014317035675
test loss
0.9960135102272034
inf
time: 1.6302409172058105
train loss
1.3059517085552215
time: 1.6313056945800781
train loss
1.306978589296341
time: 1.6307549476623535
train loss
1.310094267129898
time: 1.6286075115203857
train loss
1.3115415930747987
time: 1.6288249492645264
train loss
1.314198124408722
time: 1.6280076503753662
train loss
1.3164430856704712
time: 1.6344869136810303
train loss
1.3191489696502685
time: 1.6306078433990479
train loss
1.3199675321578979
time: 1.6306171417236328
train loss
1.3193275451660156
time: 1.6325178146362305
train loss
1.3210121393203735
test loss
1.0123188138008117
inf
time: 1.6397550106048584
train loss
1.320415198802948
time: 1.6317362785339355
train loss
1.3208876371383667
time: 1.6309075355529785
train loss
1.3251961469650269
time: 1.638667345046997
train loss
1.3245637178421021
time: 1.6292943954467773
train loss
1.3226292729377747
time: 1.6313283443450928
train loss
1.3209242284297944
time: 1.6306352615356445
train loss
1.3213187456130981
time: 1.6283442974090576
train loss
1.3228786945343018
time: 1.6309056282043457
train loss
1.3250470340251923
time: 1.637308120727539
train loss
1.3270786643028258
test loss
1.0177160024642944
inf
time: 1.6291728019714355
train loss
1.328385603427887
time: 1.6337907314300537
train loss
1.328200387954712
time: 1.6328904628753662
train loss
1.3248456299304963
time: 1.63592529296875
train loss
1.3202781915664672
time: 1.6404194831848145
train loss
1.3159150779247284
time: 1.6426026821136475
train loss
1.3149609208106994
time: 1.6411454677581787
train loss
1.3160093188285829
time: 1.6436846256256104
train loss
1.3170616984367371
time: 1.6449179649353027
train loss
1.3180187225341797
time: 1.6464149951934814
train loss
1.3177932858467103
test loss
1.0094786524772643
inf
time: 1.6369271278381348
train loss
1.3174106657505036
time: 1.6302611827850342
train loss
1.316709291934967
time: 1.6303672790527344
train loss
1.3150346279144287
time: 1.6309361457824707
train loss
1.3143913269042968
time: 1.6355249881744385
train loss
1.310807728767395
time: 1.641636610031128
train loss
1.3067392110824585
time: 1.638214111328125
train loss
1.304687511920929
time: 1.630138635635376
train loss
1.3028281211853028
time: 1.6318106651306152
train loss
1.303562206029892
time: 1.6308279037475586
train loss
1.3058180689811707
test loss
0.9961548805236816
inf
time: 1.6363441944122314
train loss
1.3079025387763976
time: 1.629955530166626
train loss
1.3113328337669372
time: 1.6310627460479736
train loss
1.3146574020385742
time: 1.6304283142089844
train loss
1.3136898040771485
time: 1.6287097930908203
train loss
1.3141746044158935
time: 1.6313562393188477
train loss
1.3161010026931763
time: 1.627230167388916
train loss
1.3150236010551453
time: 1.6302378177642822
train loss
1.3165450036525725
time: 1.6302061080932617
train loss
1.317656362056732
time: 1.6347644329071045
train loss
1.3213303685188293
test loss
1.012089204788208
inf
time: 1.6412439346313477
train loss
1.3224958896636962
time: 1.6404964923858643
train loss
1.3240967869758606
time: 1.641812801361084
train loss
1.327665424346924
time: 1.6417670249938965
train loss
1.32863951921463
time: 1.6397054195404053
train loss
1.3283139407634734
time: 1.6409938335418701
train loss
1.3257471323013306
time: 1.639958381652832
train loss
1.3236487746238708
time: 1.6403167247772217
train loss
1.3227787852287292
time: 1.6401727199554443
train loss
1.3234498858451844
time: 1.641918420791626
train loss
1.3264939129352569
test loss
1.017810082435608
inf
time: 1.6448545455932617
train loss
1.328176212310791
time: 1.6420938968658447
train loss
1.3269636750221252
time: 1.6410822868347168
train loss
1.3266863346099853
time: 1.639591932296753
train loss
1.3268953800201415
time: 1.6432361602783203
train loss
1.3249813795089722
time: 1.6426990032196045
train loss
1.3234098434448243
time: 1.639702320098877
train loss
1.3236712574958802
time: 1.6340651512145996
train loss
1.327583622932434
time: 1.6446254253387451
train loss
1.3355063557624818
time: 1.6422879695892334
train loss
1.3407821893692016
test loss
1.0338152408599854
inf
time: 1.634981632232666
train loss
1.3428291857242585
time: 1.6314899921417236
train loss
1.3441202044487
time: 1.6300411224365234
train loss
1.3471911549568176
time: 1.6288704872131348
train loss
1.3500388741493226
time: 1.6309583187103271
train loss
1.351582396030426
time: 1.6318871974945068
train loss
1.3512678146362305
time: 1.630840539932251
train loss
1.3496302366256714
time: 1.6305501461029053
train loss
1.3449607133865356
time: 1.634364366531372
train loss
1.341987293958664
time: 1.6316924095153809
train loss
1.338108730316162
test loss
1.0268141508102417
inf
time: 1.6389765739440918
train loss
1.3360965132713318
time: 1.6307172775268555
train loss
1.333541476726532
time: 1.6296589374542236
train loss
1.3337990939617157
time: 1.6285367012023926
train loss
1.336586093902588
time: 1.630678415298462
train loss
1.3366947591304779
time: 1.628727674484253
train loss
1.3366917610168456
time: 1.6295750141143799
train loss
1.3392028331756591
time: 1.6311595439910889
train loss
1.34260755777359
time: 1.629183053970337
train loss
1.34412282705307
time: 1.6293144226074219
train loss
1.3443477034568787
test loss
1.0318800449371337
inf
time: 1.6368319988250732
train loss
1.342865264415741
time: 1.6300983428955078
train loss
1.3426353693008424
time: 1.6301770210266113
train loss
1.3402735471725464
time: 1.630542278289795
train loss
1.3389807641506195
time: 1.628999948501587
train loss
1.3359330236911773
time: 1.630641222000122
train loss
1.3339058101177215
time: 1.6289362907409668
train loss
1.331333714723587
time: 1.6302869319915771
train loss
1.328591787815094
time: 1.6254911422729492
train loss
1.3296974778175354
time: 1.6268835067749023
train loss
1.3269993782043457
test loss
1.0161903738975524
inf
time: 1.6418960094451904
train loss
1.3274095952510834
time: 1.6306447982788086
train loss
1.3294919729232788
time: 1.6321144104003906
train loss
1.3285949885845185
time: 1.6320221424102783
train loss
1.3257116436958314
time: 1.6301004886627197
train loss
1.3237655282020568
time: 1.6314218044281006
train loss
1.324232244491577
time: 1.6293385028839111
train loss
1.3237791180610656
time: 1.6287243366241455
train loss
1.3245201587677002
time: 1.6300137042999268
train loss
1.324571144580841
time: 1.6300742626190186
train loss
1.325377994775772
test loss
1.0169628977775573
inf
time: 1.6295263767242432
train loss
1.325701403617859
time: 1.630072832107544
train loss
1.3243578135967256
time: 1.6297829151153564
train loss
1.3242484509944916
time: 1.6385140419006348
train loss
1.3221402943134308
time: 1.6312973499298096
train loss
1.3208627343177795
time: 1.631519079208374
train loss
1.3179540991783143
time: 1.6329271793365479
train loss
1.3161396443843842
time: 1.6328375339508057
train loss
1.3135165512561797
time: 1.6356291770935059
train loss
1.3112767159938812
time: 1.6319959163665771
train loss
1.3119312465190887
test loss
1.0019083499908448
inf
time: 1.6298584938049316
train loss
1.3100366115570068
time: 1.6292216777801514
train loss
1.3098360776901246
time: 1.6298000812530518
train loss
1.3106211006641388
time: 1.6308276653289795
train loss
1.3122284889221192
time: 1.6284303665161133
train loss
1.3117605566978454
time: 1.6301279067993164
train loss
1.3139000236988068
time: 1.6316769123077393
train loss
1.316673791408539
time: 1.6280841827392578
train loss
1.3191321432590484
time: 1.6272344589233398
train loss
1.319551122188568
time: 1.6387877464294434
train loss
1.3204756021499633
test loss
1.0114859104156495
inf
time: 1.6323816776275635
train loss
1.3237368583679199
time: 1.6313393115997314
train loss
1.325535237789154
time: 1.6333644390106201
train loss
1.3263884723186492
time: 1.6314525604248047
train loss
1.3293598175048829
time: 1.6303961277008057
train loss
1.3294917404651643
time: 1.6293649673461914
train loss
1.330756461620331
time: 1.6300041675567627
train loss
1.332514375448227
time: 1.6323001384735107
train loss
1.3376873314380646
time: 1.631425142288208
train loss
1.3454580307006836
time: 1.630530834197998
train loss
1.350953871011734
test loss
1.0412896156311036
inf
time: 1.6418850421905518
train loss
1.3531710743904113
time: 1.6328308582305908
train loss
1.353046292066574
time: 1.6274933815002441
train loss
1.3527522265911103
time: 1.6312851905822754
train loss
1.3507643938064575
time: 1.6314289569854736
train loss
1.3526196002960205
time: 1.6298916339874268
train loss
1.3576726138591766
time: 1.6295294761657715
train loss
1.3622798323631287
time: 1.6304802894592285
train loss
1.3667130708694457
time: 1.629908561706543
train loss
1.3676434397697448
time: 1.6323325634002686
train loss
1.3690965354442597
test loss
1.0612803459167481
inf
time: 1.6284399032592773
train loss
1.370150589942932
time: 1.6293909549713135
train loss
1.3693693995475769
time: 1.62837553024292
train loss
1.3666686296463013
time: 1.6294276714324951
train loss
1.3666292786598206
time: 1.6304306983947754
train loss
1.3661290526390075
time: 1.6289267539978027
train loss
1.3626124262809753
time: 1.6284193992614746
train loss
1.363183605670929
time: 1.6292457580566406
train loss
1.3645960092544556
time: 1.6301980018615723
train loss
1.362564241886139
time: 1.631411075592041
train loss
1.364079201221466
test loss
1.055787479877472
inf
time: 1.6306607723236084
train loss
1.3634873628616333
time: 1.6279103755950928
train loss
1.3643207907676698
time: 1.6336688995361328
train loss
1.3621756315231324
time: 1.6302855014801025
train loss
1.3643845319747925
time: 1.6279501914978027
train loss
1.367406153678894
time: 1.6289210319519043
train loss
1.3710435152053833
time: 1.6350018978118896
train loss
1.3707489013671874
time: 1.631556749343872
train loss
1.3694267868995667
time: 1.6286942958831787
train loss
1.3664337992668152
time: 1.631995439529419
train loss
1.3670980036258698
test loss
1.0571657180786134
inf
time: 1.6286096572875977
train loss
1.368410575389862
time: 1.6280076503753662
train loss
1.3732649326324462
time: 1.6302313804626465
train loss
1.3760514378547668
time: 1.6294817924499512
train loss
1.3779228687286378
time: 1.6303250789642334
train loss
1.3795361757278441
time: 1.6313459873199463
train loss
1.37680082321167
time: 1.6295318603515625
train loss
1.3766680836677552
time: 1.630767583847046
train loss
1.3726279258728027
time: 1.6303536891937256
train loss
1.3698522686958312
time: 1.6309423446655273
train loss
1.3676581978797913
test loss
1.0546983480453491
inf
time: 1.6364188194274902
train loss
1.3666432976722718
time: 1.6317670345306396
train loss
1.368166732788086
time: 1.6319196224212646
train loss
1.36846125125885
time: 1.6283810138702393
train loss
1.3682148575782775
time: 1.6304271221160889
train loss
1.366771364212036
time: 1.6296510696411133
train loss
1.3660878539085388
time: 1.637453317642212
train loss
1.3653177738189697
time: 1.6274404525756836
train loss
1.3619245290756226
time: 1.6281626224517822
train loss
1.3645863711833954
time: 1.6297314167022705
train loss
1.3671314477920533
test loss
1.0578200340270996
inf
time: 1.6378936767578125
train loss
1.3683658719062806
time: 1.6295545101165771
train loss
1.3723830938339234
time: 1.6290159225463867
train loss
1.3748697996139527
time: 1.6312265396118164
train loss
1.3739035248756408
time: 1.6292669773101807
train loss
1.3738749861717223
time: 1.628326654434204
train loss
1.3716488599777221
time: 1.6298747062683105
train loss
1.3754066944122314
time: 1.62856125831604
train loss
1.3791215300559998
time: 1.632552146911621
train loss
1.3819703817367555
time: 1.632326602935791
train loss
1.385001575946808
test loss
1.0766810417175292
inf
time: 1.6326313018798828
train loss
1.3864689469337463
time: 1.6293246746063232
train loss
1.391375970840454
time: 1.6294095516204834
train loss
1.3968663096427918
time: 1.6269588470458984
train loss
1.4040945053100586
time: 1.627894401550293
train loss
1.4070478439331056
time: 1.6284806728363037
train loss
1.4047675728797913
time: 1.6415998935699463
train loss
1.4046917378902435
time: 1.6412827968597412
train loss
1.4073500037193298
time: 1.6376557350158691
train loss
1.410152220726013
time: 1.6313843727111816
train loss
1.4121886253356934
test loss
1.101774263381958
inf
time: 1.6430776119232178
train loss
1.4116325378417969
time: 1.633016586303711
train loss
1.4165391325950623
time: 1.6292107105255127
train loss
1.4194253206253051
time: 1.6351044178009033
train loss
1.4194387197494507
time: 1.6368730068206787
train loss
1.4164738416671754
time: 1.6328754425048828
train loss
1.415496790409088
time: 1.6315906047821045
train loss
1.4135920047760009
time: 1.6258127689361572
train loss
1.4102691888809205
time: 1.6280171871185303
train loss
1.4076859116554261
time: 1.6310081481933594
train loss
1.406901466846466
test loss
1.096061146259308
inf
time: 1.62850022315979
train loss
1.411426043510437
time: 1.6325182914733887
train loss
1.4124974608421326
time: 1.6293094158172607
train loss
1.4130319118499757
time: 1.6319191455841064
train loss
1.4133092403411864
time: 1.6285860538482666
train loss
1.413774847984314
time: 1.628286361694336
train loss
1.412536895275116
time: 1.6279797554016113
train loss
1.4089043855667114
time: 1.6306829452514648
train loss
1.4067464113235473
time: 1.6270232200622559
train loss
1.4038679718971252
time: 1.6346454620361328
train loss
1.4041815042495727
test loss
1.0973197937011718
inf
time: 1.6473584175109863
train loss
1.409000277519226
time: 1.640712022781372
train loss
1.4152199029922485
time: 1.642273187637329
train loss
1.4161038756370545
time: 1.6413209438323975
train loss
1.416102910041809
time: 1.6405768394470215
train loss
1.4200481176376343
time: 1.6408154964447021
train loss
1.4205753207206726
time: 1.6276884078979492
train loss
1.4192161798477172
time: 1.6317203044891357
train loss
1.418736720085144
time: 1.6361210346221924
train loss
1.4167260766029357
time: 1.6419365406036377
train loss
1.4143008828163146
test loss
1.104171919822693
inf
time: 1.6336865425109863
train loss
1.4142014622688293
time: 1.6273066997528076
train loss
1.415503942966461
time: 1.6324844360351562
train loss
1.4197527885437011
time: 1.631331205368042
train loss
1.4178765296936036
time: 1.6305954456329346
train loss
1.4164572358131409
time: 1.6293258666992188
train loss
1.417320680618286
time: 1.6299247741699219
train loss
1.419836962223053
time: 1.6315324306488037
train loss
1.4218876838684082
time: 1.6325395107269287
train loss
1.4181440830230714
time: 1.6320314407348633
train loss
1.4152568221092223
test loss
1.104633903503418
inf
time: 1.6371386051177979
train loss
1.4153960704803468
time: 1.638047456741333
train loss
1.4131762385368347
time: 1.6314880847930908
train loss
1.4104828357696533
time: 1.632688283920288
train loss
1.408749794960022
time: 1.6307203769683838
train loss
1.4071251511573792
time: 1.6312108039855957
train loss
1.4072409749031067
time: 1.6302216053009033
train loss
1.4077267050743103
time: 1.6322858333587646
train loss
1.4066909790039062
time: 1.6321134567260742
train loss
1.4033717036247253
time: 1.6312665939331055
train loss
1.4024622082710265
test loss
1.0927282571792603
inf
time: 1.6435956954956055
train loss
1.4021900773048401
time: 1.633927822113037
train loss
1.3992974042892456
time: 1.6335194110870361
train loss
1.3974426507949829
time: 1.6328742504119873
train loss
1.3959574103355408
time: 1.6326391696929932
train loss
1.395812487602234
time: 1.6319613456726074
train loss
1.3984434485435486
time: 1.6312716007232666
train loss
1.3973171830177307
time: 1.6316614151000977
train loss
1.3986454606056213
time: 1.6302087306976318
train loss
1.4011134147644042
time: 1.6297993659973145
train loss
1.4025179028511048
test loss
1.092901086807251
inf
time: 1.6397671699523926
train loss
1.4021413803100586
time: 1.6308236122131348
train loss
1.400891411304474
time: 1.6314797401428223
train loss
1.398846685886383
time: 1.6316392421722412
train loss
1.3964300274848938
time: 1.6311028003692627
train loss
1.3932371139526367
time: 1.6314492225646973
train loss
1.3910277962684632
time: 1.6316502094268799
train loss
1.389578402042389
time: 1.6308088302612305
train loss
1.388612973690033
time: 1.634495496749878
train loss
1.3860820174217223
time: 1.6393463611602783
train loss
1.3831271409988404
test loss
1.0720867037773132
inf
time: 1.6433587074279785
train loss
1.3792793989181518
time: 1.6333720684051514
train loss
1.377978152036667
time: 1.631314992904663
train loss
1.3748432517051696
time: 1.6333868503570557
train loss
1.3767256617546082
time: 1.6290733814239502
train loss
1.378528892993927
time: 1.6298973560333252
train loss
1.3807591795921326
time: 1.62831449508667
train loss
1.3814064979553222
time: 1.6331019401550293
train loss
1.3845727086067199
time: 1.6326665878295898
train loss
1.3873638033866882
time: 1.6327285766601562
train loss
1.3895440936088561
test loss
1.080729866027832
inf
time: 1.6411316394805908
train loss
1.3905583262443542
time: 1.63140869140625
train loss
1.3907898783683776
time: 1.6317028999328613
train loss
1.3909928321838378
time: 1.6316452026367188
train loss
1.389611303806305
time: 1.6301980018615723
train loss
1.3886854290962218
time: 1.632709264755249
train loss
1.393275761604309
time: 1.6315946578979492
train loss
1.393838381767273
time: 1.6308917999267578
train loss
1.3929312109947205
time: 1.630255937576294
train loss
1.3931130468845367
time: 1.6352794170379639
train loss
1.3931994676589965
test loss
1.0862335443496705
inf
time: 1.6526463031768799
train loss
1.3960428953170776
time: 1.6429083347320557
train loss
1.40065758228302
time: 1.640293836593628
train loss
1.401963973045349
time: 1.6408071517944336
train loss
1.4011926889419555
time: 1.6465978622436523
train loss
1.3995616436004639
time: 1.6366868019104004
train loss
1.3955018043518066
time: 1.6415557861328125
train loss
1.393169093132019
time: 1.631486177444458
train loss
1.3930387496948242
time: 1.6325221061706543
train loss
1.3979564547538756
time: 1.6340723037719727
train loss
1.3972137689590454
test loss
1.0860111236572265
inf
time: 1.6379027366638184
train loss
1.3959306836128236
time: 1.633213758468628
train loss
1.3940453290939332
time: 1.6351745128631592
train loss
1.395527684688568
time: 1.6334035396575928
train loss
1.3934861302375794
time: 1.6353685855865479
train loss
1.3911496102809906
time: 1.6342012882232666
train loss
1.3889606893062592
time: 1.6389696598052979
train loss
1.3907052159309388
time: 1.6317996978759766
train loss
1.3968695878982544
time: 1.6333439350128174
train loss
1.4010167837142944
time: 1.6326775550842285
train loss
1.4040727615356445
test loss
1.093734121322632
inf
time: 1.641833782196045
train loss
1.400894248485565
time: 1.6377840042114258
train loss
1.3992939114570617
time: 1.6305592060089111
train loss
1.4026751518249512
time: 1.6301989555358887
train loss
1.404384982585907
time: 1.6349191665649414
train loss
1.4060591340065003
time: 1.6312570571899414
train loss
1.4052106857299804
time: 1.6314857006072998
train loss
1.405110478401184
time: 1.6344823837280273
train loss
1.4052488565444947
time: 1.6339011192321777
train loss
1.4063165426254272
time: 1.6322426795959473
train loss
1.4062967896461487
test loss
1.0971316814422607
inf
time: 1.6391518115997314
train loss
1.4063910961151123
time: 1.632751226425171
train loss
1.4053797006607056
time: 1.6308386325836182
train loss
1.4057385683059693
time: 1.6318447589874268
train loss
1.4080923914909362
time: 1.630248785018921
train loss
1.4059947729110718
time: 1.6327564716339111
train loss
1.4040966153144836
time: 1.6320371627807617
train loss
1.4043122053146362
time: 1.6301331520080566
train loss
1.4039843916893004
time: 1.6331136226654053
train loss
1.402128851413727
time: 1.6310691833496094
train loss
1.3994843125343324
test loss
1.0875876784324645
inf
time: 1.6327357292175293
train loss
1.3962896347045899
time: 1.6315844058990479
train loss
1.39438134431839
time: 1.6326370239257812
train loss
1.3962885022163392
time: 1.630838394165039
train loss
1.3994106650352478
time: 1.6294398307800293
train loss
1.4020254850387572
time: 1.6326656341552734
train loss
1.4019451856613159
time: 1.6336085796356201
train loss
1.4037840247154236
time: 1.6339507102966309
train loss
1.4045025944709777
time: 1.6386151313781738
train loss
1.4051459431648254
time: 1.6395492553710938
train loss
1.4142619848251343
test loss
1.1095840811729432
inf
time: 1.6468324661254883
train loss
1.4196561098098754
time: 1.641247034072876
train loss
1.421742033958435
time: 1.6415417194366455
train loss
1.4201078295707703
time: 1.6423585414886475
train loss
1.4180939197540283
time: 1.6439287662506104
train loss
1.4161310911178588
time: 1.6436703205108643
train loss
1.4176371932029723
time: 1.6411473751068115
train loss
1.420195257663727
time: 1.6427028179168701
train loss
1.421461546421051
time: 1.643996238708496
train loss
1.4217132687568665
time: 1.634202241897583
train loss
1.4210909724235534
test loss
1.1083619832992553
inf
time: 1.639298915863037
train loss
1.4218162178993226
time: 1.6319339275360107
train loss
1.425137495994568
time: 1.6281261444091797
train loss
1.4228882551193238
time: 1.631559133529663
train loss
1.42031387090683
time: 1.6312360763549805
train loss
1.4197033166885376
time: 1.630333662033081
train loss
1.4221590399742126
time: 1.6290233135223389
train loss
1.4237230181694032
time: 1.6284043788909912
train loss
1.4281614065170287
time: 1.6337270736694336
train loss
1.4301359534263611
time: 1.6313562393188477
train loss
1.4310080289840699
test loss
1.1236678600311278
inf
time: 1.6319117546081543
train loss
1.4329201459884644
time: 1.6284358501434326
train loss
1.437523901462555
time: 1.6277546882629395
train loss
1.4394051074981689
time: 1.6301698684692383
train loss
1.4384983777999878
time: 1.637483835220337
train loss
1.4387171745300293
time: 1.6346824169158936
train loss
1.4384771704673767
time: 1.6402018070220947
train loss
1.4350484967231751
time: 1.6382758617401123
train loss
1.4313518404960632
time: 1.632887840270996
train loss
1.4290086269378661
time: 1.6407201290130615
train loss
1.4296441316604613
test loss
1.1189512014389038
inf
time: 1.6414964199066162
train loss
1.4287579655647278
time: 1.636725664138794
train loss
1.426095187664032
time: 1.6308517456054688
train loss
1.4237116575241089
time: 1.6323487758636475
train loss
1.4248132705688477
time: 1.6289722919464111
train loss
1.424406063556671
time: 1.6308369636535645
train loss
1.4215882778167725
time: 1.6303200721740723
train loss
1.4156401753425598
time: 1.6318578720092773
train loss
1.4112801551818848
time: 1.6378881931304932
train loss
1.4097899436950683
time: 1.6440391540527344
train loss
1.4111735105514527
test loss
1.1001432895660401
inf
time: 1.6519749164581299
train loss
1.4114834189414978
time: 1.6429598331451416
train loss
1.410309386253357
time: 1.6416406631469727
train loss
1.4103541374206543
time: 1.6432628631591797
train loss
1.4085726976394652
time: 1.6401870250701904
train loss
1.4138525605201722
time: 1.6322669982910156
train loss
1.4166787981987
time: 1.6315412521362305
train loss
1.4178824305534363
time: 1.6372218132019043
train loss
1.4193973541259766
time: 1.6408805847167969
train loss
1.4196695685386658
time: 1.6426939964294434
train loss
1.421285057067871
test loss
1.1140807628631593
inf
time: 1.6477091312408447
train loss
1.4247297048568726
time: 1.6428859233856201
train loss
1.4270366072654723
time: 1.642059087753296
train loss
1.4312081217765809
time: 1.6444075107574463
train loss
1.4333608031272889
time: 1.6340036392211914
train loss
1.4338252902030946
time: 1.6325533390045166
train loss
1.4306549787521363
time: 1.633812427520752
train loss
1.430937933921814
time: 1.6320486068725586
train loss
1.4303063869476318
time: 1.631744146347046
train loss
1.4267640471458436
time: 1.6321074962615967
train loss
1.4209352254867553
test loss
1.1078691005706787
inf
time: 1.6350386142730713
train loss
1.4166839241981506
time: 1.632338285446167
train loss
1.4128356337547303
time: 1.6305656433105469
train loss
1.4129106998443604
time: 1.630892276763916
train loss
1.414921259880066
time: 1.6336333751678467
train loss
1.4127250909805298
time: 1.6315925121307373
train loss
1.4117660999298096
time: 1.632216453552246
train loss
1.408831238746643
time: 1.6310081481933594
train loss
1.4085342526435851
time: 1.6330411434173584
train loss
1.4059236526489258
time: 1.6322681903839111
train loss
1.4062469601631165
test loss
1.0962196826934814
inf
time: 1.6318273544311523
train loss
1.406564998626709
time: 1.6348528861999512
train loss
1.4080676913261414
time: 1.6299865245819092
train loss
1.4053380250930787
time: 1.6305620670318604
train loss
1.4072174429893494
time: 1.6410369873046875
train loss
1.4073565483093262
time: 1.6401782035827637
train loss
1.4039582014083862
time: 1.6422226428985596
train loss
1.404409694671631
time: 1.6428978443145752
train loss
1.4051248908042908
time: 1.6420416831970215
train loss
1.4037386894226074
time: 1.6451375484466553
train loss
1.4022333025932312
test loss
1.0924323081970215
inf
time: 1.6515140533447266
train loss
1.4013749718666078
time: 1.6438333988189697
train loss
1.4009154915809632
time: 1.6332652568817139
train loss
1.3990147352218627
time: 1.631063461303711
train loss
1.402741050720215
time: 1.6322128772735596
train loss
1.4034149289131164
time: 1.642371416091919
train loss
1.4031200647354125
time: 1.6414501667022705
train loss
1.4011534333229065
time: 1.638791561126709
train loss
1.3986110448837281
time: 1.6333177089691162
train loss
1.395449125766754
time: 1.6298637390136719
train loss
1.3917696952819825
test loss
1.0793668031692505
inf
time: 1.643700361251831
train loss
1.3897397875785829
time: 1.6330633163452148
train loss
1.3918174147605895
time: 1.636643648147583
train loss
1.3903112769126893
time: 1.6337714195251465
train loss
1.3902505159378051
time: 1.632040023803711
train loss
1.3905835509300233
time: 1.632450819015503
train loss
1.3935164213180542
time: 1.6333961486816406
train loss
1.3936773896217347
time: 1.6329495906829834
train loss
1.396244263648987
time: 1.632272481918335
train loss
1.3999822735786438
time: 1.63181471824646
train loss
1.4062738418579102
test loss
1.1029123306274413
inf
time: 1.6392736434936523
train loss
1.4166520595550538
time: 1.6316192150115967
train loss
1.4197700381278993
time: 1.6301519870758057
train loss
1.4201395869255067
time: 1.6310005187988281
train loss
1.4201438426971436
time: 1.632045030593872
train loss
1.4178882598876954
time: 1.6301536560058594
train loss
1.418405544757843
time: 1.631094217300415
train loss
1.4137006163597108
time: 1.634859323501587
train loss
1.4117378830909728
time: 1.636361837387085
train loss
1.4089081764221192
time: 1.6440861225128174
train loss
1.4054654002189637
test loss
1.092430830001831
inf
time: 1.6444315910339355
train loss
1.4013309121131896
time: 1.6424577236175537
train loss
1.4018661975860596
time: 1.6424527168273926
train loss
1.4023504853248596
time: 1.643991470336914
train loss
1.4046995282173156
time: 1.6439220905303955
train loss
1.4080682158470155
time: 1.6413047313690186
train loss
1.4071372032165528
time: 1.6415541172027588
train loss
1.4043543100357057
time: 1.641089916229248
train loss
1.4049269437789917
time: 1.6483349800109863
train loss
1.4055063128471375
time: 1.6515381336212158
train loss
1.4059608936309815
test loss
1.0972208738327027
inf
time: 1.6457743644714355
train loss
1.4046769738197327
time: 1.6420283317565918
train loss
1.4011372447013855
time: 1.642979621887207
train loss
1.3971693992614747
time: 1.6419806480407715
train loss
1.3941162943840026
time: 1.6408627033233643
train loss
1.391395890712738
time: 1.639244794845581
train loss
1.389716374874115
time: 1.6433563232421875
train loss
1.3903059840202332
time: 1.6401407718658447
train loss
1.3888535737991332
time: 1.6378965377807617
train loss
1.3916037678718567
time: 1.6411535739898682
train loss
1.3943523526191712
test loss
1.0848644256591797
inf
time: 1.6402316093444824
train loss
1.396057415008545
time: 1.6404354572296143
train loss
1.3957496404647827
time: 1.6443595886230469
train loss
1.3926136255264283
time: 1.6405084133148193
train loss
1.3907130122184754
time: 1.6402201652526855
train loss
1.3887919306755065
time: 1.6413185596466064
train loss
1.390172553062439
time: 1.640977144241333
train loss
1.3909119367599487
time: 1.6414990425109863
train loss
1.3892977476119994
time: 1.6426889896392822
train loss
1.3883069634437561
time: 1.6409955024719238
train loss
1.387883985042572
test loss
1.0790626049041747
inf
time: 1.6447553634643555
train loss
1.390355122089386
time: 1.631056308746338
train loss
1.3866843461990357
time: 1.6288032531738281
train loss
1.385831606388092
time: 1.6305718421936035
train loss
1.388690221309662
time: 1.6296675205230713
train loss
1.3921529412269593
time: 1.629897117614746
train loss
1.394570004940033
time: 1.6288633346557617
train loss
1.397730326652527
time: 1.6307733058929443
train loss
1.3985205173492432
time: 1.6291561126708984
train loss
1.395865547657013
time: 1.6301538944244385
train loss
1.3953347206115723
test loss
1.0843684196472168
inf
time: 1.6404383182525635
train loss
1.395068848133087
time: 1.6281285285949707
train loss
1.3932987213134767
time: 1.630075454711914
train loss
1.3924082159996032
time: 1.6315171718597412
train loss
1.3876837909221649
time: 1.6274161338806152
train loss
1.3849919795989991
time: 1.6297202110290527
train loss
1.3828260064125062
time: 1.6285264492034912
train loss
1.3815561771392821
time: 1.6303420066833496
train loss
1.3792025566101074
time: 1.6295578479766846
train loss
1.3767570972442627
time: 1.6305651664733887
train loss
1.374964213371277
test loss
1.0635683298110963
inf
time: 1.6385388374328613
train loss
1.3731602072715758
time: 1.6304643154144287
train loss
1.3749340057373047
time: 1.628209114074707
train loss
1.3761159181594849
time: 1.6316006183624268
train loss
1.3781445503234864
time: 1.6323482990264893
train loss
1.3793582320213318
time: 1.6304538249969482
train loss
1.3784552454948424
time: 1.6289217472076416
train loss
1.3803322911262512
time: 1.6284856796264648
train loss
1.380636465549469
time: 1.6411097049713135
train loss
1.3814392328262328
time: 1.6418187618255615
train loss
1.3792524218559266
test loss
1.0692145824432373
inf
time: 1.6406216621398926
train loss
1.3790164828300475
time: 1.6418280601501465
train loss
1.376715099811554
time: 1.642554521560669
train loss
1.3730823636054992
time: 1.642927885055542
train loss
1.376839518547058
time: 1.6421539783477783
train loss
1.3818989992141724
time: 1.6427791118621826
train loss
1.3886197566986085
time: 1.639517068862915
train loss
1.3937780499458312
time: 1.632002353668213
train loss
1.397614324092865
time: 1.6318461894989014
train loss
1.4005229473114014
time: 1.6305437088012695
train loss
1.3989446759223938
test loss
1.0887596130371093
inf
time: 1.6391124725341797
train loss
1.3989527106285096
time: 1.6372997760772705
train loss
1.3995754837989807
time: 1.6288492679595947
train loss
1.4014087438583374
time: 1.6296045780181885
train loss
1.4039510488510132
time: 1.6305632591247559
train loss
1.409234642982483
time: 1.6291706562042236
train loss
1.409936261177063
time: 1.6306297779083252
train loss
1.4127299666404725
time: 1.6278698444366455
train loss
1.4205206990242005
time: 1.6296367645263672
train loss
1.4230079770088195
time: 1.6324143409729004
train loss
1.4233784437179566
test loss
1.1143539190292358
inf
time: 1.6342785358428955
train loss
1.4306808114051819
time: 1.6295232772827148
train loss
1.4353584408760072
time: 1.6282508373260498
train loss
1.4388373851776124
time: 1.6360805034637451
train loss
1.4389341235160829
time: 1.6287386417388916
train loss
1.4423086881637572
time: 1.6289756298065186
train loss
1.4492373824119569
time: 1.6299514770507812
train loss
1.4534005403518677
time: 1.627892017364502
train loss
1.4559110641479491
time: 1.6285903453826904
train loss
1.4597896218299866
time: 1.6271214485168457
train loss
1.4630812048912047
test loss
1.1538763999938966
inf
time: 1.6380009651184082
train loss
1.4630701184272765
time: 1.6260654926300049
train loss
1.4629756927490234
time: 1.6320021152496338
train loss
1.4620065450668336
time: 1.6266117095947266
train loss
1.4609277963638305
time: 1.627544641494751
train loss
1.4591932773590088
time: 1.6278705596923828
train loss
1.4573801398277282
time: 1.6292321681976318
train loss
1.4583402156829834
time: 1.6318068504333496
train loss
1.4562968373298646
time: 1.6287596225738525
train loss
1.4557590007781982
time: 1.6283795833587646
train loss
1.4564064025878907
test loss
1.144393229484558
inf
time: 1.6349892616271973
train loss
1.4524838089942933
time: 1.6260395050048828
train loss
1.4499546885490417
time: 1.6281757354736328
train loss
1.450068473815918
time: 1.6284093856811523
train loss
1.4509437441825868
time: 1.6273651123046875
train loss
1.4499834656715394
time: 1.6283395290374756
train loss
1.452324891090393
time: 1.627518653869629
train loss
1.4560823321342469
time: 1.6261932849884033
train loss
1.45847886800766
time: 1.6246213912963867
train loss
1.4577865719795227
time: 1.6281108856201172
train loss
1.4607459545135497
test loss
1.1519128561019898
inf
time: 1.6377232074737549
train loss
1.465217912197113
time: 1.627826452255249
train loss
1.472858715057373
time: 1.6263000965118408
train loss
1.477944028377533
time: 1.6280782222747803
train loss
1.4752461075782777
time: 1.628610372543335
train loss
1.4720779657363892
time: 1.6305053234100342
train loss
1.4688103199005127
time: 1.6275110244750977
train loss
1.4698760509490967
time: 1.6268062591552734
train loss
1.468166673183441
time: 1.627840280532837
train loss
1.4663890719413757
time: 1.6288809776306152
train loss
1.461964523792267
test loss
1.14911630153656
inf
time: 1.6326658725738525
train loss
1.4601661443710328
time: 1.626127004623413
train loss
1.4583633661270141
time: 1.6250112056732178
train loss
1.4601721286773681
time: 1.6274771690368652
train loss
1.4626201391220093
time: 1.629927635192871
train loss
1.461977767944336
time: 1.6270027160644531
train loss
1.460044836997986
time: 1.6302063465118408
train loss
1.457397711277008
time: 1.6301147937774658
train loss
1.4560025691986085
time: 1.6292195320129395
train loss
1.4553738117218018
time: 1.6284515857696533
train loss
1.454945170879364
test loss
1.1434273719787598
inf
time: 1.6367065906524658
train loss
1.455012857913971
time: 1.628873348236084
train loss
1.4570309400558472
time: 1.6293890476226807
train loss
1.4587398886680603
time: 1.628697156906128
train loss
1.4569291830062867
time: 1.62953519821167
train loss
1.455086898803711
time: 1.6287047863006592
train loss
1.4534581184387207
time: 1.6367740631103516
train loss
1.4515920281410217
time: 1.6270122528076172
train loss
1.4522672176361084
time: 1.6324565410614014
train loss
1.4545070290565492
time: 1.6291325092315674
train loss
1.4524548053741455
test loss
1.1407145500183105
inf
time: 1.6335389614105225
train loss
1.450299334526062
time: 1.6269574165344238
train loss
1.4480530977249146
time: 1.6291556358337402
train loss
1.4462234854698182
time: 1.628636360168457
train loss
1.4477705121040345
time: 1.6285321712493896
train loss
1.4445353269577026
time: 1.6275818347930908
train loss
1.4422610759735108
time: 1.626779317855835
train loss
1.4455394864082336
time: 1.6279065608978271
train loss
1.445894992351532
time: 1.6289856433868408
train loss
1.441003179550171
time: 1.6287732124328613
train loss
1.4376235127449035
test loss
1.1251349687576293
inf
time: 1.636474609375
train loss
1.436664891242981
time: 1.6275243759155273
train loss
1.4371825933456421
time: 1.6285560131072998
train loss
1.4353755593299866
time: 1.6286203861236572
train loss
1.4377125024795532
time: 1.6291546821594238
train loss
1.43893563747406
time: 1.6317436695098877
train loss
1.4418616890907288
time: 1.6295886039733887
train loss
1.4437751412391662
time: 1.6271452903747559
train loss
1.448187780380249
time: 1.6293160915374756
train loss
1.446555995941162
time: 1.6287951469421387
train loss
1.4452178716659545
test loss
1.1344580411911012
inf
time: 1.633707046508789
train loss
1.4466681838035584
time: 1.6291630268096924
train loss
1.445191204547882
time: 1.629300594329834
train loss
1.442785120010376
time: 1.6302740573883057
train loss
1.4424660682678223
time: 1.625859260559082
train loss
1.4416889548301697
time: 1.6285724639892578
train loss
1.4401470065116881
time: 1.6279301643371582
train loss
1.4441645741462708
time: 1.6300561428070068
train loss
1.4479970455169677
time: 1.6282572746276855
train loss
1.4553908109664917
time: 1.639181137084961
train loss
1.459168839454651
test loss
1.1474522352218628
inf
time: 1.647758960723877
train loss
1.4610726356506347
time: 1.6391892433166504
train loss
1.4635083198547363
time: 1.6409132480621338
train loss
1.4629871487617492
time: 1.6398251056671143
train loss
1.4646245002746583
time: 1.6370067596435547
train loss
1.4664028882980347
time: 1.6416511535644531
train loss
1.466678547859192
time: 1.640096664428711
train loss
1.4633344650268554
time: 1.6421904563903809
train loss
1.4595081210136414
time: 1.6414251327514648
train loss
1.4603497385978699
time: 1.640122652053833
train loss
1.4617416501045226
test loss
1.149194884300232
inf
time: 1.64493727684021
train loss
1.4598854780197144
time: 1.6407997608184814
train loss
1.4582550048828125
time: 1.6390979290008545
train loss
1.459626042842865
time: 1.644157886505127
train loss
1.4600792050361633
time: 1.6407408714294434
train loss
1.4620441436767577
time: 1.6415412425994873
train loss
1.4665207028388978
time: 1.639986276626587
train loss
1.4742348313331604
time: 1.6405997276306152
train loss
1.4802382230758666
time: 1.6461148262023926
train loss
1.482233476638794
time: 1.6435801982879639
train loss
1.4824578166007996
test loss
1.1719851732254027
inf
time: 1.6448979377746582
train loss
1.4787499904632568
time: 1.6424946784973145
train loss
1.475258755683899
time: 1.6461563110351562
train loss
1.4800813317298889
time: 1.6413276195526123
train loss
1.4854369282722473
time: 1.641547441482544
train loss
1.4888128638267517
time: 1.6394991874694824
train loss
1.487682545185089
time: 1.6307427883148193
train loss
1.4900338411331178
time: 1.630983591079712
train loss
1.4899837255477906
time: 1.629756212234497
train loss
1.4904952645301819
time: 1.6302852630615234
train loss
1.4904364705085755
test loss
1.1790603399276733
inf
time: 1.6405632495880127
train loss
1.4910136580467224
time: 1.6311497688293457
train loss
1.4878120422363281
time: 1.6279404163360596
train loss
1.4862197995185853
time: 1.630631446838379
train loss
1.487110447883606
time: 1.6296393871307373
train loss
1.4870022773742675
time: 1.6296088695526123
train loss
1.481584405899048
time: 1.6308393478393555
train loss
1.4755220651626586
time: 1.630857229232788
train loss
1.4694993257522584
time: 1.6330292224884033
train loss
1.4658947587013245
time: 1.63313627243042
train loss
1.4630013227462768
test loss
1.1514071941375732
inf
time: 1.63065505027771
train loss
1.460577380657196
time: 1.631424903869629
train loss
1.4575144529342652
time: 1.6289937496185303
train loss
1.4620556712150574
time: 1.6357262134552002
train loss
1.4714472055435182
time: 1.6322028636932373
train loss
1.474772846698761
time: 1.6362392902374268
train loss
1.4773103833198546
time: 1.6308929920196533
train loss
1.4761425375938415
time: 1.6304316520690918
train loss
1.478432869911194
time: 1.6295299530029297
train loss
1.4783537268638611
time: 1.630270004272461
train loss
1.473685586452484
test loss
1.1603352069854735
inf
time: 1.637681484222412
train loss
1.4683550119400024
time: 1.630573034286499
train loss
1.4665252566337585
time: 1.6291613578796387
train loss
1.465751588344574
time: 1.631209373474121
train loss
1.4640116572380066
time: 1.6318459510803223
train loss
1.465016531944275
time: 1.6282010078430176
train loss
1.465876841545105
time: 1.6310012340545654
train loss
1.4651801586151123
time: 1.632417917251587
train loss
1.4649157643318176
time: 1.6296930313110352
train loss
1.4673814058303833
time: 1.6317613124847412
train loss
1.4693972945213318
test loss
1.1628852367401123
inf
time: 1.6398777961730957
train loss
1.4706289529800416
time: 1.6303465366363525
train loss
1.4701477527618407
time: 1.629225492477417
train loss
1.470755112171173
time: 1.6262152194976807
train loss
1.468522882461548
time: 1.6280882358551025
train loss
1.4657779097557069
time: 1.638033390045166
train loss
1.4643465399742126
time: 1.6427395343780518
train loss
1.4663987636566163
time: 1.6397459506988525
train loss
1.4703832030296327
time: 1.6413490772247314
train loss
1.4689460277557373
time: 1.6433663368225098
train loss
1.4692319750785827
test loss
1.1573901414871215
inf
time: 1.6457347869873047
train loss
1.4664264917373657
time: 1.643183708190918
train loss
1.46608008146286
time: 1.6402194499969482
train loss
1.4621590733528138
time: 1.6281726360321045
train loss
1.4585115432739257
time: 1.6273047924041748
train loss
1.4567620992660522
time: 1.6292154788970947
train loss
1.4540763258934022
time: 1.6296062469482422
train loss
1.4519790887832642
time: 1.6301896572113037
train loss
1.4536101460456847
time: 1.629112958908081
train loss
1.4538812518119812
time: 1.6292219161987305
train loss
1.4521777868270873
test loss
1.1416748285293579
inf
time: 1.6351041793823242
train loss
1.452694582939148
time: 1.6316099166870117
train loss
1.4548922896385192
time: 1.6385650634765625
train loss
1.4556861400604248
time: 1.6401333808898926
train loss
1.4573018431663514
time: 1.6347706317901611
train loss
1.453451681137085
time: 1.6316092014312744
train loss
1.4531180024147035
time: 1.6289105415344238
train loss
1.4516099691390991
time: 1.640181303024292
train loss
1.4505017161369325
time: 1.6424894332885742
train loss
1.4503183841705323
time: 1.6398749351501465
train loss
1.4514285922050476
test loss
1.1417565107345582
inf
time: 1.6459391117095947
train loss
1.4568416953086853
time: 1.6338531970977783
train loss
1.459289312362671
time: 1.6298251152038574
train loss
1.4596432089805602
time: 1.6271381378173828
train loss
1.4594773054122925
time: 1.629810094833374
train loss
1.4605063796043396
time: 1.6342337131500244
train loss
1.4615761280059814
time: 1.6341478824615479
train loss
1.4598867416381835
time: 1.6382644176483154
train loss
1.455509352684021
time: 1.6355884075164795
train loss
1.453402614593506
time: 1.6376161575317383
train loss
1.4495115399360656
test loss
1.1362496614456177
inf
time: 1.6357500553131104
train loss
1.445398712158203
time: 1.6294972896575928
train loss
1.4433668494224547
time: 1.6318838596343994
train loss
1.4427619099617004
time: 1.6295528411865234
train loss
1.4431288957595825
time: 1.6332433223724365
train loss
1.4460245847702027
time: 1.6288082599639893
train loss
1.448982584476471
time: 1.6278979778289795
train loss
1.4521233081817626
time: 1.6296889781951904
train loss
1.454648232460022
time: 1.6303596496582031
train loss
1.4590144634246827
time: 1.629084587097168
train loss
1.4611314058303833
test loss
1.149932289123535
inf
time: 1.6369233131408691
train loss
1.4616068243980407
time: 1.6292107105255127
train loss
1.4647872924804688
time: 1.6280429363250732
train loss
1.465599250793457
time: 1.6286587715148926
train loss
1.46565443277359
time: 1.6292023658752441
train loss
1.4669384002685546
time: 1.6361098289489746
train loss
1.4673765301704407
time: 1.639524221420288
train loss
1.4649044394493103
time: 1.639892339706421
train loss
1.465996551513672
time: 1.6413254737854004
train loss
1.4728731870651246
time: 1.6420800685882568
train loss
1.4778807878494262
test loss
1.170025610923767
inf
time: 1.6405408382415771
train loss
1.4811235308647155
time: 1.6365232467651367
train loss
1.4835315942764282
time: 1.6280441284179688
train loss
1.4847329258918762
time: 1.6303184032440186
train loss
1.4846920371055603
time: 1.6293468475341797
train loss
1.4871230363845824
time: 1.6289050579071045
train loss
1.489275085926056
time: 1.6303436756134033
train loss
1.4899494528770447
time: 1.6282520294189453
train loss
1.4912222385406495
time: 1.631159782409668
train loss
1.495656931400299
time: 1.6365554332733154
train loss
1.4992717862129212
test loss
1.1876130819320678
inf
time: 1.6388845443725586
train loss
1.4988259553909302
time: 1.6308481693267822
train loss
1.500196921825409
time: 1.6302776336669922
train loss
1.5017897009849548
time: 1.630478858947754
train loss
1.5076969027519227
time: 1.632591724395752
train loss
1.5102564454078675
time: 1.6294410228729248
train loss
1.5121326088905334
time: 1.6295990943908691
train loss
1.5136658668518066
time: 1.6282174587249756
train loss
1.5125995755195618
time: 1.6384541988372803
train loss
1.5145312666893005
time: 1.6317646503448486
train loss
1.5148490786552429
test loss
1.2019529342651367
inf
time: 1.6294200420379639
train loss
1.5126096487045289
time: 1.6314351558685303
train loss
1.510598361492157
time: 1.6300811767578125
train loss
1.5119744539260864
time: 1.6301531791687012
train loss
1.5123972296714783
time: 1.629450798034668
train loss
1.5126574277877807
time: 1.6357810497283936
train loss
1.5127873778343202
time: 1.633462905883789
train loss
1.5124199390411377
time: 1.632737398147583
train loss
1.5094072699546814
time: 1.6317002773284912
train loss
1.5058661103248596
time: 1.629509449005127
train loss
1.5014256715774537
test loss
1.1868752717971802
inf
time: 1.6307847499847412
train loss
1.499493372440338
time: 1.6331079006195068
train loss
1.496698808670044
time: 1.6320526599884033
train loss
1.4934865593910218
time: 1.6286325454711914
train loss
1.489160966873169
time: 1.631096601486206
train loss
1.4831816911697389
time: 1.6298534870147705
train loss
1.4825766444206239
time: 1.6316637992858887
train loss
1.4844691514968873
time: 1.6309857368469238
train loss
1.4888847589492797
time: 1.631331443786621
train loss
1.487728202342987
time: 1.6327223777770996
train loss
1.4872263431549073
test loss
1.1766530990600585
inf
time: 1.6399250030517578
train loss
1.4854029893875123
time: 1.6273200511932373
train loss
1.4830237865447997
time: 1.6279411315917969
train loss
1.4804610371589662
time: 1.6317105293273926
train loss
1.4756022095680237
time: 1.6278669834136963
train loss
1.4756343960762024
time: 1.6279199123382568
train loss
1.477970004081726
time: 1.6295361518859863
train loss
1.4835206627845765
time: 1.6319775581359863
train loss
1.486831498146057
time: 1.628495693206787
train loss
1.486545991897583
time: 1.630662202835083
train loss
1.4879223227500915
test loss
1.1761003732681274
inf
time: 1.6309456825256348
train loss
1.4874136447906494
time: 1.6294028759002686
train loss
1.4832818627357482
time: 1.6301944255828857
train loss
1.4869131684303283
time: 1.6322486400604248
train loss
1.4887153506278992
time: 1.6297497749328613
train loss
1.4870309472084045
time: 1.6282758712768555
train loss
1.487089955806732
time: 1.6321377754211426
train loss
1.495257353782654
time: 1.6419994831085205
train loss
1.5044726610183716
time: 1.642357587814331
train loss
1.5124428272247314
time: 1.6428794860839844
train loss
1.5106932520866394
test loss
1.1991023302078248
inf
time: 1.645632028579712
train loss
1.5089991569519043
time: 1.6454403400421143
train loss
1.5078832983970643
time: 1.6391565799713135
train loss
1.50718252658844
time: 1.6424427032470703
train loss
1.5062434554100037
time: 1.6416082382202148
train loss
1.5072569012641908
time: 1.6427385807037354
train loss
1.5051014065742492
time: 1.6417701244354248
train loss
1.50357027053833
time: 1.6391093730926514
train loss
1.4991645812988281
time: 1.6391775608062744
train loss
1.4993462562561035
time: 1.6425905227661133
train loss
1.501998233795166
test loss
1.1927300453186036
inf
time: 1.6531243324279785
train loss
1.5060454607009888
time: 1.643097162246704
train loss
1.5065367221832275
time: 1.6425254344940186
train loss
1.507656729221344
time: 1.6419014930725098
train loss
1.5121270060539245
time: 1.6432499885559082
train loss
1.5144186735153198
time: 1.640456199645996
train loss
1.5136878728866576
time: 1.6392958164215088
train loss
1.5104454159736633
time: 1.6419708728790283
train loss
1.512222373485565
time: 1.6423914432525635
train loss
1.5140442609786988
time: 1.6449556350708008
train loss
1.5136619687080384
test loss
1.201968216896057
inf
time: 1.6503992080688477
train loss
1.512916874885559
time: 1.6438896656036377
train loss
1.5103010296821595
time: 1.6427628993988037
train loss
1.5077544569969177
time: 1.6451101303100586
train loss
1.5088667154312134
time: 1.651118516921997
train loss
1.5083670377731324
time: 1.6419293880462646
train loss
1.5070266485214234
time: 1.6412920951843262
train loss
1.5045358300209046
time: 1.6447868347167969
train loss
1.5031761169433593
time: 1.640885591506958
train loss
1.501540756225586
time: 1.6339619159698486
train loss
1.5019069075584413
test loss
1.1948273420333861
inf
time: 1.6382102966308594
train loss
1.5110089659690857
time: 1.6296207904815674
train loss
1.5177270770072937
time: 1.6268749237060547
train loss
1.5233844757080077
time: 1.6275475025177002
train loss
1.5257628321647645
time: 1.6304287910461426
train loss
1.525552475452423
time: 1.629204511642456
train loss
1.5246421337127685
time: 1.628324031829834
train loss
1.521003496646881
time: 1.627690076828003
train loss
1.5172589540481567
time: 1.6268973350524902
train loss
1.513789415359497
time: 1.6300134658813477
train loss
1.5070720076560975
test loss
1.1956811666488647
inf
time: 1.6307425498962402
train loss
1.5075075149536132
time: 1.6306471824645996
train loss
1.5047112584114075
time: 1.6336348056793213
train loss
1.5037349939346314
time: 1.6286451816558838
train loss
1.5039240956306457
time: 1.631983757019043
train loss
1.5059730648994445
time: 1.6298601627349854
train loss
1.5070931911468506
time: 1.6327345371246338
train loss
1.5071982383728026
time: 1.6302852630615234
train loss
1.5057494044303894
time: 1.6339421272277832
train loss
1.5038338899612427
time: 1.6417973041534424
train loss
1.5020331978797912
test loss
1.1891745805740357
inf
time: 1.6498324871063232
train loss
1.5013696432113648
time: 1.6400673389434814
train loss
1.4996734380722045
time: 1.6413114070892334
train loss
1.4976614832878112
time: 1.6433029174804688
train loss
1.496824026107788
time: 1.6425902843475342
train loss
1.4976951718330382
time: 1.6435165405273438
train loss
1.4943703174591065
time: 1.6423375606536865
train loss
1.4918521046638489
time: 1.6425580978393555
train loss
1.4900964379310608
time: 1.645484209060669
train loss
1.4852108836174012
time: 1.646287202835083
train loss
1.4804242134094239
test loss
1.1678321361541748
inf
time: 1.6444971561431885
train loss
1.4825308680534364
time: 1.632516622543335
train loss
1.4843217134475708
time: 1.6300241947174072
train loss
1.4830295085906982
time: 1.6297435760498047
train loss
1.4821202635765076
time: 1.6267573833465576
train loss
1.480924367904663
time: 1.6275179386138916
train loss
1.481930708885193
time: 1.628511667251587
train loss
1.481467366218567
time: 1.6314265727996826
train loss
1.4864593744277954
time: 1.6267240047454834
train loss
1.4914274096488953
time: 1.6292295455932617
train loss
1.4950567126274108
test loss
1.183911681175232
inf
time: 1.6377944946289062
train loss
1.4966239929199219
time: 1.6289563179016113
train loss
1.496967113018036
time: 1.628891944885254
train loss
1.49527006149292
time: 1.6284997463226318
train loss
1.4937542915344237
time: 1.629117727279663
train loss
1.4939542174339295
time: 1.6285004615783691
train loss
1.494877851009369
time: 1.6336688995361328
train loss
1.4939614534378052
time: 1.6331522464752197
train loss
1.4947544097900392
time: 1.6322877407073975
train loss
1.4983051061630248
time: 1.6313965320587158
train loss
1.5009544610977172
test loss
1.190363311767578
inf
time: 1.6318321228027344
train loss
1.5034890532493592
time: 1.6324751377105713
train loss
1.503141176700592
time: 1.6334786415100098
train loss
1.5079574227333068
time: 1.6323156356811523
train loss
1.5104735374450684
time: 1.6333441734313965
train loss
1.5168326020240783
time: 1.6325809955596924
train loss
1.5215580582618713
time: 1.6302800178527832
train loss
1.5255301356315614
time: 1.6306066513061523
train loss
1.5250811934471131
time: 1.6317670345306396
train loss
1.5278509497642516
time: 1.6320891380310059
train loss
1.528621530532837
test loss
1.2161256551742554
inf
time: 1.6370244026184082
train loss
1.5294766187667848
time: 1.6311028003692627
train loss
1.5240025281906129
time: 1.6353137493133545
train loss
1.5219237327575683
time: 1.631009578704834
train loss
1.5210080862045288
time: 1.6282711029052734
train loss
1.5226541876792907
time: 1.6275074481964111
train loss
1.524625551700592
time: 1.6287577152252197
train loss
1.5293256878852843
time: 1.6287460327148438
train loss
1.5335726261138916
time: 1.6288247108459473
train loss
1.5342833280563355
time: 1.633315086364746
train loss
1.5356662154197693
test loss
1.2230133771896363
inf
time: 1.6364843845367432
train loss
1.5369481801986695
time: 1.6320915222167969
train loss
1.540831243991852
time: 1.6306631565093994
train loss
1.5451640248298646
time: 1.6314148902893066
train loss
1.547675907611847
time: 1.630476713180542
train loss
1.5471487879753112
time: 1.6297214031219482
train loss
1.5444565892219544
time: 1.6300766468048096
train loss
1.5351012468338012
time: 1.633082628250122
train loss
1.5250076293945312
time: 1.6310667991638184
train loss
1.5241400957107545
time: 1.6335251331329346
train loss
1.5208726286888123
test loss
1.2073230266571044
inf
time: 1.6309030055999756
train loss
1.5187089443206787
time: 1.6301922798156738
train loss
1.5166865944862367
time: 1.630521297454834
train loss
1.514451003074646
time: 1.6315195560455322
train loss
1.5112846970558167
time: 1.6309430599212646
train loss
1.506982696056366
time: 1.6324870586395264
train loss
1.5067920565605164
time: 1.633901834487915
train loss
1.5052106976509094
time: 1.6313815116882324
train loss
1.5003660559654235
time: 1.6328063011169434
train loss
1.4953222393989563
time: 1.6316897869110107
train loss
1.4945363402366638
test loss
1.1857302904129028
inf
time: 1.634638786315918
train loss
1.4985114336013794
time: 1.6287600994110107
train loss
1.500555694103241
time: 1.6317484378814697
train loss
1.4985826015472412
time: 1.6336750984191895
train loss
1.4962079405784607
time: 1.6312904357910156
train loss
1.4943764567375184
time: 1.6330583095550537
train loss
1.4954312086105346
time: 1.6327521800994873
train loss
1.493196177482605
time: 1.6345524787902832
train loss
1.4932379603385926
time: 1.6348328590393066
train loss
1.4917010068893433
time: 1.6318747997283936
train loss
1.489780879020691
test loss
1.176132369041443
inf
time: 1.6322150230407715
train loss
1.4860849022865295
time: 1.632016658782959
train loss
1.4871721863746643
time: 1.6304807662963867
train loss
1.484963059425354
time: 1.630784273147583
train loss
1.4792765378952026
time: 1.633239984512329
train loss
1.4787508606910706
time: 1.6342380046844482
train loss
1.4764853715896606
time: 1.6318204402923584
train loss
1.4773284792900085
time: 1.6302156448364258
train loss
1.4782610416412354
time: 1.6309127807617188
train loss
1.480816662311554
time: 1.6362521648406982
train loss
1.4834970235824585
test loss
1.1730100154876708
inf
time: 1.6410160064697266
train loss
1.4870020508766175
time: 1.6428189277648926
train loss
1.491086208820343
time: 1.6429500579833984
train loss
1.4957584023475647
time: 1.6412551403045654
train loss
1.4968434810638427
time: 1.6300978660583496
train loss
1.4945571541786193
time: 1.630375623703003
train loss
1.4928335785865783
time: 1.6331841945648193
train loss
1.4911546468734742
time: 1.6296560764312744
train loss
1.4904659748077393
time: 1.6315274238586426
train loss
1.487325620651245
time: 1.6304762363433838
train loss
1.4909065008163451
test loss
1.1812732458114623
inf
time: 1.6394553184509277
train loss
1.4933485746383668
time: 1.628216028213501
train loss
1.4919929027557373
time: 1.631190538406372
train loss
1.4939900517463685
time: 1.6338436603546143
train loss
1.49626168012619
time: 1.6278650760650635
train loss
1.497035312652588
time: 1.6299936771392822
train loss
1.4942816734313964
time: 1.6326017379760742
train loss
1.4953233122825622
time: 1.6317172050476074
train loss
1.495729100704193
time: 1.633594036102295
train loss
1.4949395298957824
time: 1.6334304809570312
train loss
1.4925391316413879
test loss
1.1790942192077636
inf
time: 1.6400234699249268
train loss
1.4911747097969055
time: 1.6313807964324951
train loss
1.4931711316108705
time: 1.630600929260254
train loss
1.495973324775696
time: 1.6286983489990234
train loss
1.4935316085815429
time: 1.6318249702453613
train loss
1.4919578671455382
time: 1.6311366558074951
train loss
1.4902967095375061
time: 1.632629156112671
train loss
1.4939929366111755
time: 1.6295816898345947
train loss
1.5000860452651978
time: 1.6323723793029785
train loss
1.494416880607605
time: 1.6313750743865967
train loss
1.4923364162445067
test loss
1.1800715446472168
inf
time: 1.6385879516601562
train loss
1.4918953776359558
time: 1.631561517715454
train loss
1.4948138356208802
time: 1.6314561367034912
train loss
1.4942693710327148
time: 1.6324687004089355
train loss
1.4936793327331543
time: 1.629488468170166
train loss
1.4922930955886842
time: 1.6467947959899902
train loss
1.4906407833099364
time: 1.6428272724151611
train loss
1.4873303294181823
time: 1.6366603374481201
train loss
1.4888724088668823
time: 1.6338648796081543
train loss
1.4880183458328247
test loss
1.1742439270019531
inf
finish
wandb: - 0.014 MB of 0.014 MB uploadedwandb: \ 0.167 MB of 0.249 MB uploadedwandb: 
wandb: Run history:
wandb:  test_loss ▁▁▁▁▁▂▁▂▂▂▂▂▂▂▂▃▃▃▃▃▃▃▄▄▄▄▅▅▅▅▆▆▇▇▇▇████
wandb: train_loss ▂▁▁▂▂▃▂▂▃▃▃▃▃▃▃▃▄▃▄▃▄▄▄▄▅▅▅▅▅▆▆▆▇▇▇▇████
wandb: 
wandb: Run summary:
wandb:    results_dir /pscratch/sd/g/gzhao...
wandb:      test_loss 1.17424
wandb:  test_rel_loss inf
wandb:     train_loss 1.48802
wandb: train_rel_loss inf
wandb: 
wandb: 🚀 View run SOMA-inr_w030_ld256 at: https://wandb.ai/bnl-lemon/w0search/runs/51frurib
wandb: ⭐️ View project at: https://wandb.ai/bnl-lemon/w0search
wandb: Synced 6 W&B file(s), 0 media file(s), 0 artifact file(s) and 0 other file(s)
wandb: Find logs at: /pscratch/sd/g/gzhao27/INR/coral/wandb/wandb/run-20241211_061710-51frurib/logs
wandb: WARNING The new W&B backend becomes opt-out in version 0.18.0; try it out with `wandb.require("core")`! See https://wandb.me/wandb-core for more information.
